,HDFCBANK.NS,HDFCBANK.NS,HDFCBANK.NS,HDFCBANK.NS,HDFCBANK.NS,ITC.NS,ITC.NS,ITC.NS,ITC.NS,ITC.NS
,Open,High,Low,Close,Volume,Open,High,Low,Close,Volume
Date,,,,,,,,,,
2024-02-06,703.5285448598157,705.5482430083341,697.2259293320517,702.8228149414062,41075740,387.96484228867234,388.7583920360094,378.70657560411007,380.38189697265625,19487043
2024-02-07,707.1543478186637,707.5437201567751,694.330191039234,695.9362182617188,54837086,383.55612087505483,383.55612087505483,379.85281450031516,380.73455810546875,13376903
2024-02-08,695.8876252029665,700.3164537570308,681.6034099643059,682.844482421875,69106124,384.03849666697397,384.12800816758073,365.7765333782061,371.1029357910156,50039587
2024-02-09,677.5395933880455,688.2709787615526,675.0331498393979,683.1121215820312,56642124,367.11932249698526,379.74157904258544,365.77653649119355,371.953369140625,33527317
2024-02-12,681.1897546934406,688.0033555217624,673.2567528222265,676.4932250976562,34447812,373.7885122385735,374.1913565530827,363.4937816638938,364.2099304199219,11326971
2024-02-13,677.4421602188512,683.4770749934498,673.7433606505093,678.6588745117188,57580994,364.25467327388895,367.74593366409346,361.03197574005617,364.1203918457031,16207766
2024-02-14,669.6795681971766,677.2231970540489,663.6203545889955,673.597412109375,91320810,363.4490304322448,369.04399563612463,362.01670458696765,368.4173583984375,12618012
2024-02-15,674.0597534612269,688.903668609651,673.7433958465795,688.197998046875,41584944,369.7154093192213,371.10296536010526,360.8977455956946,361.56915283203125,21169031
2024-02-16,692.9918479710976,694.8412181662663,685.4725175238648,691.0451049804688,32175742,362.55384464630635,366.6269726665046,357.54074654679084,362.1957702636719,38963810
2024-02-19,695.4739454261017,695.4739454261017,688.7576582283627,689.682373046875,34451756,362.5538334149661,369.4915846526361,362.1957590434242,366.3583984375,17602580
2024-02-20,688.6603356526384,709.222808572302,687.102965017942,707.787109375,56133508,367.43267942532117,367.43267942532117,361.9272252317753,363.53857421875,14626643
2024-02-21,712.507885437546,712.507885437546,698.3939997287421,700.4137573242188,45893136,364.34419085928846,367.1193025930997,359.24158161687234,361.0767517089844,20162369
2024-02-22,689.9987587340186,695.3766603212918,687.2976289140083,690.8748168945312,50560882,364.2546993925409,371.64006498707033,361.166283065441,371.013427734375,19321180
2024-02-23,692.3348761341468,697.8587478235042,690.1204320838871,691.3858032226562,29833452,372.3114390234385,372.3114390234385,367.477392438148,368.2830810546875,11576964
2024-02-26,687.9546346452112,698.3210050066913,687.9546346452112,692.213134765625,23506870,368.0145200385987,369.7601503452562,364.6127709260232,366.31365966796875,8289561
2024-02-27,687.9546948776648,694.3545652339111,687.7113519923358,691.1668090820312,32087150,367.0298119400418,369.49159101888046,365.73176749593637,368.05926513671875,8083518
2024-02-28,691.1667470533215,693.1377886016653,683.3067606806109,685.9348754882812,25321986,368.05925560223767,369.1335070788597,364.1651791134282,365.5079650878906,8949664
2024-02-29,682.3820552900959,686.4215706434694,680.0459994144303,683.0147705078125,53295700,366.1345972319124,367.9697389838581,362.10621099325186,363.7175598144531,15468800
2024-03-01,681.360036052442,697.2989940386686,681.360036052442,696.3256225585938,34738898,366.04508647727596,369.8496514216038,364.7918120169836,366.5821838378906,12873024
2024-03-04,696.422958130924,699.3674307159147,693.186545384466,697.274658203125,35616474,369.0439721519782,369.67060934978923,365.6422233108164,366.2240905761719,7103794
2024-03-05,692.067075174591,702.2874750189414,691.8967470591605,701.2410888671875,37991672,366.7164994308714,368.2831068378252,361.61388961617246,363.58331298828125,10108373
2024-03-06,697.6883641851937,707.0813632922424,697.6883641851937,702.0928344726562,42409530,363.89662847613386,366.98504483260456,358.7045074023188,365.1051330566406,11534613
2024-03-07,703.5042650748312,706.205394802925,701.5088653436588,703.7962646484375,49348046,365.10512371335005,371.46100763953405,361.34530025763866,370.2077331542969,23907135
2024-03-11,695.9605773947812,703.7231908402335,692.553777365576,694.889892578125,50531094,373.11715357829127,374.4599396612226,365.2394317224076,366.4927062988281,18298683
2024-03-12,697.9073192338245,712.5078907659129,695.5955620745772,710.3421630859375,65418454,363.89660411866976,363.89660411866976,357.4959505214604,362.06146240234375,36226074
2024-03-13,713.2379447418698,716.2067158438075,705.7429725398497,710.755859375,63067454,389.4096888737355,392.0952609994141,377.0112531117893,378.17498779296875,105525827
2024-03-14,711.5831514808099,713.4812375965001,702.9201816497791,708.3466796875,52432158,377.72742035000414,380.9053484663616,374.19138945283163,375.66845703125,31949569
2024-03-15,705.6943406988961,710.2205419583659,701.9225261192986,706.9840698242188,143613804,373.47519557546644,383.6356443794862,371.7295653076996,375.1760559082031,76074975
2024-03-18,704.2342392927528,708.6144107880084,698.7833829737194,703.7719116210938,21437856,375.08656109013026,376.60839849305466,373.2066493049854,373.6990051269531,16547358
2024-03-19,698.6374048635253,706.8624060469253,698.6374048635253,705.3779907226562,36183594,374.1913725840706,375.57892859039265,365.86606491745584,366.6269836425781,21803126
2024-03-20,705.2320233558721,706.4973944482159,693.3568789456579,696.4716796875,43606094,367.02980631746095,372.9828459519357,366.62696200946334,372.1324157714844,20364534
2024-03-21,702.0927826471133,706.3026258563286,700.000069771983,703.6258544921875,28922860,375.0865757394108,377.7721478966098,372.5800265946558,377.10076904296875,19968509
2024-03-22,701.3141208411934,706.0593065998343,699.7323922549797,702.2144775390625,45980326,377.1007130617377,384.6203310083854,377.1007130617377,383.6803894042969,40358503
2024-03-26,694.5978614753975,699.8297331586394,692.1401341445468,693.7218627929688,56844290,380.9500748588195,384.2175424825222,380.9500748588195,382.8299865722656,10669833
2024-03-27,692.8214782766382,704.6965622791422,691.7020773602309,701.1680908203125,62168668,382.24811039415033,383.9489991957222,381.75575456584926,383.143310546875,12698464
2024-03-28,701.1681292352769,710.8045307526719,701.1681292352769,704.6723022460938,55592142,383.1433017081666,387.84306693740666,382.24810157609323,383.4566345214844,29009002
2024-04-01,709.5878149173326,717.2774734382766,708.4197572494843,715.67138671875,25199570,384.12803010538937,386.1422233976248,381.12912513629533,381.9795837402344,9743648
2024-04-02,713.0676337207477,727.5221766350272,712.1429189199621,720.367919921875,41225446,383.76991837937226,383.76991837937226,380.0996349174438,381.2186279296875,9194659
2024-04-03,716.450076374618,727.9115494819865,716.109420115624,721.414306640625,45584386,381.3529263895928,383.8594753883552,376.87695414075034,380.6367492675781,13152268
2024-04-04,731.9753490842609,744.62917825726,731.9753490842609,743.4611206054688,88935066,380.9500915414978,382.561440456257,375.89225185348187,378.44354248046875,19065447
2024-04-05,749.0093625181328,756.5529915753328,744.7022055513205,754.1439208984375,59055902,378.21973637562843,386.4555320406198,375.9369803377719,382.740478515625,16768902
2024-04-08,756.7720051664586,757.8914061879058,750.2504634550537,752.7081909179688,20482940,383.4118420076944,386.1869537423144,382.9194862197439,384.12799072265625,8844633
2024-04-09,756.7233110790663,756.7233110790663,749.6420692068525,753.6572265625,21884494,385.3365720410326,386.2765138011743,380.9501109606296,381.666259765625,6967273
2024-04-10,754.3142814277871,754.3142814277871,746.0649220391629,747.7196655273438,27807400,383.41183405015806,391.91619207059733,381.12907815086623,391.1552734375,14547618
2024-04-12,740.2490112702176,744.5561681914903,736.5745101656407,739.2512817382812,41084208,389.4096539174515,390.08106107425925,383.411844554351,385.023193359375,18785009
2024-04-15,728.8361984614614,734.8954117012732,726.1594270943376,727.4490966796875,23415248,383.14327835057276,384.17275985826257,378.5777948380354,381.26336669921875,9083087
2024-04-16,723.7016987771374,736.3068713842836,721.3899415012858,734.5304565429688,20744886,378.89109926093727,382.2480782730736,378.84635769841657,381.26336669921875,10357752
2024-04-18,734.7980983246009,739.2025682918519,725.6727413912242,727.4490966796875,34234884,381.35292440864043,382.1585846561629,373.87804738734405,374.9522705078125,22133191
2024-04-19,723.4827148610226,747.0382572891224,720.4165709168466,745.2619018554688,34576434,374.19133793331616,381.5767031798926,372.40096613233504,380.2339172363281,17221280
2024-04-22,757.9643557818745,757.9643557818745,734.0680986992392,735.9661254882812,42298438,382.24809683901475,382.7852225858655,378.9806575358475,380.7262878417969,7386048
2024-04-23,742.8284760660457,742.9257894510552,731.6103458842442,733.7274169921875,26827060,380.7262990993228,385.3812944719523,380.5472477213064,384.2175598144531,12484384
2024-04-24,737.3288649584306,740.613993564681,734.4331086916868,735.7227783203125,22441580,384.26227903854186,385.64983493071486,383.41184887787193,383.948974609375,6070285
2024-04-25,733.0704121681982,739.616311752735,733.0704121681982,735.260498046875,35445204,385.82888534668166,392.3637921214862,384.03848516029745,391.6924133300781,30337038
2024-04-26,739.6650141563123,743.6558134751455,732.729742335618,734.7981567382812,24854694,393.2142129703609,396.83975482059645,390.6629225550479,393.8856201171875,15342965
2024-04-29,737.3289207914913,746.7949349875348,733.216449914726,744.3858642578125,36093350,395.67604109637887,396.07885703437194,389.05159426034965,392.2742919921875,12075706
2024-04-30,744.2398024289921,749.2526892649995,737.2802320622603,739.8109741210938,52307382,393.84088171444273,394.3332375377621,389.49919080754,389.9915466308594,12528665
2024-05-02,740.7357142083232,748.0360004850149,739.9326708359107,745.7242431640625,33475006,390.3048759623476,396.2131457894124,389.27539438775926,392.9904479980469,24123523
2024-05-03,746.2108990812835,749.7880273318675,733.5327119903678,739.567626953125,31865242,393.93039811859694,393.93039811859694,386.14218854115893,390.7076721191406,23786388
2024-05-06,740.7357053714223,746.819277196089,738.3752913854279,741.0520629882812,28793396,392.0952475427761,394.2884921290817,387.93260805370363,389.1858825683594,10753860
2024-05-07,740.7113274497933,741.7334150168236,732.0483570497901,733.021728515625,28480602,391.11052780582645,399.25681198237896,389.5886904450738,394.1989440917969,26969062
2024-05-08,728.0574791574124,728.5441648774708,720.465193806477,721.5845947265625,41687862,395.00464621540885,398.09306260698986,392.27430420837044,394.7808532714844,10916481
2024-05-09,717.83709973452,723.5800151607533,703.4069152466064,704.4776000976562,46281278,393.9303849229235,395.2284008948065,378.98063186624165,380.5472106933594,24314298
2024-05-10,709.9042861034679,716.2929072582592,703.8856637079383,709.3616333007812,27276608,381.800495873466,390.6181585553969,381.800495873466,387.9325866699219,14524604
2024-05-13,706.4509373389452,720.1655815796556,705.6122976051453,717.9208984375,27047202,387.8430593472191,389.8125109477641,384.48608019612794,386.5898132324219,7584217
2024-05-14,716.4408878596623,722.9775322143812,715.4789152317669,720.7328491210938,25665142,385.38127935657843,387.88782832259807,383.6356490674802,384.6651306152344,11423749
2024-05-15,720.1161379403006,720.1161379403006,708.3255604595557,709.6575317382812,38931996,385.6050659023784,387.84305196048183,382.02429388367585,382.9642639160156,7856433
2024-05-16,713.3822271543565,721.5221990437014,708.1775543730138,720.3875122070312,34945236,384.93367347333725,387.2611709473564,378.57778988889186,386.231689453125,23911954
2024-05-17,713.4562165510583,724.210870736283,713.4562165510583,722.286865234375,20920190,387.08216474486596,391.64764839572535,383.9489785643487,390.57342529296875,11894830
2024-05-21,715.380219686854,725.0495080646152,715.380219686854,719.6722412109375,43769978,390.30487284063116,391.28958447059944,387.7983238293244,389.2306213378906,11175153
2024-05-22,719.2035821431577,723.0269026870767,714.4182889056816,719.8695678710938,39996278,391.51341679406215,395.6313151024026,389.7677862978235,393.7961730957031,11036895
2024-05-23,719.5982164877166,737.8514873644924,718.808897899437,736.3468017578125,40861920,395.13891666458176,398.2721029063194,390.79722586221516,395.0941467285156,27244733
2024-05-24,733.8308016870678,749.814758588212,733.0908042399884,748.4827270507812,31060206,394.78083588666976,396.0788519270615,389.67822648183704,390.48388671875,13252938
2024-05-27,751.5168000055969,762.1974428837648,749.3955099218479,753.6627807617188,29385440,392.81142470930064,392.90093621140824,385.56034049832,386.2764892578125,12282545
2024-05-28,754.8467837037828,757.7821433020647,752.2321619595608,755.0441284179688,27908904,386.81362516359485,387.17169955273744,383.3671059718784,384.03851318359375,9668761
2024-05-29,748.8774560751649,751.763434227272,740.6141508121484,744.0921630859375,35147706,380.905302219086,387.08216305407205,380.905302219086,385.78411865234375,10832067
2024-05-30,739.6027730570852,751.6400771573121,738.8381451452329,747.3234252929688,33755350,383.59092107640083,385.78413731361627,378.0854671434653,379.4282531738281,21314885
2024-05-31,749.370736784836,757.7573743920395,746.9040786650703,755.5620727539062,74079588,382.0242696364464,384.530818401841,379.7862837203888,381.7557067871094,29300711
2024-06-03,788.8373406823981,788.8373406823981,764.6640888415991,775.6160278320312,72637256,388.514477016602,389.3201656528504,383.725200249957,385.24700927734375,16116836
2024-06-04,768.1173430540747,769.1040063078372,717.304185485308,731.684814453125,89531240,388.3821867291733,388.655699869346,367.2764265123082,378.5358581542969,47791986
2024-06-05,737.062160780223,769.4000136473305,731.2901444599279,765.5520629882812,81631650,384.7353989949108,397.4991534256846,381.13421955458244,392.302490234375,28197030
2024-06-06,772.0147015010076,772.2859977724349,762.9867083301413,769.4493408203125,46422870,397.4991442097778,399.04900387392235,393.0318302625804,396.9521179199219,32318523
2024-06-07,770.1154063679018,781.6099978301712,765.6754214599775,776.183349609375,36712216,393.3053706719897,402.6502400373076,393.03185750810144,400.3710021972656,29543660
2024-06-10,776.5039961939522,779.7846636223554,768.4133453075493,770.2387084960938,22454058,401.14593572253284,402.05763661284067,397.36240447731143,398.3196716308594,11872688
2024-06-11,767.6240504407497,775.0240252200629,765.7493660748642,771.9653930664062,29545326,398.4108722591482,399.1402214325666,394.0803145887873,394.7640686035156,13158571
2024-06-12,776.9973227739393,783.5586575880445,772.7546827700062,776.5780029296875,39280436,392.5303996702627,396.04041761505835,392.2112913693166,394.1258544921875,10751658
2024-06-13,780.3273770852536,782.2760131134276,776.5040566032491,779.8340454101562,24120192,398.31966398522343,398.31966398522343,391.801059088471,392.302490234375,9641349
2024-06-14,781.4372796414563,788.8372538804852,778.3292663726063,787.80126953125,25540554,392.94069703100786,393.7612076303779,391.16289035572373,393.07745361328125,9572809
2024-06-18,787.8013228802739,794.5106212671108,784.1259659599784,793.1786499023438,32415714,394.7640665251691,395.8581191738071,390.38794261342787,390.8893737792969,14641141
2024-06-19,795.941305047812,823.8145435842582,791.3039754417663,817.869873046875,90131196,392.0289712461894,392.7127252199132,385.6926892817779,386.2397155761719,11329972
2024-06-20,823.7651872236406,829.5124525875813,814.983860042712,823.5431518554688,41408742,386.6044066765355,388.8380493170652,384.2795737201941,385.9206237792969,15147549
2024-06-21,825.2697933574087,825.2697933574087,810.6178682451445,821.7671508789062,51630776,387.47051347196447,387.74402663160475,381.5900672225091,382.54736328125,26176371
2024-06-24,812.5172157896385,826.3798229097616,811.9005512360641,825.0478515625,28544994,382.9120368199867,386.5132163607238,382.9120368199867,385.9206237792969,9723008
2024-06-25,824.4065232844747,847.025767804676,824.4065232844747,844.2631225585938,74521548,385.64711062040146,386.5588115186297,382.68411881899715,385.9206237792969,10655609
2024-06-26,842.5857736709851,844.041138181783,834.2731473521208,839.40380859375,47596666,385.6471083760463,388.74688563312844,384.7810026407644,386.5132141113281,11511714
2024-06-27,836.7397746618053,845.0770913433391,832.0531241260426,836.7644653320312,55074650,386.51322519909763,389.5218411214756,383.9149079187151,388.0175476074219,38438054
2024-06-28,837.4797542547091,841.9197388781129,828.3037980772367,830.6718139648438,26476046,387.92633089490505,390.20556859037987,386.1029580750864,387.37933349609375,18554411
2024-07-01,828.7971921822882,842.2651706437105,828.7971921822882,841.2291259765625,21187024,388.65574690083577,392.25692663084254,387.15142444784703,391.16290283203125,13391362
2024-07-02,846.0637432263002,855.8810546817267,840.0204307746837,853.7597045898438,45921690,392.0290008128207,392.6215934135948,385.2368534593977,387.9263610839844,11177863
2024-07-03,883.5570176331604,885.0370126375711,870.5577402219837,872.5310668945312,123217802,388.4733708395652,391.70987576739714,387.9263445272619,390.4790954589844,7435499
2024-07-04,868.1404005851939,868.1404005851939,850.9231133709549,852.0578002929688,45848658,392.0290086178741,393.3965455899561,389.339500939741,391.16290283203125,9478861
2024-07-05,831.2638253093144,831.2638253093144,810.1492067263514,813.0598754882812,82242548,391.1172932126966,395.67576888063064,389.84091771413347,395.356689453125,13427543
2024-07-08,811.678583484828,816.4391857049037,802.7246020410699,806.7698974609375,39087800,396.72422041086423,405.29414529158566,395.3566835098957,404.42803955078125,21311436
2024-07-09,801.6639054458949,812.3691778178521,799.369901303005,807.3372192382812,48550878,408.07479488064865,414.8213465379182,404.79269491641344,412.6332702636719,27489709
2024-07-10,804.1059188594888,809.0639261539534,799.5672916548901,802.2066040039062,45507182,413.6361603295421,415.1404827339749,407.0719599600082,411.5848693847656,12065662
2024-07-11,801.1458762280633,802.0832183690328,789.8239394111588,800.1345825195312,44177074,410.26287723172686,418.9239921454672,409.0776632126487,418.1490478515625,19556596
2024-07-12,800.1839277769812,808.2745787950348,794.8312914757237,800.5292358398438,56049960,418.1490888232711,422.34289011600674,415.59633769775616,418.5137634277344,19693114
2024-07-15,800.9239527377698,804.031966294815,796.8292758573642,800.2332763671875,33375694,418.5137615167691,425.2603139042144,416.82711619633983,422.4796447753906,16876907
2024-07-16,799.5673062806881,802.6506292263948,797.6186702674619,799.073974609375,28950324,422.5251950379047,425.5338109620082,420.6562269340028,424.43975830078125,13497253
2024-07-18,793.2772787604164,801.1458943462288,788.9113057816174,796.6319580078125,33717064,422.1149345797316,429.31732238979913,421.7958262702707,428.7247009277344,21907158
2024-07-19,797.2239682199486,800.6772898644657,791.0573224261681,792.9320068359375,26002152,429.4085144147223,437.06676765638366,427.94978712828953,432.64501953125,25939326
2024-07-22,797.7172520784763,814.4905276323838,795.5712715150735,810.3218994140625,53744822,432.6905848326919,437.11230375842484,424.71325270358847,425.3514404296875,18762384
2024-07-23,812.7885887086006,812.9119216218081,791.7973027922226,798.407958984375,52002152,425.3514491191427,453.4772470105013,425.21469253973703,448.7364196777344,56125835
2024-07-24,793.3513220807449,799.6906218755655,783.4353677463822,791.3286743164062,61728206,452.2008718247006,465.55721919731405,447.3233168036432,450.4230651855469,43693692
2024-07-25,785.8773432331659,801.6639565310072,785.8773432331659,797.5199584960938,25535732,446.7306858915952,452.20086227300567,441.8531309735649,446.68511962890625,18567567
2024-07-26,791.7972838101718,800.0605887969758,787.5792741911353,798.2846069335938,43810540,450.42305878672033,461.6824910433161,444.36028979426646,457.8533935546875,21534703
2024-07-29,796.7306475152811,805.0432741154053,788.4920327099303,791.822021484375,51001148,460.86194876499803,461.5001364515738,450.423027797638,452.2464294433594,12978187
2024-07-30,790.3172853310259,806.4738965011826,788.8372904146756,797.001953125,54595834,452.4744082624718,453.84194523349976,445.4999379265304,446.6395568847656,13891052
2024-07-31,796.237255579839,803.0945773220608,793.8692396532248,797.1005859375,37820484,448.9643943431692,453.97870625063285,447.1865875952009,451.6083068847656,11982586
2024-08-01,800.627938629233,814.0219048337823,798.1859108540549,808.471923828125,26215174,452.155294892808,452.88467297760064,447.59681911064166,450.10400390625,12114803
2024-08-02,804.6238722852388,824.1104712768188,804.6238722852388,818.5111694335938,44119238,441.9898988909283,455.3462174298525,441.9898988909283,445.9101867675781,22141163
2024-08-05,809.1131991555811,812.02386783421,789.8239443515008,797.1005859375,41333634,437.6593419676077,448.4629384481495,437.20347706841375,443.08392333984375,25022076
2024-08-06,804.1305829139676,805.5858871810888,786.0253355957136,789.922607421875,45116050,443.31185723274336,448.28060277815945,441.3061325083515,443.3574523925781,14251363
2024-08-07,797.7172336137804,804.130544706532,790.415901512036,800.9238891601562,42346264,446.730673221321,451.83617488506997,444.99846182580694,449.14666748046875,11320399
2024-08-08,801.1705962949537,815.6252376687839,798.8272709671206,810.3958740234375,33976950,450.3774947823807,454.02426944874264,449.00992900000904,451.0612487792969,21349889
2024-08-09,814.9838462106346,820.1885189537674,811.9252142176729,814.0958251953125,26644618,454.02427391323624,454.02427391323624,449.55695973352357,452.1097106933594,9556181
2024-08-12,814.9838840860709,826.7991529902637,812.6898798741655,818.9798583984375,39316196,448.5540699171389,455.8476188744987,448.5540699171389,450.9244689941406,9425644
2024-08-13,803.1438891669751,805.314560371115,789.8979470194763,790.9092407226562,54055042,452.15526355477385,453.8875038800431,445.13522751757506,446.7306823730469,8056478
2024-08-14,792.5372946697382,796.0892584565494,790.9092761384464,793.1786499023438,32334428,448.5085016768149,454.93597422607183,446.6395336172972,448.7364196777344,9609981
2024-08-16,803.3906439659711,806.1779800129083,794.757339532809,805.1666259765625,27849246,450.8333053480392,459.67674280573084,449.1466602411071,458.26361083984375,13643352
2024-08-19,807.9045746403995,807.9045746403995,801.0225621096914,804.895263671875,19502164,460.17823437491796,464.3264405075642,455.4830018883327,457.1696472167969,10591508
2024-08-20,802.8726105839366,812.0239372458545,802.8726105839366,807.9292602539062,31134494,456.7593562708698,458.9474326908904,453.7507692522604,454.7536315917969,6888634
2024-08-21,803.1932814957441,806.3753069063249,798.1120014172305,802.0586547851562,47630904,455.8476340497613,464.0529130177818,454.9815283328472,460.77081298828125,8801221
2024-08-22,805.1172807347715,808.2252943260683,803.1439540663039,804.77197265625,21300638,463.0044977969278,463.5970904163863,457.1696463469196,459.99591064453125,8686423
2024-08-23,806.1038926835937,806.1038926835937,800.6772446912317,801.6885986328125,20333422,460.45171515256504,462.18392662579055,455.80207815406663,461.135498046875,8195369
2024-08-26,805.2159251748899,812.9858989531632,805.2159251748899,809.0392456054688,22364266,461.31782468341106,463.1412264870548,457.67104997039354,461.0443115234375,8126402
2024-08-27,810.7412543536698,812.714580974844,805.2159036816922,807.9539184570312,35773244,462.73096622811397,462.7765613871338,455.84765750673535,456.3946838378906,8260450
2024-08-28,807.9539173658313,808.9405806750858,804.2292392849356,807.6332397460938,26921188,456.2123437617104,457.94458422323976,452.65675920109425,453.3861083984375,8081932
2024-08-29,810.0505418236547,811.2345497877237,804.6979056469421,808.3485717773438,49052604,454.02427560774544,462.86771368427515,453.4316541292554,460.497314453125,19389694
2024-08-30,816.9572296027775,819.9172195651064,799.7646332824804,807.5346069335938,445342100,457.6254612839912,464.1896905333773,456.0300063539427,457.57989501953125,15523349
2024-09-02,812.4185353190471,812.4185353190471,800.7758609185206,802.6258544921875,34049680,459.49445011058486,467.6085389871661,458.8562623710469,465.01019287109375,16497266
2024-09-03,806.1039427589494,809.0392420850643,801.466613051357,807.756591796875,37282860,465.0101951235504,470.3892102248928,463.0500656317912,464.4176025390625,12481552
2024-09-04,808.5705516272349,811.4318992052836,805.1172301742814,809.951904296875,24682744,455.8476475462073,465.0101939214988,455.8020812824538,461.6369323730469,8739052
2024-09-05,812.0238589250097,813.947864316631,810.0505324148638,811.7525024414062,22876318,463.4603086443522,466.6968425307686,462.27512346983656,466.05865478515625,11318636
2024-09-06,808.2252499925564,812.8872099026286,806.1532209716318,807.5592041015625,26029602,466.78798605768634,466.78798605768634,453.2493162323431,457.39752197265625,14245025
2024-09-09,808.0772497858858,813.2572321563082,804.1799176724811,812.2705688476562,23792914,457.67105577087847,467.38059970737794,456.16676226622855,466.5600891113281,14265060
2024-09-10,815.9705333718649,815.9705333718649,808.0772271240113,814.1698608398438,26606646,466.6968459549575,469.52308122545986,463.8249866314957,468.2467346191406,11332248
2024-09-11,814.1945707781381,815.2305552034559,808.6692201411954,810.9879150390625,22226684,467.69970063527967,473.6257131371341,466.7424045783741,468.93048095703125,15497555
2024-09-12,815.970556634334,823.8638631072175,812.541925723635,822.1865234375,32424046,469.61425271712204,474.5374027816373,463.6426451989518,473.6257019042969,19085324
2024-09-13,825.8371886289187,825.8371886289187,817.4752411837702,821.8658447265625,23860532,473.6257080193676,474.0815440167886,466.7879946924352,468.4746398925781,9165077
2024-09-16,822.383822656841,827.7118283198007,820.9285184448568,824.3324584960938,15172820,470.34362273274417,471.3464850740398,464.69112327323506,465.9674987792969,7821668
2024-09-17,827.8104775064535,827.8104775064535,820.9778464556504,823.2718505859375,20127122,465.9218864737128,468.20112423719047,461.5457337870447,462.9132995605469,10889862
2024-09-18,824.7764529489335,838.1210972952287,824.4064542356848,836.0984497070312,40917342,463.0044794093549,467.15268536936793,460.4973235485926,462.5486145019531,5638729
2024-09-19,838.2691083056365,848.0370989791965,838.2444778560398,842.8571166992188,30651776,464.96459551918156,469.34074825372676,462.685357730768,463.369140625,14461616
2024-09-20,846.8037464482039,860.8390072921377,842.3884524296358,858.989013671875,60623386,466.78799784894,471.6655817468218,463.14122316210313,468.97607421875,24725118
2024-09-23,862.8370939539058,871.3963864151646,858.5204418257773,868.1651000976562,26965350,469.9333359228278,473.58011056733517,468.24671962512645,471.3008728027344,8105508
2024-09-24,870.7303607683197,878.9443447710721,865.4270455398441,872.2350463867188,33039036,471.3464925584321,472.0758417465427,468.7481752404364,469.75103759765625,7015487
2024-09-25,868.3376691203036,882.0769427901153,868.3376691203036,877.686279296875,31965312,469.978932353214,473.44338416672934,467.061506850851,471.847900390625,8802667
2024-09-26,874.7017352717152,882.0770195965482,872.2350769395101,879.8323364257812,31899644,471.93907909068867,477.50044603773256,471.3464864947561,476.5887451171875,16086557
2024-09-27,876.6503084858455,877.2422823547212,863.3303544458242,864.6376953125,35613502,474.30950915137026,481.83097676370437,474.30950915137026,476.54315185546875,17916386
2024-09-30,862.738402689165,864.0456833682003,850.701098537286,854.47509765625,26383534,474.62860125985065,478.047458146118,468.65699327542035,472.39495849609375,10936940
2024-10-01,850.5037447767241,859.3837142697525,848.5797393423385,851.5890502929688,24572284,472.39496373878205,473.85366215719455,468.61143220996877,470.6171569824219,5285319
2024-10-03,846.3844351066934,851.5644172954591,825.5164827720641,829.7838134765625,48473398,463.6426448944806,470.161249819359,463.2323751658065,467.4717712402344,16481353
2024-10-04,826.083866681385,834.0511850540141,815.4772359655595,817.771240234375,48683232,464.9646155648812,471.6656015344404,457.260796130997,459.0841979980469,18930962
2024-10-07,815.0824984433904,818.4371776300311,795.7439225540929,798.1119384765625,94458296,462.2295469719965,469.47753046957075,462.00162895956305,465.14697265625,17114457
2024-10-08,804.1306032900168,817.3519158252083,800.1839500223357,814.5152587890625,29734406,464.964610200732,467.28944322025905,461.317835402975,463.09564208984375,9868331
2024-10-09,813.7505304861846,817.3271848335777,803.4892084079638,805.6845703125,41125642,464.7822693286866,464.7822693286866,447.2321211477684,448.28057861328125,24874940
2024-10-10,808.5705299330368,821.6191272702827,805.363874384187,820.114501953125,21754766,451.60828794604396,451.88180111030306,446.22927276700216,448.5997009277344,13292273
2024-10-11,821.1258260358886,821.1258260358886,810.6672193318118,814.4905395507812,23672594,449.4657827333566,450.33188844450945,444.3602809906422,445.0896301269531,14949380
2024-10-14,816.9819085005773,834.741848018609,815.9705545228965,832.7931518554688,18527508,447.64240464295625,454.9359830741221,445.4999233829581,453.0669860839844,6970606
2024-10-15,835.7038196244212,837.6771462351046,826.5771840500105,830.81982421875,19651130,454.0242951345452,455.3006706741215,450.8333562856044,454.5257263183594,8347216
2024-10-16,828.8465156450762,842.585790426718,828.8465156450762,838.565185546875,20470682,452.2008833474638,454.79922952979206,448.87318798542856,449.64813232421875,6939430
2024-10-17,836.1724403142362,837.5044718768119,821.4958240034423,825.4178466796875,14695732,451.2891822969338,451.2891822969338,444.9073336349127,445.72784423828125,7669729
2024-10-18,820.4598702584595,834.2238355924767,816.0198853262701,829.7098388671875,24809724,445.5910749882809,448.1438259382292,436.1550443992969,443.72210693359375,22616838
2024-10-21,846.063768270474,862.4177242903107,844.1151323678729,852.8223876953125,46548354,443.72210571019014,444.54264518224113,435.1977471460307,440.9414367675781,7680088
2024-10-22,853.4884373802005,858.3970631644344,843.9424218629189,845.841796875,38875280,440.94143646609285,445.27199403454927,438.34309036731116,439.2547912597656,12772970
2024-10-23,841.1551854708522,861.603759041874,841.1551854708522,856.3251342773438,38036090,438.52542336289616,440.62230932108713,437.1578865297917,437.9328308105469,10553961
2024-10-24,857.4597103207274,872.5310159915173,857.4597103207274,863.15771484375,30832258,439.43715647575334,439.80183106506763,428.4968032192426,430.04669189453125,13596626
2024-10-25,865.7970368926951,867.2030200365818,852.8223905419693,860.0744018554688,26130478,433.78462139783363,449.92163786751,432.3259230631333,439.7106628417969,32154050
2024-10-28,859.383716444917,863.8237012026692,852.9210840084185,855.5357055664062,22012142,439.3915531808061,442.9927616367931,433.96697181201,441.39727783203125,8946214
2024-10-29,851.5644426318723,870.2370336046123,851.0464203091243,864.2430419921875,35794926,442.1722173304157,446.00134374693727,438.7989558078247,444.8617248535156,7131161
2024-10-30,859.3836983279829,865.6736766021975,850.6023712370916,855.7330322265625,32715724,444.861729212034,449.6937179905663,443.5397585692342,448.1438293457031,6640080
2024-10-31,852.4771270596069,857.8544543150349,848.2344867353692,856.2757568359375,22895912,448.55411388015784,449.46581481275115,441.89872307707066,445.6366882324219,8111694
2024-11-01,854.9437133825962,860.4196824223525,851.5397130969706,857.0650634765625,1759692,447.6424297306747,448.6452921258455,446.09254097658436,447.0042419433594,1517892
2024-11-04,860.8637106769045,860.8637106769045,844.0411138190809,845.6197509765625,28089248,449.87601899719573,449.87601899719573,437.2034550817817,441.8075256347656,8754385
2024-11-05,840.1437747820238,869.5956493162819,837.6277954866241,867.2030029296875,44232406,440.30326795355165,442.21783124301106,434.8330912542778,437.7961120605469,7610046
2024-11-06,873.9369881601011,873.9369881601011,861.0363539084846,865.9203491210938,27787910,437.79609708104795,441.6252235289505,435.79037243527137,438.6166076660156,11749720
2024-11-07,860.5184217555121,868.7323455565536,857.4104082699865,861.62841796875,18895456,439.20920454261847,440.0753102371216,434.0581077425567,435.69915771484375,9267980
2024-11-08,864.3169963876733,869.15167034177,861.2829948869464,865.525634765625,19902986,435.6991809205033,438.2519318787487,432.69059396011545,435.8359375,6325023
2024-11-11,865.5750573030832,879.5116762015548,863.9223481240455,871.3717041015625,24565362,435.83593115318143,438.9812746472622,432.2347516635963,434.83306884765625,5700343
2024-11-12,874.1837241378527,875.6637191561447,842.931174712482,847.6424560546875,31395406,435.42568073005793,435.7447601410333,429.5452347095868,431.0951232910156,5236095
2024-11-13,846.9270867373347,853.1677439816382,825.3438276461692,829.463134765625,35728500,428.54240340663677,432.7817708396454,426.9013532883317,430.5025329589844,11548660
2024-11-14,825.39317914741,841.05645917869,824.8998474928816,835.087158203125,27146470,429.59086608166643,431.1863210595827,421.4311816574202,424.804443359375,12087836
2024-11-18,838.6637692715708,847.987749103584,836.1971111266544,841.1797485351562,27081968,424.85000928020037,426.4910593052737,421.2032346571783,425.3514404296875,8448573
2024-11-19,845.5704607570133,865.1803941380466,839.9957889401087,859.507080078125,50981272,426.67340147942747,431.9156308531127,425.0779177527912,426.0807800292969,7121472
2024-11-21,863.0343691875372,867.7703408111802,855.5356922473849,858.989013671875,35716512,420.2915427797919,423.0722117400087,415.1860408616483,416.7815246582031,20313155
2024-11-22,860.148374275574,865.4516892160756,853.2417315623627,861.15966796875,24773612,415.9154061666802,434.422822444042,415.27721840214116,432.7362060546875,20214206
2024-11-25,880.6216480727867,889.7482832055338,870.6810037082952,880.8929443359375,427737274,436.7020442248571,439.61946977024564,430.68487029052017,434.6963195800781,14427013
2024-11-26,892.9302818593218,892.9302818593218,873.0983737208503,880.8683471679688,30935566,437.6137665685303,440.0297610711077,432.2347801116228,434.8786926269531,6791715
2024-11-27,883.0143007972586,896.5562300169572,880.6709755435701,894.06494140625,32714976,435.3345000004188,437.70492808099607,431.2318893580711,434.83306884765625,7339184
2024-11-28,897.3702251985009,905.8061839354122,882.07694483503,884.6176147460938,35722392,434.8786439128947,441.07816919438227,428.99819803466437,432.9640808105469,14967609
2024-11-29,888.6383310231244,890.2662893460416,879.561016559754,886.04833984375,27669536,431.4142229467061,436.6108863385638,430.8671966230568,434.6507568359375,8668142
2024-12-02,889.7236388960249,892.0176431336934,875.6636867426915,890.3156127929688,15110876,433.966980868156,436.9755679077777,431.5965815849029,435.0610046386719,5689595
2024-12-03,899.1955156163089,906.4475265301775,895.9395389832724,900.9715576171875,43410242,424.8500472091607,431.59659964533245,421.8870263104019,430.8216552734375,23073942
2024-12-04,906.7435619082082,920.0635162996781,903.3642521901575,917.6461791992188,44669084,432.50829621423856,435.97271937779976,425.2147174968439,425.8529052734375,13957078
2024-12-05,917.596875706611,927.4388181075851,905.3622266087298,920.4335327148438,39682714,426.26318549371786,431.0039843267776,421.65911435717334,426.21759033203125,27432375
2024-12-06,916.1168429341786,919.6688066050771,909.7035317020062,915.5494995117188,17783156,428.49680007286037,433.009709482812,426.3999139761327,429.5452575683594,7842234
2024-12-09,914.4642517338581,927.4635290462065,912.1702474502318,922.5302124023438,26947912,429.8643384901404,430.32020339572307,422.06935777337156,423.8927307128906,12154116
2024-12-10,926.3288062229569,926.3288062229569,916.881553393078,921.5928344726562,13325480,424.2574408700793,425.26030322616083,421.75025608560446,424.3486022949219,9163636
2024-12-11,918.4354833328279,923.4675021564423,915.9935158212785,919.1261596679688,14045426,425.94403586168113,426.8557367471317,423.6647980951895,424.1662292480469,7005617
2024-12-12,913.1568815747593,921.864197216933,912.0221946944998,917.2268676757812,17293790,424.3941941854832,426.5822417304775,418.6049092085582,419.9268798828125,13380617
2024-12-13,918.8301759997277,924.9968214762359,902.4268990322158,923.3934936523438,19009002,419.3798443995844,432.508273854474,411.76718663458706,428.4967956542969,32976794
2024-12-16,920.1128492893367,922.5054957499956,915.2535445762154,920.1621704101562,13107082,428.72473876610616,432.50829918536283,426.67344772907313,428.5879821777344,9354160
2024-12-17,915.7962178924912,918.7562078618506,901.0702798391582,904.4002685546875,21079532,428.4967870668491,433.7846117539849,422.1605049160377,428.0865173339844,20608409
2024-12-18,902.7229483325016,905.7569501607671,891.5243434620028,893.275634765625,23422312,430.9583919205292,431.9612542626298,425.67053815077026,428.9526672363281,12841386
2024-12-19,887.7995941182149,888.5395915672278,877.6369745293333,884.790283203125,25380770,427.58508302389953,432.4626668364285,424.2118215541013,425.3514404296875,15161531
2024-12-20,879.2156362475025,886.7883251977108,871.7417099804251,873.93701171875,25692348,425.3058484782107,426.17198310137036,418.74164832844355,423.6192321777344,20231570
2024-12-23,879.1169941259847,890.956953642833,878.7716860618692,888.4902954101562,11044592,429.590821673927,435.5168338433801,426.3086928429072,432.3714904785156,19562956
2024-12-24,889.0083275055933,892.2889348142179,882.8416818560752,887.0596313476562,14485834,432.96411751939024,437.84167265770424,430.9127976719345,436.20062255859375,12009880
2024-12-26,887.2816657547127,893.916952377888,878.5003382709294,883.4336547851562,10481678,438.1151689192422,439.30038295953085,433.96696311963626,434.83306884765625,9188830
2024-12-27,885.4316968356189,890.9322967259654,882.6196702111419,887.1336669921875,7259330,437.38582931183106,439.3459877026604,433.96697258814555,436.3373718261719,16906420
2024-12-30,884.1489668763874,895.3969526845203,873.6903598921683,877.0943603515625,22222218,438.2975495010603,438.93573727333114,433.96699168167027,434.8786926269531,13578360
2024-12-31,873.3450067875037,879.0183205202264,871.0263119988338,874.6029663085938,14117236,436.20060946013535,441.853137660656,432.6449962031207,440.9414367675781,13787501
2025-01-01,874.8989910757854,885.0369805772112,868.80635723923,879.4869995117188,7313806,443.08390329032954,443.85884757904995,439.5738853072878,441.2149353027344,18931186
2025-01-02,876.699651347947,889.6989281059142,874.6770036544534,884.9136352539062,18558576,442.49133193531964,446.7306992540878,439.7106629516162,445.8645935058594,27131131
2025-01-03,883.5569553072743,885.6536147489581,861.5050553855514,862.9356689453125,24426194,446.9586213713376,447.6424042811121,437.47699542332975,439.0724792480469,38500784
2025-01-06,858.4463541498661,866.8823129474961,841.5251154360177,843.84375,18816348,431.36544562254625,437.1883051971578,417.7787540189407,419.1042785644531,22009958
2025-01-07,846.063732614296,849.0237223493897,838.6637582765616,845.2744140625,13527906,421.80269604222786,423.79099735798104,416.7372706812733,417.6367492675781,14294780
2025-01-08,842.7338203435289,844.4111600559388,830.4498497882179,835.8518676757812,19738190,419.435721038305,428.00431732573554,413.84956258662663,425.6372985839844,13482926
2025-01-09,830.844525028491,833.237171528912,817.9932112311335,822.778564453125,40420222,425.4952737464954,436.1468578467629,422.32346292445044,426.1580505371094,19732649
2025-01-10,824.3571854708366,826.2811909461473,815.9705474379197,817.3272094726562,17453280,426.01601399088287,427.95695766150703,418.96228709118776,421.234619140625,9145729
2025-01-13,809.0639234971638,812.3939122066796,801.3186405131205,804.5499267578125,21669066,411.8612421533921,420.3825092324278,411.8612421533921,415.69580078125,17799607
2025-01-14,809.0145872775671,817.0558570637163,807.5839134440961,812.3198852539062,26661432,417.54207605782796,418.0154797721792,412.6660235788637,413.3761291503906,18048459
2025-01-15,817.2038902170349,820.2625224034592,807.2386148292592,810.568603515625,14022892,413.3761675558588,418.299549305966,412.1926581600245,414.0862731933594,9786805
2025-01-16,815.4032351586193,819.2019251337407,810.4699184801376,815.0086059570312,21212454,414.74900410675934,416.0745576911416,408.1687094723871,409.82562255859375,15774070
2025-01-17,810.7905598983193,814.2438814190301,803.3905852110819,807.4605712890625,23112076,409.9676124758518,418.2995062063369,409.4942087662954,416.7846374511719,11270061
2025-01-20,802.1572673696536,819.3991845447669,802.1572673696536,814.6138916015625,17557618,415.6484405775987,417.7314283751026,412.8080184324215,414.4176025390625,8742771
2025-01-21,818.0672195171876,819.4485722440602,805.6352858599316,810.2479248046875,31158144,414.7016791747707,423.22294655507415,412.0979585863446,414.2756042480469,15686500
2025-01-22,810.2479165643738,824.8012002853578,801.8859089377631,821.9152221679688,30619306,416.50058809880306,418.4415606921262,413.32877738816876,413.7548522949219,9619648
2025-01-23,832.2505181334424,832.2505181334424,814.6139111249832,821.347900390625,34909158,411.86122731407744,418.3468639138542,411.0091064157298,416.7846374511719,8888248
2025-01-24,818.9305795964561,824.0119199318104,811.2839386423929,813.8986206054688,24236200,416.0271805454013,421.32930795242055,415.69579216478695,418.11016845703125,9665384
2025-01-27,809.6065327196525,810.839861804967,802.157237088582,804.0319213867188,22804166,417.3527198140356,421.329322732364,413.32878808007484,416.6899719238281,10480203
2025-01-28,812.5172453545283,830.9185403912116,812.5172453545283,824.0612182617188,30179312,416.59528541451135,418.2995272971351,411.3878443468299,412.2873229980469,20813072
2025-01-29,826.3304621132276,829.3644636153648,823.2964606110903,827.4651489257812,12619890,412.76068566061116,414.22822553049775,407.2218567518069,410.2989807128906,15158510
2025-01-30,829.2905374831995,837.6278547525732,825.1219089590883,834.4705200195312,25744846,409.9676107199671,414.70164779525544,408.5000707843355,412.9974060058594,22496695
2025-01-31,832.3738053097981,840.9824182950722,830.7457868177106,838.047119140625,15821686,413.2814379814617,424.3590963304251,411.9559133750371,423.6963195800781,13546181
2025-02-01,837.4305042201771,845.0771450539991,826.8485640579613,834.1991577148438,5587528,424.169703997628,446.4196773100036,416.16917012121553,437.94573974609375,30393007
2025-02-03,823.8638327488314,832.1518283284162,820.6324864421063,827.8104858398438,20276540,437.4250476268326,440.4548430642073,428.24100368388565,430.1819763183594,16991730
2025-02-04,833.0891713164636,851.391824544325,828.8219005259823,848.9744873046875,28616502,433.6377990198034,435.86280223904276,424.8798303714777,430.93939208984375,18923681
2025-02-05,854.9437515638108,860.4690419690123,847.9877873258422,857.311767578125,23675506,430.9394199567903,431.60219675236533,422.7495410105796,424.311767578125,12836283
2025-02-06,856.1770794811201,862.8370567631686,850.5037655001158,860.29638671875,26760716,426.0633293355837,426.0633293355837,414.89101359071367,417.6367492675781,17469129
2025-02-07,863.3304057123341,871.7170439392539,850.997114202158,854.8204345703125,23509600,416.5952582972785,421.8026990259945,405.6122866178601,407.9319763183594,18875982
2025-02-10,847.1984039096569,850.2323451556149,842.8570616226162,846.4337158203125,17195950,404.2867622150675,410.25163731299205,403.8133585122395,404.47613525390625,12227140
2025-02-11,840.1437497009048,844.090402664855,833.0890834393857,839.3544311523438,22724704,405.9910391677168,407.64795227119043,395.2921261144242,396.049560546875,14288751
2025-02-12,835.2104321766692,844.5837329512449,829.38909497558,842.0184326171875,22809570,397.34792371808146,397.97305679084684,392.01021063862936,394.22222900390625,13884574
2025-02-13,838.1704689996619,845.6937766231139,835.4818356095761,837.5291137695312,12602434,394.27034528824566,398.1173542751768,393.3566689137098,394.0299072265625,12989029
2025-02-14,839.601120018604,839.601120018604,828.7971451888767,836.1231079101562,19959892,396.0014661827297,400.2812751894459,392.77959046029304,394.558837890625,14124236
2025-02-17,831.3624591587258,848.5304243918573,829.413823260936,847.2230834960938,12938946,394.12606998139194,395.6648794892229,391.1927372870501,392.97198486328125,11975265
2025-02-18,845.1017788797033,854.2284140997132,841.697778564227,850.0350952148438,16350910,392.39491018757707,395.1359099155748,388.54790126416947,389.7500915527344,12998403
2025-02-19,847.0504387449713,857.3610822217985,844.8057556604201,852.0823974609375,11884112,389.31730014478245,393.1643091555031,389.0287862091182,390.8561096191406,7079032
2025-02-20,844.0904430253034,845.9157460199498,831.4118438608401,832.2998046875,26390510,384.6528290808348,388.45173290704383,381.0462580968928,386.6724853515625,15355585
2025-02-21,829.2411711352042,836.1724445897772,827.4404985932164,834.9638061523438,15680940,386.67244588636703,387.8265602235753,383.93147569860434,385.5664367675781,8240986
2025-02-24,829.339781575346,830.8690975664632,819.4731490892408,827.366455078125,20693646,384.70090532952037,387.97085715475134,383.4987150003656,386.5282287597656,7037625
2025-02-25,824.406500920576,832.7438177754724,824.406500920576,829.9564819335938,24138708,386.62438730224534,391.43314833834296,385.1817589914161,389.3653869628906,15760891
2025-02-27,830.0552335524236,843.9671626938127,830.0552335524236,839.0091552734375,35786800,389.36537967354076,390.9522649156751,384.2199995911739,386.23968505859375,19051003
2025-02-28,831.2638337603047,857.0404125816553,831.2638337603047,854.6477661132812,54516728,383.73912917511376,387.10526188717614,377.1992259318174,379.8921203613281,31954776
2025-03-03,858.2984018170607,859.9017296292334,835.7531099870528,839.428466796875,21205364,380.8058152281349,383.73914785126925,376.2374920394293,382.2484436035156,10702826
2025-03-04,837.6771272358142,845.7184570804238,835.3338019387764,843.5971069335938,19920958,380.2768157418011,382.00798731989397,377.82435936077115,379.74786376953125,13404774
2025-03-05,839.6257577393887,843.991790915382,832.8671383829512,833.73046875,21583872,379.4112349821189,396.9632122658291,379.4112349821189,389.5577087402344,15665018
2025-03-06,832.2504799228543,838.6144701478811,824.973838204501,834.3224487304688,32966088,393.5009194323491,394.0299007695933,385.22984437591543,390.1828918457031,17869996
2025-03-07,829.7838192395386,839.2311321984157,827.6131479773222,833.3604736328125,13372914,388.11510203965406,390.3271497866334,386.33588388818345,388.45172119140625,11180761
2025-03-10,833.2371287977431,838.6144556459366,830.3018296675241,832.4971313476562,15604050,385.7107105996322,391.2888910064267,385.0855775356017,389.5096435546875,9785018
2025-03-11,829.9811819724781,835.7038170818192,823.8885481247595,831.510498046875,19898430,386.1435102215853,392.7795945645392,385.8549963002887,390.66375732421875,11099475
2025-03-12,834.4951408301645,847.7904041385841,834.4951408301645,844.1644287109375,18784106,390.8561039985411,397.49218857653574,388.54790449537103,396.6266174316406,13844306
2025-03-13,846.5818201293218,848.9251455168071,838.6885135609504,841.9197998046875,15736264,397.20365434770144,398.5501015432174,392.5872555772619,396.28997802734375,8196569
2025-03-17,841.1304307424771,850.5037317302232,841.1304307424771,843.79443359375,18950652,397.20366927579045,400.32936400980094,391.4331559206942,392.3468322753906,5257805
2025-03-18,843.79443359375,843.79443359375,843.79443359375,843.79443359375,0,394.318390909805,396.1938193871978,392.1544485206658,393.45281982421875,13861897
2025-03-19,855.930432694155,863.823739278078,854.5490799535085,860.4197387695312,15221406,394.3184059049263,395.0397200620695,387.20144542451675,387.63421630859375,12830387
2025-03-20,865.3037412350927,875.1703745445009,862.985106495842,872.5803833007812,17833978,389.50964497469676,391.0965302508203,386.5282072542035,388.49981689453125,16994037
2025-03-21,866.0684175252852,875.2196836615442,866.0684175252852,873.3696899414062,33508264,390.4233291082126,391.9140333230442,386.3358821349048,390.0386047363281,25302035
2025-03-24,877.6369838460287,890.1676194932312,874.997671627427,887.9969482421875,17393736,391.433162603734,397.05941909108105,390.0867153346264,395.1839904785156,14362572
2025-03-25,890.4143157035983,909.5555477752322,888.7369760332164,898.5789184570312,39101416,396.2419041658655,399.36759879824183,393.06813366389935,394.12603759765625,20338110
2025-03-26,900.3302775382388,901.5636066855513,888.9836493829623,891.2283325195312,24478442,394.60692684899476,395.47252733324694,390.71184207125464,391.769775390625,13891436
2025-03-27,887.9969842041877,908.2235821777275,887.0596420099644,900.5029296875,41658100,392.39490676580164,394.9916495065971,390.1347831729387,393.7894592285156,18642328
2025-03-28,902.3036249715724,905.7569466636451,890.8829847599874,901.908935546875,28773648,395.18398159578936,399.7042287729926,392.5391629889967,394.0779724121094,12981873
2025-04-01,888.9836405685396,892.8809726796349,870.9030234039785,872.1363525390625,28511006,394.12607142001764,398.55013776479905,390.08672946636085,391.0965576171875,15206240
2025-04-02,873.5423260418547,887.602278026219,873.5423260418547,886.4676513671875,11573564,391.48121972866625,394.31840044763595,390.51946753245255,393.40472412109375,8001323
2025-04-03,878.6729886492828,889.9702954640933,876.6503409310941,885.456298828125,11250038,391.4812095354885,394.51075235495847,391.1446197558559,393.7413330078125,7059566
2025-04-04,894.4102660639704,908.6921929973271,893.4729239008652,896.5316162109375,33540454,391.9140405436106,397.0113157111547,389.02878380341224,394.0299072265625,18627592
2025-04-07,869.6450067324856,878.0562747489253,857.5090006629878,867.1289672851562,37995450,375.2276160600784,392.49107984083315,375.2276160600784,390.51947021484375,26762866
2025-04-08,870.730371547347,879.1170096868965,863.4784203033727,872.7777099609375,35563872,396.145740938844,399.89656879675374,391.6735989024767,396.7708740234375,18600796
2025-04-09,870.7303466796875,875.6636630914704,865.0570328061372,870.7303466796875,22454608,397.20367078899557,403.02226003741157,395.5206043873473,400.37744140625,21785572
2025-04-11,875.540352413462,897.567622795633,875.540352413462,891.3269653320312,32775766,403.9359011391154,406.29220563589877,401.05064470240745,405.4266052246094,8939356
2025-04-15,920.0634812745557,925.8848185421238,915.1301650210728,920.01416015625,49298344,412.78405461806295,412.78405461806295,402.97417047029376,404.32061767578125,11685880
2025-04-16,929.3381542000717,929.3381542000717,917.8435030643678,926.476806640625,19136820,402.0124153945198,409.75450878339007,402.0124153945198,408.2157287597656,13034594
2025-04-17,928.4501090482869,947.0486870380013,925.8354273732423,940.6353759765625,35703084,408.7446879057106,411.48568756526555,405.4266310519838,410.90863037109375,22410217
2025-04-21,949.170085798879,962.3420166432835,942.2634427629204,950.6994018554688,34247298,411.6780349602343,412.6878924233474,405.3785695227371,406.67694091796875,27388236
2025-04-22,954.5967457498784,972.1593405008402,954.5967457498784,967.7686767578125,45961750,409.65837881395373,418.1698626669371,407.35014995516246,417.0157775878906,32031936
2025-04-23,976.2540297557508,976.2540297557508,947.4434488933124,949.1207885742188,30570642,419.5163213012109,420.7185115509847,412.4474367624713,414.3709411621094,19566317
2025-04-24,942.2634238174406,949.1207455952106,939.8460867592294,945.6181030273438,25931754,415.3326729496452,419.3720143801557,412.88018735042976,413.60150146484375,26064089
2025-04-25,949.5647662059754,953.6100615716746,933.2848220611925,942.8554077148438,18500878,413.60153406654683,416.1502009519827,407.10970652510946,411.4375915527344,22944377
2025-04-28,942.8554253066497,951.982060830828,941.4741328194633,947.29541015625,13920492,410.331561195513,414.0343129537871,408.50423792594904,412.3993225097656,6287095
2025-04-29,946.6048254524144,951.5381421157663,937.4288082816594,941.6715087890625,18918308,412.4954962973951,413.16873455074716,408.74466873670406,409.7064208984375,11189930
2025-04-30,943.7434115323153,955.5340495753018,942.4114402150566,949.6633911132812,31936870,411.0528779694748,412.8802012507744,405.8594220409165,409.5140686035156,10026546
2025-05-02,952.0314262519853,958.0007270723939,947.1967520748111,948.1340942382812,17840404,407.87911477952554,414.99607520497585,407.87911477952554,413.07257080078125,9263372
2025-05-05,956.5700467268101,962.9833580251333,953.2647488384409,955.4847412109375,15068024,413.7938888263413,421.72834456792714,412.92831770641976,420.2376403808594,11525305
2025-05-06,952.1300492793257,957.112686715781,949.3180830668039,952.9686889648438,17490156,420.7666029152538,422.834364350939,416.43871785669694,418.89117431640625,15026568
2025-05-07,954.1033540161453,961.3553047488027,948.3807192627594,959.8259887695312,21420778,416.823396791454,418.362206178502,413.2649312686502,414.6594543457031,9710361
2025-05-08,964.364722012384,964.364722012384,946.752746184645,951.3900756835938,34803430,412.59168381124715,414.9960642530376,407.350122708005,414.1304931640625,19937960
2025-05-09,942.3127568324845,946.7034204881495,930.8181657127636,932.248779296875,17188796,409.658387599701,412.7359772268443,406.82120668762605,407.35015869140625,8226512
2025-05-12,946.0127244576516,966.8806765571811,943.3981029435623,965.5486450195312,18618972,413.0725955722253,419.5163474528399,411.77422415146265,418.8431091308594,8031891
2025-05-13,961.9967305905121,967.7686868855955,947.1967808891196,948.4794311523438,24242102,418.2660177094136,421.1993794721109,409.08129611962823,411.53375244140625,14976369
2025-05-14,948.2327622761527,952.2287366384547,938.8101397074491,942.5594482421875,15445308,410.76439222672843,415.332715418473,409.6102777855163,412.6878967285156,9557309
2025-05-15,943.9901042439285,959.4314088460198,935.85013208818,954.0047607421875,32241458,412.6878727466996,418.74689983509177,409.7064350721147,416.1020812988281,24263510
2025-05-16,954.0047801554118,958.9380967138302,951.340777169636,954.44873046875,15868010,418.26604202592637,419.51633754430964,415.573147502307,419.03546142578125,16402035
2025-05-19,955.5834183781088,959.5300716290252,952.6234284399217,956.4220581054688,10202964,418.362202884726,421.72833555161463,416.10207936688846,418.6988220214844,7543854
2025-05-20,951.1927398071444,954.3993955236706,943.7434439560598,944.6807861328125,23879090,420.28570719839433,423.9403537817196,416.34251734774494,418.2660217285156,9868414
2025-05-21,950.6500948788123,960.4674068130723,947.739426083267,950.5514526367188,15132040,419.90103464370577,421.4398441006694,415.4769684613164,416.438720703125,5776672
2025-05-22,944.828766015395,949.2687509312965,939.895449442171,947.1474609375,21306670,416.43869651769444,416.43869651769444,406.7249935694986,409.8026123046875,19451749
2025-05-23,947.2460290070277,955.583345407158,944.4833839865793,953.906005859375,9566072,417.40046939575757,422.20923056391143,412.59170822760365,419.61248779296875,18536884
2025-05-26,954.5967478346391,961.947401503022,950.6007734925844,957.1620483398438,10802860,421.48791053602,426.58518556334417,420.0452822056058,425.9600524902344,13107662
2025-05-27,952.9194312599001,961.0100826032541,945.3714929245052,950.3048095703125,26162148,425.9600609253769,427.2103564467042,414.37095818169377,417.3042907714844,26986022
2025-05-28,947.295443323748,954.3501102535763,946.0621141556768,948.9234619140625,18157594,409.12572033536514,413.92513013654184,404.5221871211176,411.57440185546875,431851622
2025-05-29,951.1433943336576,957.4580633637506,940.9314535555673,950.896728515625,28917794,413.337430183069,414.12099629331436,408.04828421108533,410.1541442871094,21478547
2025-05-30,953.0674622365118,961.4047794767922,949.8608063918771,959.4807739257812,28748078,410.49697001748797,411.4274510468685,407.85238205791916,409.468505859375,30656239
2025-06-02,952.1794133521448,955.0900821550082,941.276795842849,953.1660766601562,14668822,409.7133679967952,411.8192579553598,406.0403458241328,410.6928405761719,14973380
2025-06-03,956.0767204883472,962.9833634640112,947.1967509482078,949.466064453125,24377584,410.3990201585084,413.04360813984886,407.1177809642176,408.39111328125,13216486
2025-06-04,947.6901200517409,958.6914401720352,947.6407989299088,957.6553955078125,12961542,408.586978384479,410.39900862513116,407.4116292300163,408.4400634765625,12598933
2025-06-05,961.0100588418235,966.3873858970264,957.1620478647775,961.7993774414062,22255418,409.9092587388879,412.30897842272395,407.2157092489669,410.4969482421875,13212523
2025-06-06,959.0366899431259,984.8379583134906,958.3953347348495,976.1552734375,30127008,411.67231694542346,412.6517895338172,410.39901453696416,412.40692138671875,8774988
2025-06-09,984.196594423998,984.196594423998,974.7739724063232,976.2539672851562,13202588,413.33744096123485,414.9046031137218,411.86823204786555,414.3658752441406,10473123
2025-06-10,978.1780428487654,978.1780428487654,967.472709657825,969.5447387695312,15533126,415.78612073411426,419.75297282706833,414.3658735007135,418.23480224609375,13041075
2025-06-11,970.6793723493836,970.6793723493836,960.516752091058,962.194091796875,11096394,419.2142518774774,419.312205110815,416.12891931968926,417.4022216796875,20789182
2025-06-12,961.9966994408974,967.4233474890254,954.7447484104943,958.74072265625,16349130,418.2347759328376,418.43068239792314,410.9376935297822,412.3579406738281,18508835
2025-06-13,947.19676434732,953.6100757725884,943.7434428106371,946.0127563476562,12117762,406.48111231744474,410.7418239308055,405.01190347774315,405.4036865234375,17873926
2025-06-16,949.1700746468088,956.520728121515,947.2460692080249,954.7940673828125,16513746,406.4321620890675,410.30106087453294,404.7670467340719,409.6154479980469,7006629
2025-06-17,955.5834055099792,957.852719054467,946.7527569357399,951.9327392578125,16978736,409.5174909056936,410.44797192026425,407.1667626963428,408.83184814453125,9028406
2025-06-18,945.7167603313338,955.2380851367438,945.7167603313338,954.0540771484375,18433816,408.4400661979771,409.86031339660474,406.3831678000489,407.3626403808594,8036215
2025-06-19,954.0540746334422,960.4180648603083,949.9593979158449,954.7447509765625,16876220,407.11778041824044,409.66441515775824,406.2852227295919,407.4606018066406,12601006
2025-06-20,952.9193918485255,971.8140179089729,952.9193918485255,969.2486572265625,32900408,407.46057840418473,410.8887323090276,407.46057840418473,409.9582214355469,13203184
2025-06-23,961.2073364257812,965.8939867961492,957.9513597916495,961.2073364257812,11739518,408.4400574370469,408.9297937169475,403.2978264980913,405.4036865234375,14839890
2025-06-24,969.3966711141703,976.3033140635843,964.7593416610487,967.3740234375,22625322,408.3421256239387,412.0151479158747,405.25679287693885,405.844482421875,16690068
2025-06-25,969.8900392545883,977.7833457795492,968.854054817417,976.8953247070312,18405932,407.85236743319786,409.5664444107915,406.5790650634376,407.80340576171875,9946718
2025-06-26,977.4873577522009,1000.032590400823,976.7966813877978,997.41796875,50084830,408.635961243395,412.25999175637196,407.70545036119364,411.67230224609375,13703918
2025-06-27,1004.0015037809444,1007.393088107433,994.2258430942326,1004.9491577148438,28213384,412.3579493645105,413.3374219283217,409.2236252038625,410.0561828613281,21409935
2025-06-30,1003.2533964547342,1004.400566128524,995.2732550959096,998.2658081054688,13649020,411.18257641188427,412.1130873177171,407.26468609870335,407.9013671875,12317124
2025-07-01,1000.0114368496795,1005.4977838847651,999.5126780283082,1003.5526123046875,14389386,408.4400629554616,410.25209319380195,406.38316457386264,406.5790710449219,13670465
2025-07-02,1007.4429706558585,1007.4429706558585,986.4950998423908,990.5350341796875,18878250,408.3421042433258,408.3421042433258,403.2488648665335,404.47320556640625,15990899
2025-07-03,994.9739612315547,1001.507689459166,989.6871300276722,991.0836181640625,16860506,405.5016414226337,407.4605865502793,402.80809187212105,404.864990234375,14185298
2025-07-04,991.0836632772651,999.2633203019867,987.5424877454124,992.1809692382812,7863944,406.383156862037,406.48111009570783,403.2978242937535,404.0813903808594,8256733
2025-07-07,992.0312782906421,996.7196233059492,989.4377568185034,991.2332763671875,11349426,404.52218073930493,408.63597758463175,403.54270814671577,407.6075134277344,6845218
2025-07-08,986.0462146584523,1000.0114620081927,986.0462146584523,998.2159423828125,15224316,407.60752214922184,409.5175057020906,406.1383132289018,408.635986328125,6807192
2025-07-09,1001.0089360727129,1004.4005203490875,996.5699704674603,1003.1036987304688,13861428,407.65649685248883,411.6723104890166,406.9218924227146,410.83978271484375,9930533
2025-07-10,1005.4977851253348,1005.9965439473215,997.5176439735463,1000.6099243164062,17030310,411.67231432927395,411.67231432927395,407.8523772370402,408.29315185546875,6220360
2025-07-11,996.5201541247731,999.9117385623401,987.9913902076418,989.3878784179688,12516922,408.44007762067145,409.4685119028319,406.9708687083669,408.2441711425781,8578844
2025-07-14,989.0387573242188,991.8816582943851,982.8541356715338,989.0387573242188,13088850,408.4890354163033,411.3295298660291,407.9992991168515,410.7908020019531,6896989
2025-07-15,984.0511806165923,999.3131887778599,984.0511806165923,995.2732543945312,14498168,412.26001519971453,413.72922411339215,410.3990232206159,413.4353942871094,8532755
2025-07-16,1006.4952830829005,1008.8394251469304,993.826797075495,995.6722412109375,17994612,413.43538226908703,416.7166213924788,411.67231368924485,415.8840637207031,9780773
2025-07-17,999.5126501495852,999.9116815490105,988.8890631972324,990.98388671875,22529158,417.05940633871836,417.1573595734722,414.3168951123935,415.2474060058594,7240795
2025-07-18,990.9838927216935,996.0213445308241,974.0759568696542,976.2705078125,16129446,416.4717411939595,416.4717411939595,411.4764251990089,414.072021484375,6730256
2025-07-21,986.6446826643673,998.5151670456409,985.7968170158388,997.7670288085938,22309078,413.3374323697135,414.0720368111289,409.8113250726935,411.4764404296875,4822343
2025-07-22,1004.051390877723,1006.4953213272488,999.0139388595042,1001.058837890625,14836814,411.47644544690354,411.77027527059994,406.6770356826959,407.4606018066406,9869507
2025-07-23,1003.0039954915454,1012.3806857402005,999.0139248978445,1009.6375122070312,13634916,408.53801949465566,409.32158560296745,405.5016485154682,406.4321594238281,12196187
2025-07-24,1016.3208076773761,1016.3208076773761,1001.7072110041944,1004.5999755859375,19107176,407.3136721952123,407.3136721952123,401.04505375648824,401.5347900390625,9005157
2025-07-25,1007.5,1007.5,999.5,1002.2999877929688,9306598,401.58375275125957,401.8286208931811,399.3799394739661,400.9960632324219,5824089
2025-07-28,1001.5,1010.7000122070312,1000.25,1004.25,12059580,402.36732868040224,402.41632024466196,400.21250691352043,401.4858093261719,8123337
2025-07-29,999.9500122070312,1013.25,998.1500244140625,1010.7999877929688,19895696,401.5837527990323,402.9550084157297,399.62480766342725,400.0655822753906,6811772
2025-07-30,1014.0,1016.2999877929688,1008.5,1012.9000244140625,15154036,400.60428786940514,400.898117688896,397.4210019633524,399.2330322265625,10915863
2025-07-31,1007.2999877929688,1015.7000122070312,1004.0,1009.0999755859375,22183032,397.61690837848414,405.50165074201533,397.2250954310459,403.4937438964844,19364174
2025-08-01,1007.0,1014.1500244140625,1004.6500244140625,1006.0999755859375,11317258,403.9344853107258,410.74183168633,403.34679578552243,407.9013671875,14324065
2025-08-04,1005.0499877929688,1009.25,994.0499877929688,996.0,13933946,411.57439098396185,413.8271659664987,406.5790748366726,408.29315185546875,18352458
2025-08-05,993.25,997.2000122070312,982.75,988.7999877929688,23978058,408.6359688485212,409.37057327725813,404.522172091142,405.6485595703125,8495104
2025-08-06,985.5499877929688,994.0,985.0,992.6500244140625,14080204,405.6485541142926,406.4811117672226,402.07348525408406,403.5426940917969,9080543
2025-08-07,990.0499877929688,1000.7999877929688,988.4000244140625,997.7000122070312,13081186,403.542701181929,406.2362507650608,403.1998798022133,405.10986328125,11514878
2025-08-08,993.5499877929688,996.4000244140625,985.0,986.9500122070312,13895264,405.40370450279846,406.82395173394906,404.4732234643995,405.99139404296875,9814361
2025-08-11,987.9500122070312,998.7999877929688,986.5499877929688,997.7999877929688,9105854,405.99138530914485,408.4400667645679,405.5016490180602,408.29315185546875,8514272
2025-08-12,995.9500122070312,998.0,983.75,984.9500122070312,12937802,408.44005694659893,411.1825681542966,406.77494164048437,407.80340576171875,13635738
2025-08-13,997.0,997.0,984.5499877929688,990.1500244140625,13577396,408.6359804112558,408.92981023461243,405.1098730753178,405.599609375,10874910
2025-08-14,989.0,998.0,985.5999755859375,995.5499877929688,17511716,405.74650902132066,406.5300751148795,402.563223193151,403.0039978027344,9580361
2025-08-18,1005.0,1013.2999877929688,997.7999877929688,1001.7999877929688,19284796,404.5221643400549,405.207807083524,396.5394690122968,397.9596862792969,30950814
2025-08-19,999.1500244140625,1003.0499877929688,993.3499755859375,995.5499877929688,12352438,398.00869038492266,400.99606980890684,396.19666012675947,400.7022399902344,16681331
2025-08-20,993.5,996.0,989.5,994.0999755859375,9950228,400.7022224165175,401.82860986020313,397.1271536208501,397.7148132324219,18188129
2025-08-21,998.75,998.75,991.5999755859375,995.5999755859375,12439850,397.7148339521601,398.49842996029514,395.07027588892424,397.22509765625,15028966
2025-08-22,994.9500122070312,998.0,978.5499877929688,982.2999877929688,19833502,397.6658518940437,398.1555881648492,389.34033529035065,390.1239013671875,13087624
2025-08-25,980.0999755859375,988.7000122070312,978.5,982.0499877929688,17518044,390.8095528920783,392.327723409267,388.1160033420702,391.1523742675781,10440286
2025-08-26,979.5,985.7000122070312,968.0,973.4000244140625,16917731,391.1033999896865,397.07818887017044,390.22188062167817,395.0702819824219,13715752
2025-08-28,967.0,972.2000122070312,955.0,957.7999877929688,25438255,396.19667011274,396.19667011274,391.78904337477377,392.6705627441406,12471719
2025-08-29,954.0,963.2999877929688,950.0999755859375,951.5999755859375,14823813,393.74798505781916,402.02454048128317,393.6500318196282,401.3388977050781,25255050
2025-09-01,949.5999755859375,957.4500122070312,946.3499755859375,950.5999755859375,20178344,401.3388884886885,401.77966310485994,396.68639374720885,397.5189514160156,12268090
2025-09-02,951.0,954.7999877929688,944.0,944.5,14196320,398.20457570023547,399.4779080217149,396.14770714215564,398.4004821777344,19808255
2025-09-03,945.0,956.2999877929688,940.0,954.4500122070312,16083481,400.114535268611,404.76702986475766,398.9391562562904,403.2978210449219,12936588
2025-09-04,960.2000122070312,965.7000122070312,956.25,961.25,17597657,415.24741259106247,418.2347920060821,406.4811210363561,407.3626403808594,27274123
2025-09-05,967.5,967.5,954.0499877929688,963.4000244140625,11602111,408.3421103092152,408.4400635448862,396.09870312861307,398.9881591796875,16000675
2025-09-08,969.0,973.1500244140625,960.4500122070312,966.0,11711307,399.08612816526716,402.1224693529809,398.44944705384466,399.1840515136719,7419022
2025-09-09,974.0,974.4000244140625,962.7000122070312,965.1500244140625,13985539,400.1145503991436,402.51427018540727,399.0371245789613,401.6327209472656,8825896
2025-09-10,973.9000244140625,973.9000244140625,961.7000122070312,965.9000244140625,18091100,402.56322964572416,405.2078175633528,400.555322816839,404.5711364746094,9252397
2025-09-11,960.2999877929688,969.25,959.9000244140625,967.7999877929688,15113633,404.5711451336769,408.1462440335788,403.9834854870758,406.53009033203125,8274406
2025-09-12,969.9000244140625,970.75,962.25,967.2999877929688,14363519,406.82393698895356,408.48902241943284,404.37525556960406,405.25677490234375,7803379
2025-09-15,969.5999755859375,972.3499755859375,965.0,967.0499877929688,14486377,404.5711348581344,405.7954755760093,403.29783246799684,404.1793518066406,5707331
2025-09-16,961.2000122070312,969.3499755859375,961.2000122070312,966.8499755859375,18661794,404.7180704209207,405.8444578774336,403.54269140213233,404.6201171875,8239087
2025-09-17,965.1500244140625,974.4000244140625,964.3499755859375,966.5,17361476,405.45267306623015,406.08932424399245,399.6737611220478,400.8981018066406,14113882
2025-09-18,973.2999877929688,979.6500244140625,969.25,976.9000244140625,17791598,402.90605212943706,404.5711375822802,401.68171140331816,403.1019287109375,15647808
2025-09-19,974.9000244140625,976.7000122070312,962.0999755859375,966.9000244140625,31243267,403.101917268776,404.13038138420126,400.55531254363956,402.22039794921875,19505321
2025-09-22,964.0,971.2000122070312,961.9500122070312,964.2000122070312,10854415,402.2204050878021,402.56322646569487,397.7148252853857,398.59637451171875,8930779
2025-09-23,967.0,968.2000122070312,955.5,957.2000122070312,21022298,398.7433075819584,399.7227801970498,393.8459445065011,394.9233703613281,14936357
2025-09-24,952.2000122070312,956.4500122070312,943.0,951.0499877929688,15117220,394.9233452248436,396.34356249165154,392.4746638429711,392.76849365234375,12380865
2025-09-25,952.5,958.0,947.4000244140625,949.8499755859375,31413279,393.209287397003,394.7274579712088,389.83009496908466,391.8869934082031,22006368
2025-09-26,945.0999755859375,951.4500122070312,941.2999877929688,945.0499877929688,14874656,391.8869695711551,397.5678983516164,391.59310987422305,396.7843322753906,14414044
2025-09-29,946.0499877929688,956.7999877929688,939.0999755859375,950.2999877929688,32398179,398.5473763816621,399.6248021696593,394.9233458652918,398.89019775390625,19717660
2025-09-30,958.0499877929688,960.0,946.2999877929688,951.0,28296687,398.4004591506758,398.4004591506758,392.1808024887207,393.30718994140625,9465490
2025-10-01,952.7000122070312,969.5999755859375,946.0,965.25,25350832,394.0907925326749,397.665861416941,391.5441578852763,397.2740783691406,17643039
2025-10-03,952.0,966.75,952.0,965.1500244140625,26658296,396.58845248171,397.1761420239669,394.04181772601805,396.0007629394531,16987141
2025-10-06,971.9000244140625,977.4000244140625,962.0,973.4500122070312,18542683,394.7274338215943,395.60895312981853,391.5931097355416,392.52362060546875,13989077
2025-10-07,974.0,989.8499755859375,971.0,982.5,25535736,394.237727666254,394.3356809060124,391.29930982029435,391.5931396484375,12298968
2025-10-08,976.0,985.9000244140625,974.5499877929688,978.7000122070312,15939710,391.7890270774703,393.5031040709342,389.8300819420829,391.5441589355469,8402463
2025-10-09,974.5,979.0,970.1500244140625,977.0999755859375,15370950,390.80955123133737,393.1602793958562,390.7605895598157,391.6910705566406,15656267
2025-10-10,979.0,986.2000122070312,978.0999755859375,980.9000244140625,13757080,392.22981845621223,395.5600193505022,391.299307520674,394.53155517578125,15085738
2025-10-13,974.2999877929688,981.0,972.0,977.0,18634254,391.78901724913896,392.71952812155763,390.36877010515894,391.0544128417969,9508594
2025-10-14,970.0,980.4500122070312,967.0,977.1500244140625,22934382,391.78901770158024,392.6215753424221,388.0670339898672,388.6546936035156,10291102
2025-10-15,975.0,984.9000244140625,973.3499755859375,978.25,23310447,389.83007867186035,392.62158144459596,389.0954742522526,391.6910705566406,16043867
2025-10-16,982.6500244140625,996.5999755859375,981.5,994.3499755859375,22936566,392.7685077269394,397.665870666178,391.3482605181077,396.83331298828125,22962049
2025-10-17,993.9500122070312,1009.0,986.0,1002.5499877929688,25210511,397.0292043259007,405.35472100520315,396.9312510926241,403.6896057128906,21071344
2025-10-20,997.0,1020.0,997.0,1002.9500122070312,22195202,404.0814001855026,406.3342050500721,402.85705946273583,404.5711364746094,13083621
2025-10-21,1006.0,1010.0,1004.0,1007.7000122070312,3471600,405.0119258790611,405.4527005118031,403.88553835121513,404.3752746582031,1142130
2025-10-23,1016.0,1020.5,1006.0,1008.7999877929688,43526526,407.46058276503413,411.8192475900064,405.0608630495091,407.41162109375,24305990
2025-10-24,1011.0,1011.9500122070312,991.2999877929688,994.75,17707768,407.411643338511,409.3705885549171,404.96296181800335,408.2441711425781,14935678
2025-10-27,996.5,1009.0499877929688,996.2000122070312,1002.9500122070312,15700796,408.4400677633165,414.02307345178554,408.048284707717,412.01513671875,11603679
2025-10-28,997.6500244140625,1008.0,995.0,1003.5499877929688,33904289,411.86822898071654,412.9946164943518,407.3626490350436,409.32159423828125,17163147
2025-10-29,1004.9000244140625,1012.5,1000.0,1007.8499755859375,17769445,409.61544737952806,413.53333772312516,407.5095574069397,412.9456481933594,11470661
2025-10-30,1000.0,1009.5,997.0999755859375,998.1500244140625,19962917,412.94564712794636,413.04360036450976,407.60750959211543,410.1541442871094,12938674
2025-10-31,994.0,1004.4500122070312,981.1500244140625,987.2999877929688,23221330,411.8682283883677,417.64711075138126,409.615453364337,411.7213134765625,18599864
2025-11-03,985.0,994.5499877929688,983.2999877929688,992.6500244140625,16607180,411.3295333977877,412.9946188955417,404.816016646247,405.45269775390625,7635440
2025-11-04,987.0,997.0,983.7000122070312,985.25,20024544,405.50163308974254,405.99136936159005,399.96761919609156,400.5063171386719,10085404
2025-11-06,981.0,991.0499877929688,974.0,984.6500244140625,22279516,401.58375221673697,404.8159997293463,398.20455990626584,399.13507080078125,10095563
2025-11-07,980.0,984.9000244140625,974.75,982.2999877929688,15004568,397.71483508178255,400.70224442999825,394.82540886238485,395.7558898925781,8411611
2025-11-10,982.2999877929688,990.9500122070312,980.2000122070312,984.5,15988262,395.75588876851964,398.7432981082502,395.3641057100178,397.22509765625,6650003
2025-11-11,983.5,993.5,978.0,991.7000122070312,10200530,397.6658554399186,399.673762211673,396.2945998476621,398.4984130859375,12005318
2025-11-12,998.7999877929688,999.0,987.7000122070312,989.5,13137263,399.624797249309,399.7227504817627,397.22507756427666,398.64532470703125,7987236
2025-11-13,984.0,990.0999755859375,982.5999755859375,986.6500244140625,14124839,398.64534219930255,399.1350784919307,396.1966607361619,397.3720397949219,6617185
2025-11-14,976.0499877929688,991.6500244140625,976.0499877929688,989.5999755859375,21386965,396.3925660411311,400.3594180432725,391.8869861840081,399.771728515625,64020258
2025-11-17,991.25,997.9500122070312,985.5999755859375,996.5499877929688,18396408,401.3388824449565,403.542695710365,397.6658603359422,398.7432861328125,7855399
2025-11-18,997.6500244140625,999.0,990.0,992.4500122070312,20002640,399.8696796229581,401.3878501610938,396.2456191310374,397.5189514160156,7661681
2025-11-19,990.0,996.5499877929688,984.0,994.5999755859375,19813847,396.5394760749311,397.2250889394812,394.5315393710832,395.2661437988281,7882450
2025-11-20,995.2999877929688,1011.5999755859375,992.4500122070312,1008.8499755859375,19850865,395.2661449461201,398.64533728000737,394.97231513062155,397.1271667480469,6693410
2025-11-21,1003.0999755859375,1008.2999877929688,996.5499877929688,998.0499877929688,17499897,396.68640238950724,400.1145564842314,396.39257256641207,399.4779052734375,5808131
2025-11-24,1000.0,1011.4500122070312,993.5999755859375,999.1500244140625,32204053,400.01659174313806,400.4083747930425,394.580530934278,395.2661437988281,11037491
2025-11-25,1004.0,1006.0999755859375,988.4000244140625,989.7999877929688,24989383,395.26615093538965,396.1966618504526,391.8869884414304,392.5726013183594,8199785
2025-11-26,981.2999877929688,1006.9500122070312,981.2999877929688,1003.9000244140625,19494356,392.7685066776832,395.6579627605675,392.71954500487413,394.04180908203125,11443953
2025-11-27,1002.0999755859375,1016.7999877929688,1001.0,1009.5,25536848,395.21719681053185,397.61691665344256,393.8459411393536,396.0007629394531,8679529
2025-11-28,1007.0,1012.0499877929688,1004.2000122070312,1007.5999755859375,15988807,396.0007438980914,396.68638664627787,394.23770524722676,395.9517822265625,6883500
2025-12-01,1017.5,1017.5,999.2999877929688,1002.0999755859375,16746566,394.5315350586607,397.17612292608806,390.025985197311,395.9517822265625,13442658
2025-12-02,988.0,994.4000244140625,985.0,989.7999877929688,27316662,395.95179101910213,397.1761317458155,392.27876883896204,392.71954345703125,8093808
2025-12-03,986.0,1002.2999877929688,986.0,1000.5,15448777,393.45415715794644,393.94389346016385,390.66265425708065,392.2787780761719,10772192
2025-12-04,1000.0,1004.7000122070312,993.0,997.2000122070312,14528169,391.8869716290837,395.26613397807347,390.85850752111554,394.7763977050781,8057989
2025-12-05,992.0,1008.0,990.2000122070312,1003.2999877929688,12843366,394.7763988983853,397.0292036956514,393.7479646784384,396.6374206542969,4419747
2025-12-08,1000.0,1006.5,997.5,1003.0999755859375,12901022,396.6374353457986,396.93126516491554,392.32773205787674,394.04180908203125,6056866
2025-12-09,994.9000244140625,1002.7999877929688,994.0,997.0999755859375,15294322,393.7479852919042,396.19666679247575,391.78904009144696,392.8174743652344,9426717
2025-12-10,997.5,998.5,985.2999877929688,989.7999877929688,15322830,392.86645232636994,396.09869983875063,392.7684990915125,394.8743591308594,6969146
2025-12-11,990.0,1002.7000122070312,988.5,1000.2999877929688,11844809,394.8743542225189,395.70691187176226,392.86644744298803,394.6294860839844,6980147
2025-12-12,1003.0,1004.7000122070312,998.2000122070312,1001.5,11988618,394.62950473294,395.7069305716336,391.6421252580969,391.8869934082031,12407516
2025-12-15,992.0,1001.7999877929688,992.0,996.0999755859375,9790060,391.8869873292014,395.07027323120263,391.29929779983655,394.04180908203125,7756564
2025-12-16,990.0999755859375,998.7000122070312,990.0999755859375,994.2999877929688,20049088,393.16027238279855,397.4209839187486,392.81745101487064,393.4541320800781,12347384
2025-12-17,996.0,996.0,980.7999877929688,984.0,19080922,392.76851874327417,394.8254172136723,390.9075267523928,391.5931396484375,8087490
2025-12-18,973.2999877929688,987.4000244140625,973.2999877929688,979.7000122070312,14912404,391.7890335950218,393.69901709025,391.6421186856499,392.1808166503906,7227668
2025-12-19,987.0,988.0,978.7000122070312,985.5,25952384,392.0339082415041,394.38463650382647,392.0339082415041,392.8174743652344,10654835
2025-12-22,988.0,992.9000244140625,983.9000244140625,987.7000122070312,13540411,393.35619843948285,395.3641052941498,392.96441538139317,394.4336242675781,6847871
2025-12-23,990.5,998.9000244140625,987.7000122070312,996.5999755859375,17927849,394.2377112153877,400.50632971362984,393.5520684568217,398.9881591796875,10081997
2025-12-24,993.0,999.4000244140625,993.0,997.2000122070312,13699996,399.5758645628573,401.09403515706003,397.323059617528,398.2535705566406,5777430
2025-12-26,996.0,997.2000122070312,987.7000122070312,992.0999755859375,9360853,398.1556179415121,398.7922691629462,395.5600214903535,395.8538513183594,3152453
2025-12-29,993.0999755859375,997.4000244140625,987.2000122070312,991.7000122070312,13545749,395.80487169747335,396.4904845621106,393.2092753640043,394.3356628417969,6647710
2025-12-30,990.2000122070312,995.0,982.2000122070312,990.9000244140625,33155849,394.7274371230106,395.1682117263742,392.0828492850893,392.376708984375,12340527
2025-12-31,991.0,997.5999755859375,987.5999755859375,991.2000122070312,10963454,392.8664555965065,395.462051940615,392.62158745289,394.7274475097656,9945109
2026-01-01,993.5,997.5499877929688,989.5,991.1500244140625,7132074,394.4336191525785,394.4336191525785,355.2547160290497,356.381103515625,282626710
2026-01-02,991.1500244140625,1003.2000122070312,988.7999877929688,1001.5999755859375,11751459,352.6101130575833,352.6101130575833,338.1628931475851,342.8643493652344,118790358
2026-01-05,1005.75,1006.4000244140625,976.2999877929688,977.5,27647379,343.0113122216596,346.68433442609853,338.9464770691755,342.5215759277344,48358124
2026-01-06,962.7000122070312,966.7000122070312,956.0,962.2000122070312,31988783,343.06028462397126,343.50105925874186,330.816876892923,335.42041015625,72582738
2026-01-07,956.0,956.4500122070312,946.0,949.0499877929688,52884712,335.9591026893029,337.4772732668689,332.33504210325714,334.2450256347656,29440734
2026-01-08,944.7000122070312,953.0,941.4000244140625,946.7000122070312,21928849,334.48988067886347,338.06494956001615,332.09016094008854,333.9021911621094,36706319
2026-01-09,945.0,950.5999755859375,933.2999877929688,939.0,38183839,333.9022093273418,334.0001625673181,329.20075271979715,330.22918701171875,35193201
2026-01-12,937.5,942.0,929.5999755859375,936.9500122070312,21071666,331.306606816801,332.5309475663088,328.9068869913131,331.4535217285156,16156143
2026-01-13,947.7000122070312,947.7000122070312,932.5999755859375,937.3499755859375,32042827,332.0412186059658,332.5309549165941,326.8500256697591,327.8294982910156,24922339
2026-01-14,930.0,940.0499877929688,920.2000122070312,925.4500122070312,36688248,329.1027892200336,329.1027892200336,326.6051460797269,327.8784484863281,14913422
2026-01-15,925.4500122070312,925.4500122070312,925.4500122070312,925.4500122070312,0,327.8784484863281,327.8784484863281,327.8784484863281,327.8784484863281,0
2026-01-16,922.0,935.9500122070312,919.2000122070312,931.0999755859375,37780235,330.5719932075216,330.5719932075216,321.805701727492,322.4423828125,30526898
2026-01-19,935.9000244140625,936.1500244140625,919.5,927.9000244140625,38191942,323.22593594715954,327.7804772481891,320.58134815114005,326.3602600097656,15507440
2026-01-20,929.2999877929688,934.5,919.5999755859375,931.2000122070312,36022727,327.1928108616433,327.6335854891576,318.81833206792464,319.6018981933594,18771011
2026-01-21,925.0,932.1500244140625,915.5,920.3499755859375,32766854,319.3080504008492,322.54029785029536,317.6919266761261,318.0837097167969,14177965
2026-01-22,928.0,928.2999877929688,913.2000122070312,918.7000122070312,44444755,319.4060118581559,321.9526465247838,314.4596574325432,318.1816711425781,18622852
2026-01-23,920.0,926.0999755859375,909.25,916.0999755859375,30985247,318.86727355776696,319.69983119529894,316.0758007306446,316.76141357421875,11950089
2026-01-27,906.0,931.2000122070312,905.0,926.4000244140625,44753093,316.95731824004827,318.034744006556,311.32535116493864,312.1089172363281,47847784
2026-01-28,932.5,941.4500122070312,928.4000244140625,932.7000122070312,35347138,313.38226801086364,317.0552902337236,312.7945784769798,314.5576171875,28400238
2026-01-29,930.0999755859375,939.2999877929688,924.3499755859375,935.5,37175628,315.97785732428986,315.97785732428986,311.52123919238704,312.0599670410156,17719420
2026-01-30,930.0,938.9000244140625,927.75,929.25,29691233,312.25583980702623,318.4754965339916,309.95410320661756,315.5370788574219,41975824
2026-02-02,915.0,929.7999877929688,909.2999877929688,928.0999755859375,28032106,303.09778990932085,308.92563359629287,295.8007075190383,308.2400207519531,35227572
2026-02-03,983.75,994.0,945.0,948.7000122070312,50336968,314.60661217674976,318.08372796245794,305.2036692056378,310.1499938964844,33168353
2026-02-04,952.5,957.2000122070312,947.9500122070312,953.0999755859375,24366770,312.5,314.95001220703125,311.3500061035156,313.8500061035156,11196759
2026-02-05,956.0,956.0499877929688,946.7000122070312,949.7000122070312,28103169,313.95001220703125,315.3500061035156,309.29998779296875,310.20001220703125,15816704
2026-02-06,945.0,948.0999755859375,937.5999755859375,941.0999755859375,18120272,310.0,327.70001220703125,308.29998779296875,325.79998779296875,68057745
