,TCS.NS,TCS.NS,TCS.NS,TCS.NS,TCS.NS,RELIANCE.NS,RELIANCE.NS,RELIANCE.NS,RELIANCE.NS,RELIANCE.NS
,Open,High,Low,Close,Volume,Open,High,Low,Close,Volume
Date,,,,,,,,,,
2024-01-30,3570.667580091148,3608.508336345958,3551.4893955843795,3564.19677734375,1411621,1449.2235971647833,1449.2484377227322,1394.1066401470152,1397.2830810546875,14093978
2024-01-31,3574.184314915353,3595.566445988201,3560.3516062355598,3578.638916015625,2459358,1393.6846609266845,1423.7124109217216,1392.1956815880876,1416.1434326171875,15130226
2024-02-01,3582.4367479301113,3662.0567819751186,3568.4165242500367,3614.462890625,2363107,1424.4569627393994,1432.745590517861,1407.631543948549,1416.1683349609375,13349362
2024-02-02,3634.063444426215,3736.612908383376,3631.2030759637855,3719.638671875,2826510,1422.6455164089482,1464.0639387350582,1422.6455164089482,1446.990234375,19652588
2024-02-05,3735.2998425709893,3771.874458152277,3715.6996914451147,3726.203125,1691523,1450.0177530325548,1459.6961190035063,1421.007495677393,1428.452392578125,8814432
2024-02-06,3748.428993682566,3891.8201438143014,3741.8643194379383,3878.78466796875,4474396,1431.256637826339,1431.256637826339,1409.3934322746634,1417.3099365234375,9047984
2024-02-07,3894.7277698637645,3896.603391231385,3820.593789517031,3829.4560546875,2124267,1425.3752031215413,1438.8504181404362,1418.7491963623445,1431.554443359375,9296568
2024-02-08,3835.6458733260915,3899.417002760364,3831.9415667460817,3877.00341796875,2345173,1439.3467435794867,1448.752105824393,1417.0368932886952,1439.4708251953125,14694634
2024-02-09,3879.301056539786,3924.503719974254,3845.024255187154,3876.628662109375,2100596,1443.31729322881,1461.1602045826953,1440.2896534634558,1450.0177001953125,12556798
2024-02-12,3873.1587133795,3900.9180054265194,3850.229055505786,3864.437255859375,1013716,1450.017752117624,1450.2659153474917,1431.7529141646626,1441.679443359375,6674430
2024-02-13,3868.8911494158424,3910.670430925413,3827.674187966924,3891.4453125,1257415,1444.806250056761,1468.1335924657844,1443.3172707540573,1454.335693359375,7715594
2024-02-14,3851.5884779156377,3858.997090733716,3797.6643636034514,3845.11767578125,1391283,1446.7916226083244,1472.749520552248,1446.7916226083244,1470.4912109375,7117888
2024-02-15,3871.282423660838,3888.444175657724,3829.0809437517446,3848.02490234375,1091582,1472.4517353218182,1473.8166331337911,1455.7503978374216,1459.79541015625,10006782
2024-02-16,3857.450096117476,3889.992312550588,3845.1179762463685,3871.56396484375,1307556,1465.6271998466532,1466.1483668657747,1447.8339689108675,1449.843994140625,9767498
2024-02-19,3866.640258482223,3871.5637647018066,3802.8224229354896,3848.58740234375,772291,1451.3082561823699,1468.6300012389227,1442.8458657695369,1463.17041015625,6729828
2024-02-20,3828.236868254403,3843.1479657037125,3760.620630178596,3779.986328125,1193648,1464.1878968342883,1464.659382736365,1451.0600862084646,1460.21728515625,7117496
2024-02-21,3763.434414830734,3810.6532761089843,3733.04943912238,3743.271484375,1885939,1463.170510366537,1477.5888193115914,1446.8414171157522,1456.916748046875,12720292
2024-02-22,3724.0463538039667,3840.287946278356,3724.0463538039667,3832.92626953125,2982052,1457.36346935178,1474.0399663973683,1447.2880175600008,1470.863525390625,18493728
2024-02-23,3873.1583931027276,3873.1583931027276,3794.757322908657,3800.10302734375,2538072,1478.556551746289,1486.5474563697878,1472.4517119404402,1482.6512451171875,14438584
2024-02-26,3785.004223439635,3798.1335740660365,3735.0658005213595,3752.227783203125,1379284,1482.5768223248915,1483.5446346905887,1471.607959051116,1476.3974609375,7513106
2024-02-27,3750.3047523909354,3867.5310824856756,3750.3047523909354,3849.14990234375,2960475,1472.1291493159843,1488.9297276070065,1467.1907251784094,1474.73486328125,10826044
2024-02-28,3840.897439611253,3896.5094287124366,3834.7077976577866,3862.79541015625,1939225,1472.1042938560004,1480.3185210789975,1439.5205099276588,1444.930419921875,8647950
2024-02-29,3844.08608110517,3880.7545712662445,3811.778548098447,3840.4287109375,3772719,1454.2365988812116,1468.1088998815815,1443.8385832706604,1450.0675048828125,23628976
2024-03-01,3851.7760560015763,3882.536061925083,3832.644581510238,3839.72509765625,2043265,1452.7475417409498,1488.979373154373,1451.7548888255137,1481.1622314453125,12132926
2024-03-04,3849.71267244036,3861.8103380983325,3822.4222912670302,3826.923828125,1749271,1479.5243736818861,1501.337897909408,1476.2982516112518,1496.3250732421875,10024420
2024-03-05,3809.387240696813,3811.2628621841086,3732.4867597177044,3762.590576171875,2070859,1494.712091681268,1496.3251528023525,1475.1320355384912,1489.177978515625,7107668
2024-03-06,3745.662985779128,3818.7652862706927,3712.276832263034,3811.544189453125,1744204,1482.4773919378927,1497.9131926576536,1467.6372798835923,1491.957275390625,7805676
2024-03-07,3812.2007150112554,3867.5315494972733,3786.598435635506,3853.08935546875,2688905,1491.9325571368477,1492.056638756749,1464.7091224345347,1468.059326171875,8315726
2024-03-11,3834.70829378674,3894.7281839316047,3834.70829378674,3865.984375,2304068,1478.060279979328,1478.060279979328,1452.747629113329,1455.8248291015625,11277130
2024-03-12,3865.983989585085,3966.8925114142617,3864.764560938834,3931.536865234375,4039801,1455.8247263461558,1477.0675227494196,1454.261346490045,1464.5849609375,9432678
2024-03-13,3943.493961270788,3977.255146194866,3874.9399080779876,3890.9765625,2837260,1468.9029635812572,1472.2034859914554,1417.2850129833478,1421.6527099609375,13522134
2024-03-14,3895.150256479137,3962.250432711918,3831.8947380025797,3945.9326171875,2919608,1429.1223094125826,1437.8825438227764,1415.0266869213976,1420.957763671875,18571102
2024-03-15,3931.8648606659913,3975.3791814488654,3917.2349235460983,3956.857421875,3373143,1415.4733954219128,1422.694969713975,1402.5193474045138,1407.80517578125,19223818
2024-03-18,3953.106903991148,3990.1504299285543,3861.764225288072,3894.25927734375,1526904,1409.56727675182,1431.1326391984185,1406.1178317705178,1428.899169921875,9169392
2024-03-19,3799.3056461900082,3805.6358684946754,3719.9200610190014,3729.95458984375,8931209,1418.252849649116,1427.0378036957165,1406.8373411480031,1414.778564453125,8275764
2024-03-20,3738.113425638154,3768.123367840969,3713.9178639455963,3723.952392578125,1817913,1417.4587350761735,1434.3835163859578,1413.562644941621,1433.1427001953125,8488806
2024-03-21,3741.9114094702163,3759.1200974295043,3702.476426060684,3725.874755859375,3829582,1441.8532357214951,1447.1887452733042,1434.060934378195,1440.3145751953125,13006936
2024-03-22,3654.6483605203457,3693.098599879169,3615.260310445454,3667.683837890625,5852485,1439.321893152815,1449.2732629085037,1436.716179238339,1444.3348388671875,19527608
2024-03-26,3634.0165571732955,3701.257540323518,3630.6872833100233,3636.361083984375,3440925,1434.3835274360674,1441.7291835759677,1428.4276096750873,1430.983642578125,11415906
2024-03-27,3646.6769913107573,3652.772761001774,3591.252286075508,3602.037109375,1968575,1437.3613782559069,1488.979328303771,1436.368725370371,1481.8818359375,16326644
2024-03-28,3610.6650016041267,3671.5288233376846,3601.661927465741,3635.235595703125,4311783,1481.90676076149,1494.8856495085238,1467.786296896486,1474.933349609375,21854364
2024-04-01,3655.3048258696854,3688.690979343402,3646.2550439346555,3673.170166015625,1569676,1481.5095896793896,1482.9985690062601,1471.60790139039,1473.8662109375,5013880
2024-04-02,3648.0836677291272,3666.6993019354495,3632.140885633653,3642.269287109375,2142666,1473.0968689675985,1483.0233977342266,1464.1629930776332,1476.025146484375,8910166
2024-04-03,3611.5093322726466,3733.424734296911,3611.5093322726466,3701.820556640625,3973090,1471.186101560143,1473.5436523631188,1458.1079713887636,1460.7880859375,7008292
2024-04-04,3728.6414957560305,3778.1110105154908,3690.519582126367,3754.337646484375,3394637,1468.8780939901114,1468.8780939901114,1439.3466709144527,1452.1767578125,14490272
2024-04-05,3730.6111838217394,3753.118641944344,3714.19949560734,3731.783447265625,1636819,1450.1417667351745,1459.9938949751336,1445.3025839763254,1449.3724365234375,7442298
2024-04-08,3735.3000761758317,3781.8622865716975,3713.7304297404708,3725.5,2302538,1452.226356281804,1480.0206375610207,1450.2658910334067,1475.057373046875,8357118
2024-04-09,3736.2381554944186,3766.107520484254,3680.9542556869656,3701.1171875,1876992,1478.060211901015,1478.8543827139295,1451.7549092714805,1452.896484375,7071414
2024-04-10,3710.3540167302876,3742.0520629416483,3674.342178842318,3736.84716796875,2101965,1455.5766564963697,1476.0749645358123,1455.5766564963697,1468.7044677734375,9138330
2024-04-12,3724.0460679227617,3763.762440285618,3700.131896496917,3752.555419921875,4354821,1465.0317226594827,1475.5538200544618,1452.3257159957793,1456.370849609375,15551012
2024-04-15,3752.555521752734,3811.450077595125,3675.326950485817,3696.099365234375,4200329,1450.2658952456557,1471.2356878788278,1435.6986653849476,1454.062744140625,12902062
2024-04-16,3659.337150142385,3684.376648663715,3622.6219548397376,3631.953125,3051420,1442.6720371000315,1460.3661473678603,1440.2649265731254,1454.98095703125,9366184
2024-04-18,3635.704595429841,3691.2229435040135,3610.571222685582,3621.824951171875,3476284,1452.7476380801534,1475.0823301585979,1448.628103973215,1453.5665283203125,19005692
2024-04-19,3599.3174326502835,3612.9626239981167,3564.5245644253832,3588.251220703125,2957749,1446.0720814485837,1463.1705049395248,1432.4231028577299,1459.323974609375,15741778
2024-04-22,3598.379760081903,3636.8299998951316,3574.934491903105,3624.263427734375,1728883,1461.6317610616636,1471.9305352298081,1457.0160218672338,1468.9774169921875,10350362
2024-04-23,3635.9390541705266,3652.772710601142,3620.5121138030436,3633.735107421875,1807586,1468.1337674689391,1482.5272357774581,1444.8561033979943,1448.603271484375,14605554
2024-04-24,3648.0837008405756,3655.586186600659,3586.6101623523527,3592.7998046875,1317312,1452.7475596039474,1457.7605053579202,1438.8504186169605,1439.5205078125,10462776
2024-04-25,3574.184280775608,3632.7505162587627,3573.9967644173494,3612.634521484375,2856271,1431.9018276580116,1457.189636393573,1430.9091747445573,1449.2484130859375,15943926
2024-04-26,3615.40045191068,3635.7041888252825,3566.0717516037967,3583.70263671875,2039178,1453.194198141131,1454.236532179651,1439.3467383348082,1441.8780517578125,9413848
2024-04-29,3599.3174341023114,3636.6423454168485,3581.6865473099597,3629.514892578125,1110693,1439.3467183436048,1457.1152296530197,1439.3467183436048,1454.2613525390625,7247974
2024-04-30,3631.2030581143713,3640.3467125091584,3573.058794270598,3583.04638671875,2203078,1457.214576809603,1472.178772035999,1452.1272302795285,1456.221923828125,11474262
2024-05-02,3543.0955870607045,3630.35891420508,3543.0955870607045,3623.0439453125,2491044,1461.1850562736174,1466.4708844514234,1453.3679147531318,1455.775146484375,14512646
2024-05-03,3648.224242496259,3651.459872612422,3561.430044438285,3604.381591796875,2962234,1460.1925152681529,1464.1134460205978,1405.7455242326487,1423.46435546875,17226958
2024-05-06,3613.384573734727,3694.927167103904,3613.384573734727,3677.20263671875,2053831,1424.9533097670264,1429.4202480421582,1407.5818831415143,1409.095703125,7394208
2024-05-07,3686.3462169354693,3739.988941315255,3670.12204659911,3731.501708984375,2062112,1405.571689953147,1410.311631866643,1381.772860502106,1391.17822265625,14517472
2024-05-08,3714.6684289785862,3736.519465528825,3693.6615594889295,3729.62646484375,1247685,1387.2324157830615,1422.42191231512,1387.2324157830615,1408.1278076171875,9439002
2024-05-09,3715.606562341274,3724.04685993367,3666.8873348078246,3713.91845703125,1726486,1402.6185253372132,1413.2895438420787,1379.7875090012217,1383.8822021484375,11009612
2024-05-10,3716.1689930361385,3726.484911351382,3643.4417231221314,3651.7412109375,1672489,1386.4879762578594,1399.6406275450738,1377.8766636438304,1397.0845947265625,10505096
2024-05-13,3642.925840662716,3709.0414982162547,3629.327584853832,3702.289306640625,931326,1389.6149314683873,1396.6379028351905,1373.8317248456565,1392.394287109375,8456620
2024-05-14,3691.2230172569975,3700.413608162642,3650.803283386374,3658.587158203125,1058317,1390.681954289976,1416.5901722719507,1389.7389824487905,1409.6416015625,7188300
2024-05-15,3661.6816503123987,3682.7354534258484,3634.485141704623,3639.080322265625,1115021,1410.063563528233,1419.468926315315,1402.6435067088078,1405.86962890625,5046534
2024-05-16,3675.637945909043,3693.018989202287,3630.673611714795,3684.9423828125,2599399,1408.1278405018506,1417.0120356183081,1387.75361519461,1414.8778076171875,14711774
2024-05-17,3701.992673680125,3702.937300542508,3617.9208829280115,3621.7939453125,2765804,1412.5948920294334,1426.6408349602225,1402.8668442157614,1425.15185546875,10916476
2024-05-21,3618.4880769854944,3631.854456042576,3599.0759470919206,3608.663818359375,1908117,1415.1260338425998,1431.231803864575,1415.1260338425998,1425.57373046875,11176128
2024-05-22,3622.644183451547,3628.548101612322,3606.160490071024,3619.810302734375,1311168,1425.722543020764,1457.9837617014118,1425.722543020764,1449.91845703125,10281604
2024-05-23,3628.264752304816,3688.7681531563644,3613.6703123942825,3677.857666015625,2095742,1447.8340020088174,1481.2615172416956,1444.3100355832012,1475.1319580078125,14608260
2024-05-24,3663.4990864307915,3668.7418115804035,3631.429050950218,3636.341064453125,1309452,1472.724715385057,1477.5638984586112,1465.2549777906743,1469.37451171875,7094776
2024-05-27,3641.536837624862,3691.9327769001197,3628.642772199506,3634.027099609375,1841538,1469.3497180106694,1473.990419113941,1450.8119965034373,1455.4774169921875,6629010
2024-05-28,3644.370544047232,3655.706066734782,3617.9209911096164,3627.272705078125,1801993,1457.2145743340495,1467.637430621861,1442.0766163922278,1445.501220703125,7820162
2024-05-29,3635.774643725855,3635.774643725855,3589.582477254128,3593.0302734375,1568095,1435.8724890871501,1447.287997987601,1427.8815843874524,1430.1895751953125,7383556
2024-05-30,3567.856098444586,3584.292515624753,3509.714261782953,3529.220947265625,2919230,1424.9532474164846,1429.817270893488,1409.6663684202383,1414.3814697265625,13206858
2024-05-31,3532.904510318457,3542.1618998121,3451.430442400017,3467.677978515625,10956800,1420.7841589242364,1431.653659822201,1411.800601617005,1419.8907470703125,31069832
2024-06-03,3526.1032967744277,3543.815050940118,3491.3409811408733,3497.811767578125,2156773,1472.1043222829317,1503.3728901534053,1448.2806515244756,1499.228515625,21527942
2024-06-04,3495.1194153242764,3537.627624429572,3392.6274000370645,3509.288818359375,3395997,1487.0437791255476,1487.0437791255476,1349.3131842665355,1387.0091552734375,36709098
2024-06-05,3510.2334721952598,3574.2792205302862,3495.1194421750433,3538.997314453125,2799670,1411.5524616660985,1420.6352601794422,1373.9308915121778,1410.3116455078125,17464890
2024-06-06,3571.63435096414,3627.2727837806888,3534.321587974697,3618.298828125,4328036,1424.4569533735907,1433.0929853880773,1410.9072166555904,1421.0819091796875,17855722
2024-06-07,3624.8165722996846,3698.2140306925203,3624.8165722996846,3678.32958984375,4552445,1418.004611799037,1461.1850112482903,1416.0193060772324,1459.1500244140625,18558696
2024-06-10,3679.3217405498876,3689.6180814133613,3629.161960387638,3645.03173828125,1734661,1459.150058153404,1482.3781598703026,1457.2888339961758,1460.5894775390625,9251760
2024-06-11,3632.0904200618043,3665.1050839975637,3628.3119124726636,3638.79736328125,1419898,1458.20717740815,1462.847878399236,1443.9874724286744,1445.9727783203125,11774902
2024-06-12,3659.862044439457,3677.9045088776033,3615.511861543188,3619.479248046875,2177001,1446.7915758989445,1465.155654220818,1444.4837064170613,1452.57373046875,10081742
2024-06-13,3643.236896058969,3674.598461482482,3638.7026410361236,3663.404541015625,1932323,1461.1851486521073,1461.433311890669,1449.3725542618724,1454.4847412109375,9181160
2024-06-14,3673.6538756786167,3673.6538756786167,3616.031636949793,3619.857421875,1860730,1459.199879544848,1468.8038455887872,1446.518713499826,1466.6944580078125,8157998
2024-06-18,3614.1900547154564,3629.2568087209993,3584.906618726297,3603.846435546875,1774045,1476.4224025999808,1476.4720837189377,1460.5399547367645,1470.1439208984375,7196766
2024-06-19,3615.7010098615556,3621.557881055292,3582.9225030243783,3591.18798828125,1509050,1476.571240472528,1476.571240472528,1445.3026730272272,1447.9332275390625,8725874
2024-06-20,3585.8035709865335,3598.981069597492,3570.736818650082,3577.5380859375,2846526,1448.2806091505108,1471.9553570393568,1439.4459739347105,1462.87255859375,16113776
2024-06-21,3615.087002922448,3663.074093663598,3587.7401013764106,3599.73681640625,4642195,1462.7982011333013,1463.8652545834836,1429.9909727182371,1443.515869140625,31170360
2024-06-24,3597.8476118252383,3643.4258585651314,3581.363918973201,3605.451904296875,1702154,1434.9045699529108,1438.8503408924523,1426.9385064042085,1430.88427734375,8878386
2024-06-25,3605.6411180787836,3634.5938422484783,3582.8755160198134,3625.9033203125,1338808,1432.3982039886682,1445.2282918111714,1430.4128980926341,1443.46630859375,7045386
2024-06-26,3631.6179924136177,3652.8248194664434,3628.3117983770853,3642.339599609375,1639845,1435.425808927042,1507.8149506909176,1434.5075565031482,1502.9013671875,22014882
2024-06-27,3618.865541478185,3723.7191241208575,3606.679947095457,3716.3037109375,4526556,1502.6284353235128,1526.2039433921725,1494.935374795845,1519.3050537109375,28383030
2024-06-28,3700.8591386940006,3740.722345851188,3682.013879060851,3687.96484375,2731571,1519.7764812043604,1569.3842873036351,1519.7764812043604,1553.89892578125,28957336
2024-07-01,3668.930984521538,3780.1135277066987,3668.930984521538,3757.914794921875,2658723,1551.0450507194453,1567.7960689891884,1544.2454023527885,1548.6875,7724306
2024-07-02,3772.462155624164,3800.61185331036,3762.023982045802,3794.944091796875,2307449,1557.968712393485,1561.939323957406,1545.5605512562322,1553.675537109375,7749246
2024-07-03,3797.399960989219,3803.162277059337,3735.9992153513335,3745.681640625,1821198,1554.8170660210362,1563.4283787351976,1531.440162014497,1541.019287109375,9049620
2024-07-04,3778.3661175753045,3823.2358967427767,3761.598989570618,3798.297607421875,2518001,1545.5606622734106,1555.983518377374,1539.4062623766438,1542.6075439453125,6837176
2024-07-05,3787.953678275629,3803.7761780539627,3767.171887521997,3789.654052734375,1668616,1542.4088769403465,1586.755694667964,1536.6267221432645,1576.9532470703125,12269710
2024-07-08,3799.2895303521054,3808.0273294957547,3757.7732227074534,3772.084228515625,1758882,1577.325467706802,1596.9800437158895,1570.8980643748457,1589.1380615234375,9500806
2024-07-09,3764.3382334203675,3785.0727479543702,3754.9865192673674,3764.810546875,1305801,1585.8623208770043,1588.7410386525216,1568.887979750272,1578.5911865234375,6960002
2024-07-10,3763.109966642414,3781.6247453008073,3685.933998497865,3692.68798828125,2669716,1583.2814308954767,1585.7630632323035,1551.6654591589945,1572.5855712890625,7134578
2024-07-11,3713.3281952652137,3759.6149115124776,3679.8884965924376,3706.432373046875,4872189,1575.8365135146928,1592.4634499565013,1558.9614138424095,1569.036865234375,11940946
2024-07-12,3759.6146640167212,3967.385513175067,3751.39645698104,3952.271484375,13509164,1572.8586162043875,1593.3569240772113,1562.9320865975437,1584.9937744140625,12924784
2024-07-15,4001.155815302139,4005.2175259371584,3926.860550454721,3938.338134765625,4848030,1592.6620057625546,1594.0517441522056,1573.8512804915936,1585.4901123046875,5329688
2024-07-16,3940.983388073058,3962.2845399612966,3915.383907085896,3947.076416015625,2029521,1581.792452589091,1588.24469666931,1557.5965372882695,1564.669189453125,9386838
2024-07-18,3929.6477061172545,4085.51113676854,3929.6477061172545,4076.584228515625,5613364,1564.4210812674708,1582.1895936713806,1546.3795650620239,1575.0177001953125,12298374
2024-07-19,4087.8043639433604,4126.955499689888,4057.3641651955472,4073.60205078125,3903354,1574.3475621142547,1578.293333314245,1541.3915329908289,1543.7242431640625,13140390
2024-07-22,4071.282329598796,4090.2187458114163,4038.1907573413023,4059.352294921875,1896386,1525.9557698439748,1526.203933085127,1488.2597977476694,1489.6495361328125,19674376
2024-07-23,4055.233368947045,4129.748348674782,4039.4212771190782,4073.554443359375,2365208,1489.9719903646578,1494.6870915999891,1452.2511804820083,1476.96826171875,18052044
2024-07-24,4059.494423388743,4108.350472060897,4041.1261912304362,4077.247314453125,1809793,1474.0895996286229,1498.4095963901725,1465.552808673545,1484.7109375,11913362
2024-07-25,4066.5954836949645,4112.042883745572,4046.901795265646,4092.633056640625,2810342,1470.1190347480779,1489.4509269223795,1466.2228234080762,1481.435302734375,12519876
2024-07-26,4118.671036198701,4187.268397348249,4106.409520256929,4154.50830078125,3552210,1481.4352554076795,1501.3131545447015,1479.4002684339398,1497.9381103515625,9859940
2024-07-29,4180.213339815366,4195.362470831685,4138.553229520491,4148.1162109375,1746803,1500.8414953005092,1516.2772962786503,1500.6678537480493,1508.931640625,7538550
2024-07-30,4157.584736158652,4164.117706946695,4097.177294216961,4133.2041015625,1797906,1505.8793670988641,1513.7957501477324,1498.9059558839842,1502.0328369140625,8228208
2024-07-31,4118.670902108038,4179.267439518362,4113.936797622856,4152.14111328125,2330091,1492.9499231376883,1499.3524857083617,1490.1208866802617,1494.364501953125,10057346
2024-08-01,4165.443616342355,4184.285259071731,4132.920227203137,4163.26611328125,2202244,1500.8913109431162,1506.8472288436842,1493.2479314401046,1504.1671142578125,10764222
2024-08-02,4132.872913485503,4164.11800080395,4042.9249348414887,4055.28076171875,2811282,1493.9426800961044,1498.2358556077295,1482.303848567256,1488.309326171875,10268248
2024-08-05,4013.5736879846177,4013.5736879846177,3891.907205581687,3934.087890625,2787771,1469.126390399314,1472.997761203301,1422.7198642160924,1436.69140625,17046704
2024-08-06,3949.142201061965,4031.799467797811,3939.531600575893,3949.37890625,2203067,1444.4588830824964,1466.6446510309138,1440.6619130584993,1445.352294921875,10236186
2024-08-07,4003.1587050867174,4019.207504026678,3957.995163908957,3977.073974609375,1237666,1458.2071184913539,1461.6814036613468,1450.7622216985117,1454.062744140625,8174568
2024-08-08,3958.6580478204482,4006.945912072743,3938.7748095989155,3950.6572265625,2441283,1446.8164580997684,1454.2365143735713,1435.3017085687702,1438.4781494140625,12387192
2024-08-09,3992.74326394149,4027.44415336694,3981.901980990388,4003.868408203125,1302536,1449.2732763644294,1465.6520496932055,1445.3026646483625,1463.46826171875,6249776
2024-08-12,4005.051951129163,4013.5733382592252,3963.7233160113306,3972.528564453125,936912,1459.199797918004,1462.1777566892652,1447.0397996020206,1449.8936767578125,8184584
2024-08-13,3988.956544779889,4008.8397841438527,3960.5519171170845,3973.76025390625,1495593,1450.0178268110735,1459.2742672925806,1447.28803114191,1452.8717041015625,6265064
2024-08-14,3985.168737449799,4077.1999039105713,3965.42743135513,4066.83203125,3226545,1452.7972017764512,1461.1850703208015,1443.0194737625147,1451.109619140625,6267466
2024-08-16,4118.670675923561,4191.575880991633,4095.0949293450403,4181.2080078125,3457058,1457.8598362701878,1469.5235088888628,1447.3377388233519,1467.339599609375,9416902
2024-08-19,4185.894466979573,4255.249085777639,4156.874503931808,4251.22509765625,2055210,1476.6025720306277,1492.3397678065596,1474.6105280885965,1482.4791259765625,13797742
2024-08-20,4265.428244901237,4322.23750010525,4260.694140300903,4282.7548828125,2212298,1491.268975771349,1497.9423959482733,1484.0976661921165,1489.9990234375,8411808
2024-08-21,4277.737064489385,4317.503544504559,4253.640286316128,4309.45556640625,1896990,1487.30978907883,1501.8766102174725,1484.072717714687,1492.7132568359375,7769996
2024-08-22,4317.503505386495,4318.403170209416,4258.04333501898,4262.587890625,1829872,1497.0210123494212,1500.5070892244864,1484.720165407205,1492.1654052734375,10445782
2024-08-23,4260.6939984141445,4266.374923745363,4218.087058430003,4226.513671875,1809253,1497.768063961028,1505.3128818837536,1492.4642955105633,1494.008056640625,9249654
2024-08-26,4250.278746663329,4310.0703901887255,4246.491463306979,4263.013671875,1844164,1500.9802618699923,1516.941539085057,1497.021098650585,1506.5828857421875,8816114
2024-08-27,4265.427753015881,4270.161857070282,4248.195429331919,4257.9951171875,930697,1504.4912711730515,1507.4544123852302,1493.485179145279,1494.481201171875,6251156
2024-08-28,4259.510755261752,4319.870590915642,4220.264841898864,4266.42236328125,1848058,1499.0131426615155,1501.4782728482842,1487.0608784010915,1492.33984375,9610286
2024-08-29,4222.821074859477,4313.715878264525,4222.821074859477,4271.8662109375,2133641,1497.1205913811584,1530.885760314005,1488.0568158159556,1514.874755859375,38335358
2024-08-30,4260.693828489569,4348.038051973605,4249.14242918416,4311.58544921875,3637222,1527.89778785993,1533.599989641746,1497.3447635789732,1503.6197509765625,41620730
2024-09-02,4332.651517478462,4344.013365863458,4272.054992758483,4280.62353515625,1216500,1504.8647654458696,1520.7264647058682,1500.6316718721823,1510.2183837890625,11240852
2024-09-03,4280.623781915076,4313.620577631577,4256.811332431798,4272.38671875,1717263,1515.1984708784905,1516.941509382377,1501.5031683479538,1503.1217041015625,10923800
2024-09-04,4238.870348246334,4248.385714117528,4200.760804008931,4241.0478515625,1265505,1494.7301447200666,1511.4633627071519,1493.534966971581,1508.525146484375,11983304
2024-09-05,4242.704111797141,4259.746886626945,4217.281880213047,4237.9228515625,1688793,1513.0072347057646,1519.7054581926027,1481.1345314015284,1487.035888671875,16264168
2024-09-06,4236.029645395859,4278.6365868505345,4203.8848901946485,4219.744140625,1649179,1486.5627588054047,1491.0448575756723,1455.8105811316245,1458.997802734375,19394228
2024-09-09,4218.0871166522065,4251.462553433798,4194.890004562873,4212.9267578125,1184938,1460.666261949736,1464.07768593117,1449.809597840599,1456.63232421875,9010298
2024-09-10,4206.204954860188,4298.519998376398,4204.311312941907,4268.126953125,1385591,1454.6901127162012,1466.1942153054945,1451.7766997689328,1455.7110595703125,10768260
2024-09-11,4281.002847436805,4307.419053790383,4233.472261056025,4241.1416015625,1325919,1457.2300550346945,1462.9073318760024,1441.7917138302157,1445.7259521484375,9760202
2024-09-12,4270.398636628928,4291.5601745835365,4195.6469473824145,4277.45263671875,2742216,1451.2039809867947,1480.088617533546,1440.1232367942907,1473.913330078125,22349376
2024-09-13,4289.098667337487,4305.194622601226,4265.428144890812,4282.09228515625,1458786,1470.5268529366479,1477.2500011980833,1463.6542770635715,1466.766845703125,8711328
2024-09-16,4286.258044672285,4304.2947971775275,4255.43921052289,4273.2392578125,1155120,1471.6723576050656,1475.0090069946318,1458.9232273463058,1465.4969482421875,5481774
2024-09-17,4273.239877374013,4294.5905059936595,4228.502585133184,4266.0439453125,1699364,1468.1364260685732,1471.5975781970765,1460.790763828237,1466.4432373046875,5935328
2024-09-18,4257.901071253871,4257.901071253871,4091.213423900801,4115.02587890625,2961779,1464.1522884024148,1476.10455198121,1454.7399294679985,1457.6282958984375,8574714
2024-09-19,4156.590213092944,4187.0308697971805,4054.096867781264,4067.683837890625,2927551,1460.4171894563083,1470.6264144806405,1449.7598031867433,1463.82861328125,16955902
2024-09-20,4087.330983142617,4100.397388735434,4002.685288545634,4057.03271484375,5447908,1468.136427109257,1489.0528890965668,1465.5218693608433,1480.0140380859375,30897320
2024-09-23,4071.3297402117255,4080.229763925027,4026.8291593303416,4041.5048828125,1702319,1485.0687739665293,1495.5270047691104,1483.026880271187,1487.434326171875,8832314
2024-09-24,4025.5503382140823,4062.807827087179,4014.5199689698525,4044.1552734375,3012026,1482.5786761041754,1494.530939532627,1481.9561623839436,1483.4501953125,17137444
2024-09-25,4026.2131833235376,4061.482255162534,4014.5198549622787,4047.421875,2713073,1477.9970102640052,1490.5468626388433,1474.3116560624171,1488.0069580078125,7069002
2024-09-26,4033.456595579135,4087.235831927587,4033.456595579135,4064.228271484375,3964251,1484.7202013028073,1498.017070530802,1482.1305684499498,1491.9910888671875,18818998
2024-09-27,4104.468587471434,4145.181886032281,4071.37701220358,4079.5673828125,3012477,1493.0369361114394,1527.3747692811157,1486.0647823070499,1520.1038818359375,20597478
2024-09-30,4058.926294354151,4070.1462141244547,4033.504061536598,4041.5048828125,2503416,1513.3558880158446,1518.9086621673466,1468.5348969230117,1470.701171875,27008814
2024-10-01,4029.24305749041,4067.3054384533193,4017.313485300845,4059.872802734375,1823365,1474.7599230273088,1482.0308103038055,1457.0057588364782,1458.997802734375,16431642
2024-10-03,4035.9187010687683,4051.4464707512293,3986.1158312368952,4007.656005859375,3350119,1430.8602791168494,1443.634334423912,1396.4975195620746,1401.3780517578125,37757294
2024-10-04,4000.31754357298,4069.435456160158,3999.417878962704,4026.118408203125,2965463,1398.34020617394,1411.711728297617,1376.2782950115372,1381.0093994140625,37072876
2024-10-07,4046.6175121163583,4068.7258712834955,4004.483984564525,4045.62353515625,1472619,1387.9566419173104,1390.9447078848398,1355.9594355150189,1365.272216796875,22181340
2024-10-08,4045.3869945057163,4051.825191579924,3980.3878333935318,4027.06591796875,1541867,1367.513224520688,1395.4267642320656,1359.669551595401,1391.791259765625,17020808
2024-10-09,4033.457129138987,4066.5958614206456,4020.8645957979184,4026.7822265625,1082504,1391.9656892391695,1395.4019165531051,1367.0402140253339,1369.1318359375,14310610
2024-10-10,4027.065743241721,4065.506761861307,3975.322076727874,4002.59033203125,2378875,1374.5352199766685,1380.4864268287754,1363.9774115920343,1365.595947265625,22358646
2024-10-11,3922.6790858954605,4016.367201197805,3893.753891609714,3928.549560546875,5759183,1364.5501018082973,1377.7723178051706,1363.3797273571677,1366.6417236328125,7980122
2024-10-14,3919.8382019814067,3943.8873583904956,3902.984976280472,3916.666259765625,2137590,1373.962442591221,1374.5849563155427,1362.8070452852592,1367.0650634765625,12221432
2024-10-15,3911.3637780765134,3948.1954760800095,3877.2310740598678,3897.87158203125,2759474,1353.1207855156183,1366.243302159234,1335.3666207605413,1338.678466796875,33762794
2024-10-16,3867.7635041374742,3896.168132074836,3850.910045329815,3877.184326171875,2359151,1334.6695151768993,1358.5740438069333,1332.3039628645522,1348.6884765625,20034438
2024-10-17,3894.0845506582914,3910.3228978529323,3875.2902957519555,3890.48681640625,2522659,1360.2671814831224,1363.0062419523483,1346.6715786036464,1351.0291748046875,15543660
2024-10-18,3881.944889664929,3935.2384902660306,3872.4535818662375,3913.3134765625,2361000,1346.796043723323,1362.9814005892638,1335.9891081789099,1353.8927001953125,12082452
2024-10-21,3922.3776803062365,3929.3538837407996,3862.9620049373275,3872.31103515625,1595450,1361.686598848784,1368.5342502099143,1352.3239675798945,1363.7532958984375,14067408
2024-10-22,3859.1654759681237,3881.75483326371,3802.5499216715493,3811.234375,1928049,1363.7532474009167,1370.5262455038624,1334.8935348257999,1338.006103515625,15831960
2024-10-23,3796.143361546141,3904.2965301967497,3791.919544419266,3859.40283203125,1966476,1332.1793705575924,1352.0748848775756,1329.689315659354,1333.2003173828125,17214742
2024-10-24,3800.319338767848,3871.504141566946,3800.319338767848,3841.986083984375,2676744,1329.9633130042932,1338.3547254831988,1317.8616212723593,1334.4703369140625,22155934
2024-10-25,3850.6706983285853,3883.842769480241,3827.5592734218494,3851.145263671875,1759676,1338.1555171764887,1339.002111534351,1316.7410448137834,1322.5677490234375,18597496
2024-10-28,3861.9653632236445,3923.7063623671393,3844.928513292037,3882.75146484375,1532534,1331.6813526124565,1347.6177038778262,1316.8406011796387,1329.0418701171875,10824350
2024-10-29,3887.497254393904,3894.7580119042254,3853.5658302619245,3867.945068359375,1445885,1322.8167478889227,1337.856655249044,1315.0478495098762,1334.66943359375,12008361
2024-10-30,3867.7076804676617,3898.079863479923,3853.518222560894,3876.86669921875,1935002,1329.6893351932274,1344.62966480214,1320.0776988278842,1338.553955078125,11984423
2024-10-31,3862.9619045386735,3870.839735602275,3758.5575287403312,3766.57763671875,3740372,1334.6694245700712,1337.6574904459744,1320.8745447599274,1326.7510986328125,9331650
2024-11-01,3786.889338989994,3795.5262896074955,3773.791288560614,3781.526611328125,154895,1327.7471304089104,1336.6116286385318,1327.6972806767253,1333.3248291015625,2127335
2024-11-04,3764.5371079100955,3788.834714578836,3714.1856783834955,3762.496337890625,2269192,1332.5280301195805,1334.6695017714562,1279.9878687625326,1296.9700927734375,19796890
2024-11-05,3740.61911840681,3783.234994421101,3740.61911840681,3769.330322265625,967590,1287.8564249120313,1304.3406373759979,1281.0336986406933,1300.1075439453125,16267479
2024-11-06,3799.9398000465167,3938.7024316660963,3773.031851752117,3929.06884765625,3792017,1304.7888451117578,1323.0160966964434,1295.0277806900112,1320.0777587890625,21625209
2024-11-07,3957.5905174928102,3991.8537654616457,3877.246463642715,3939.74658203125,3724349,1318.7331565363688,1318.7331565363688,1297.4182609581876,1300.4561767578125,9611974
2024-11-08,3943.637967299403,3957.6376448006463,3908.187843785678,3936.044921875,1648039,1292.4879180085577,1296.4720058402277,1269.9279963447846,1278.6431884765625,19814406
2024-11-11,3918.2017604204366,4018.9041625726113,3908.188152909336,3985.115478515625,1406487,1273.8622221377802,1280.884225507143,1261.9598084895413,1267.6370849609375,9056552
2024-11-12,4001.534781984057,4003.4330432658335,3952.512277070728,3983.880859375,1587640,1270.4759075040322,1284.1712099692156,1262.4578817905294,1269.1810302734375,10671091
2024-11-13,3965.5632315109633,3983.264427096759,3920.9063521955636,3939.224853515625,1098813,1265.196886863478,1270.3761523895544,1244.5294313213271,1247.0693359375,14633633
2024-11-14,3924.6555443578186,3948.383812461554,3907.0493548019417,3935.0009765625,1825432,1248.613186761178,1267.537605244334,1246.1231316976048,1262.5574951171875,12612633
2024-11-18,3998.6875479838523,3998.6875479838523,3787.221186498161,3815.03076171875,3313944,1262.55746761959,1267.8364328732807,1238.951794764919,1255.7347412109375,13620611
2024-11-19,3815.4104775297365,3921.9504005395133,3809.9057047468586,3834.06103515625,1776233,1255.734688515481,1276.4021442257297,1230.236550606767,1236.710693359375,14183746
2024-11-21,3839.1386042394874,3884.2698145282143,3819.3018656674813,3865.6669921875,2384347,1236.7107220331202,1239.0014996478671,1212.407761281373,1218.1348876953125,19433843
2024-11-22,3863.910997095229,4038.5037710047804,3847.7757755401767,4028.68017578125,3096553,1224.509420421979,1263.8024380613526,1217.586994857739,1260.3662109375,20471957
2024-11-25,4062.2789294271743,4107.932203542215,4035.8932843747857,4095.593505859375,4052167,1284.868314871977,1299.260783408558,1277.3483005192684,1281.8802490234375,28923341
2024-11-26,4101.241378290607,4144.474563456407,4090.7536685314544,4131.28173828125,2060669,1289.7986377983043,1292.687125909721,1279.0914013187908,1290.545654296875,9247557
2024-11-27,4137.2131813248125,4154.724363536381,4104.088151292946,4112.15576171875,1558993,1288.3543972122054,1298.6632001168684,1280.8842325588682,1288.0555419921875,9572746
2024-11-28,4099.295273395061,4119.179745870457,4017.670037573812,4028.964599609375,2558544,1284.818474176107,1291.442044503892,1264.0017125526565,1265.7447509765625,15027412
2024-11-29,4005.3315815871606,4080.0283535687327,3982.220156194433,4053.594970703125,2017425,1274.9081506356404,1294.3305794929802,1270.177046170391,1287.0595703125,13202307
2024-12-02,4052.7884705955157,4070.0628363390956,4014.8705101832115,4059.10009765625,1670944,1282.876370557777,1306.133460567327,1271.9699779978703,1303.9422607421875,11024152
2024-12-03,4094.882078988639,4104.990228133534,4048.469681005338,4083.8720703125,2010905,1311.7609017834461,1321.5219654799555,1301.8006823317874,1318.035888671875,16869482
2024-12-04,4094.122934068909,4163.789504813234,4070.8692297125376,4132.89501953125,3302642,1320.7251432865569,1323.1156203515295,1298.8625094957517,1303.742919921875,19608540
2024-12-05,4176.934278953506,4260.647793669346,4138.209931031042,4236.966796875,3746747,1309.1214514378748,1324.6593698468237,1300.9541199209712,1316.7908935546875,16858723
2024-12-06,4226.479320621802,4237.868889866684,4188.276807112925,4219.36083984375,1842087,1318.6334884089777,1318.6334884089777,1304.7887589399247,1306.3326416015625,9037514
2024-12-09,4205.07650413352,4242.0448686697655,4190.934085246633,4225.67236328125,2066639,1297.8166732313093,1309.7689372979064,1287.9560310594236,1289.9979248046875,14650002
2024-12-10,4200.994504227562,4265.203099559396,4187.659404066042,4207.06884765625,2087828,1284.121290398709,1289.7488386952925,1275.107243177966,1279.73876953125,16043729
2024-12-11,4206.404597631399,4222.349806544079,4182.818609222603,4202.228515625,1635256,1279.8882324099652,1284.8683422637005,1270.9738844056644,1273.115234375,11724373
2024-12-12,4204.696352489294,4256.851270827812,4200.852558457947,4228.330078125,1914642,1264.9479526569407,1273.1152845047754,1255.5853214463157,1257.876220703125,20906813
2024-12-13,4209.347553772588,4266.247663475759,4170.8600242636485,4246.31591796875,1967048,1254.9877622795104,1270.1272485556606,1234.6688884780408,1267.78662109375,28630222
2024-12-16,4232.173296926788,4247.359386352853,4173.327200400781,4190.6015625,1646224,1269.9280595585296,1275.904191603511,1261.511722229068,1263.2547607421875,9486781
2024-12-17,4185.666159565598,4207.44889332409,4098.346139910261,4108.31201171875,3225027,1256.033537225462,1258.8721754853295,1237.8561365143116,1240.34619140625,17462791
2024-12-18,4092.3677229655736,4140.108819945921,4071.39183822731,4126.6787109375,1575404,1235.714673937889,1254.9378248920182,1235.714673937889,1248.2645263671875,12670179
2024-12-19,4064.177621267067,4142.006337975124,4045.1950074358338,4054.59130859375,3015763,1234.0712121990753,1239.947766097918,1224.1109925687356,1225.55517578125,14244653
2024-12-20,4108.786899056221,4159.090827365295,3941.265326479778,3958.15966796875,4116989,1219.1309339507777,1234.5692750261348,1196.7204388413884,1200.50537109375,20312896
2024-12-23,3986.3959798160035,4002.4839296244636,3905.577598089669,3946.769775390625,2195338,1210.1667348774333,1222.3181546925216,1208.3738466363206,1217.437744140625,10052824
2024-12-24,3946.77033195685,4003.43362482616,3946.77033195685,3966.89208984375,1181886,1217.4377030050357,1228.6429501715868,1216.1428258096823,1217.8858642578125,6734917
2024-12-26,3966.8918629397335,3986.3017716323247,3932.390868416551,3957.02099609375,1208464,1219.3798917928577,1222.8161189414398,1209.4196721335327,1211.7105712890625,10016178
2024-12-27,3951.2313201079583,3968.26840248144,3936.282510765729,3952.9873046875,858100,1213.4536884394554,1223.0154756156849,1212.1588111658666,1216.1927490234375,7000397
2024-12-30,3939.841838395195,3985.6846693501766,3902.8257382512747,3947.244873046875,1527169,1211.5611874241417,1218.3340640862093,1203.294156174512,1205.8837890625,8818766
2024-12-31,3924.655496583325,3929.353878987766,3826.9425360658684,3886.50048828125,1555429,1203.1945530395503,1214.2503727116298,1201.3519366916562,1210.6148681640625,6405475
2025-01-01,3886.120355483683,3923.7060210883064,3877.625682696665,3903.25244140625,763161,1210.0172807004092,1221.4218053468785,1206.7802092584152,1216.391845703125,5892590
2025-01-02,3910.4184830195177,3970.2137171045247,3888.541205767093,3963.33251953125,1720835,1216.3918076943417,1239.4994683243335,1215.1467802555553,1236.860107421875,15486276
2025-01-03,3967.3190100554248,3967.3190100554248,3884.127566106747,3891.3408203125,1791953,1238.9518139936486,1257.0296379589822,1230.5852047154665,1246.1729736328125,15521102
2025-01-06,3896.656302584134,3938.560332599053,3859.545197490021,3886.6904296875,2085593,1248.961727102304,1256.9797527645217,1210.1667191829588,1213.15478515625,14816766
2025-01-07,3905.6253667734477,3929.7331926762554,3807.48511819948,3823.383056640625,2669054,1217.1388288273843,1239.5493228115217,1216.3918123612464,1235.913818359375,10070505
2025-01-08,3829.6471015423167,3916.112994968031,3813.3696038615626,3899.408203125,2181277,1244.0314575822304,1265.9937909556584,1240.395953024955,1260.4658203125,19346579
2025-01-09,3892.3851104960186,3927.2656647049257,3820.535960823577,3833.396728515625,2392472,1261.9598138402198,1264.6988742096441,1243.0852464738894,1249.758544921875,12794704
2025-01-10,3986.3488434305154,4078.4145191002203,3957.874923120298,4048.6591796875,7894300,1248.8621307808614,1251.750618829338,1231.0831628192257,1236.959716796875,8120332
2025-01-13,4029.059922352462,4103.044847646488,4012.355128925775,4072.81494140625,4003771,1225.1070543419412,1240.2963897717905,1221.5213994754447,1234.9178466796875,13764861
2025-01-14,4083.160276521042,4094.4548391766625,4004.4296994802094,4017.717529296875,3441709,1239.1509590647415,1248.3641626627486,1222.3680125031533,1233.822265625,13095266
2025-01-15,4003.43315943906,4039.9274190172896,3993.420016264204,4033.42578125,1653474,1239.9974688456068,1251.9995818882041,1236.90982514039,1247.2186279296875,9578856
2025-01-16,4043.2968742708517,4075.567318807286,3978.613708278282,3992.328369140625,2637705,1253.8920943102864,1269.9280238633037,1246.3223515830243,1261.4119873046875,14117603
2025-01-17,4020.939449433567,4021.616254890533,3963.0886298542596,3986.528564453125,1761466,1316.9900509904955,1320.7251333812799,1279.888232575373,1297.169189453125,29366277
2025-01-20,4007.3105183689017,4007.3105183689017,3932.2063483825796,3941.582275390625,1287799,1310.764916385877,1310.764916385877,1295.0775703121099,1300.2568359375,14040244
2025-01-21,3958.4974864018836,3973.672984292028,3895.3787707849365,3901.033447265625,1971591,1305.2868371165837,1307.776892128252,1265.1471016946018,1268.6331787109375,14562976
2025-01-22,3914.7106117823487,4024.0807657149944,3909.1043123511595,4017.749755859375,2409223,1273.2149526536994,1277.7966294698952,1263.6530443254642,1272.0196533203125,10273590
2025-01-23,4028.7689459052554,4051.339039072567,4001.7524202557865,4006.972412109375,1822998,1264.9478840486133,1272.2686211078578,1256.581275301743,1258.6231689453125,8720682
2025-01-24,3966.9075952729613,4038.4356562013722,3966.9075952729613,4013.642578125,1910099,1260.9638702056575,1267.9360243063209,1238.5533748820974,1241.34228515625,14235970
2025-01-27,3964.974113399829,4017.5086649034333,3906.060174197131,3929.35498046875,1551782,1234.1708090151494,1235.515414368934,1215.1468135462453,1224.4595947265625,9536019
2025-01-28,3934.8163629909964,3964.974090445813,3893.7360609812577,3905.335205078125,2468272,1233.0752790316255,1239.7984277662488,1213.6528493538253,1229.4896240234375,10568025
2025-01-29,3918.5772926221866,3970.6285432095738,3918.5772926221866,3962.84716796875,1217089,1231.0832160878692,1237.8063647194172,1223.1648896668228,1230.585205078125,5928156
2025-01-30,3962.9437281550117,3991.941585340912,3922.9267796325357,3963.088623046875,1531251,1230.635044492625,1251.9996679975989,1227.497550840604,1248.0654296875,9269259
2025-01-31,3972.7066328908318,3990.5405047390313,3948.7833995175843,3975.0263671875,1492943,1250.8541794958078,1261.9598488917904,1244.0314532484974,1260.0673828125,6584612
2025-02-01,3975.606564509793,3997.741503018046,3920.5106310847846,3937.087646484375,437172,1260.0673469134033,1265.495739501575,1236.0632421918099,1259.5693359375,7118453
2025-02-03,3896.248579260421,3940.8087133119993,3865.1242603626174,3932.737548828125,1265713,1246.0235355947286,1251.003645649064,1232.6270881824535,1240.94384765625,9252345
2025-02-04,3947.285122132378,3981.2610880254483,3930.2248097290194,3969.85498046875,2547132,1243.0852829885687,1283.6731787459128,1241.6409781641657,1280.08740234375,16691069
2025-02-05,4011.3703550712034,4011.3703550712034,3939.8423053663196,3954.43798828125,1693912,1277.5476050956522,1285.366353249074,1271.6212014188793,1273.115234375,10112028
2025-02-06,3968.2604779070675,4001.221473922295,3916.20945960672,3946.3671875,2284536,1268.6331564996678,1282.8763195509282,1265.2965071593937,1276.4520263671875,9956001
2025-02-07,3953.374595002479,3953.374595002479,3874.113784051329,3894.798828125,1548940,1271.073491533156,1278.5933846345008,1256.979756005846,1261.6610107421875,8764283
2025-02-10,3905.045086746592,3916.644230568612,3880.2520112210996,3902.096923828125,1339511,1259.469777897567,1261.461821832557,1240.5952102474196,1248.6629638671875,6970972
2025-02-11,3884.1665374644367,3905.045090759602,3822.884488602531,3831.14892578125,1810908,1259.5196705337273,1259.5196705337273,1225.2066396338644,1229.937744140625,8859714
2025-02-12,3838.446649169052,3887.404606196338,3808.5303361658844,3818.1962890625,1678002,1214.5989377224967,1222.0193743195214,1188.6027887286011,1211.7105712890625,21131654
2025-02-13,3835.4503502565626,3851.3507965730623,3771.896705969927,3779.53271484375,2277310,1212.2086229517822,1223.1150152108587,1207.1786632211406,1211.2623291015625,8511216
2025-02-14,3793.886656483722,3816.1183489930536,3769.7217733214056,3803.40771484375,1681975,1214.1507532507958,1219.1308629852126,1200.6546072366423,1212.40771484375,10298145
2025-02-17,3727.674956536778,3802.5860959459837,3727.3849307355754,3774.071533203125,1799806,1206.2821918357026,1222.6169765728448,1199.7084711054922,1220.02734375,8166683
2025-02-18,3768.1750490618683,3793.3065270348457,3735.4075625604055,3743.81689453125,2149879,1219.9775298877432,1225.0074896525716,1211.2623373341316,1220.525390625,6673250
2025-02-19,3742.850263486918,3745.508400554833,3642.2759755929487,3657.693359375,4366672,1214.6488125132394,1227.8461038341088,1212.706618273488,1222.567138671875,6217338
2025-02-20,3635.848428163005,3661.4632050728333,3625.9892027381475,3653.150390625,2888572,1219.0810452834291,1234.4198079853766,1217.1388510698625,1228.0950927734375,7795582
2025-02-21,3649.960586134303,3689.4942392872176,3648.8972369162293,3659.52978515625,1833931,1223.8121434284387,1235.0672403005465,1217.2882724889691,1223.264404296875,6904025
2025-02-24,3618.1109478843173,3637.491230016548,3547.4045991108223,3552.817626953125,2508516,1211.7105497558396,1218.3838481751116,1205.68456833515,1209.718505859375,7172498
2025-02-25,3503.907852529123,3535.8054964280086,3500.283120267886,3508.305908203125,4101954,1206.1826029932777,1216.1428226711741,1196.7203942992758,1199.21044921875,11552182
2025-02-27,3491.0518348426112,3516.4733357865325,3480.4192876480943,3491.87353515625,3823856,1207.975493883109,1210.166693583284,1195.8738026303336,1202.298095703125,11509215
2025-02-28,3465.195760859545,3479.743067268356,3341.5199398740847,3366.89306640625,7085018,1197.218393771922,1212.5073065135477,1188.5530513693543,1195.325927734375,23007298
2025-03-03,3368.584826957939,3405.557099448941,3360.03036363457,3376.365966796875,4990439,1199.2104168056296,1201.6506219268736,1151.4013636439433,1166.5906982421875,17944938
2025-03-04,3357.952083726606,3432.3799220820893,3348.576156481458,3414.06298828125,2797737,1157.576687742468,1169.3297956512124,1154.9373267832577,1157.2779541015625,11377373
2025-03-05,3403.236776600756,3480.0810943749957,3403.236776600756,3428.5615234375,2501894,1156.3815647449799,1178.2940491759787,1152.3974766666165,1170.9234619140625,8664095
2025-03-06,3438.179549305139,3488.87742658408,3417.977801534333,3481.289794921875,2786513,1192.2383549047067,1209.1208794668382,1180.4355183146993,1204.7882080078125,14468014
2025-03-07,3479.743027656133,3503.9079097926337,3454.998093954285,3490.56884765625,2051315,1211.1627762331514,1249.8084792402678,1207.178688153437,1244.828369140625,16474965
2025-03-10,3486.0259949428714,3501.1049762137254,3462.9244613654673,3469.73876953125,1004626,1240.0473535020744,1252.9956391209716,1230.4855669004469,1233.4736328125,11931051
2025-03-11,3439.146018462038,3468.8688234276665,3419.4757100500633,3455.8681640625,1995450,1235.0672477916657,1244.5294565449083,1224.858022557904,1242.3382568359375,10089838
2025-03-12,3445.912267227522,3450.020297279617,3370.3729384283747,3389.076416015625,3174167,1252.995610693361,1257.9757204337955,1239.0513034201438,1252.0494384765625,11977555
2025-03-13,3385.3064520665353,3406.5715466921038,3367.7144664369603,3393.76416015625,1693004,1255.0376050433522,1259.1212710412995,1238.901975238559,1242.9359130859375,9505270
2025-03-17,3372.4510196048896,3412.5163478055665,3361.1902786941764,3380.8603515625,2690906,1237.208673957254,1252.3980085038181,1228.1946267891797,1233.9217529296875,16640917
2025-03-18,3380.8603515625,3380.8603515625,3380.8603515625,3380.8603515625,0,1233.9217529296875,1233.9217529296875,1233.9217529296875,1233.9217529296875,0
2025-03-19,3428.5132810234372,3428.5132810234372,3347.0776328908673,3380.2802734375,3051244,1236.113132982547,1248.2645525643281,1233.8720835165427,1242.1888427734375,16162399
2025-03-20,3394.68252652922,3459.3960314822807,3394.68252652922,3444.123779296875,2845192,1246.8700894970418,1267.9359786597456,1245.0773228865291,1264.101318359375,15971477
2025-03-21,3358.9186380800415,3495.450223009194,3349.252685164703,3458.57470703125,4161925,1269.927977701306,1275.9041093610767,1265.0474458622177,1271.2725830078125,21780769
2025-03-24,3479.742702237372,3527.8308131919025,3447.458517116232,3507.7255859375,1834751,1285.86434660882,1300.8046759652354,1279.141198398433,1296.920166015625,20299319
2025-03-25,3523.2398747468987,3586.0685693582973,3516.473707634902,3535.56396484375,3135390,1302.497915186312,1302.497915186312,1277.4977874103538,1280.33642578125,13713899
2025-03-26,3525.897934373459,3557.553929809202,3504.7295921250025,3514.34716796875,1734499,1285.8643858858131,1288.6532960847499,1263.7028966635362,1267.98583984375,12074747
2025-03-27,3494.0970689111577,3540.638537603521,3489.892285017066,3529.232666015625,2528474,1273.0655062272906,1279.8882324099652,1266.242780044616,1273.115234375,15028056
2025-03-28,3529.039640195277,3538.657216778009,3471.9137603354256,3485.687744140625,2051919,1274.9081198538831,1290.5954658598978,1263.9518781988888,1270.027587890625,18147129
2025-04-01,3453.354865404157,3464.277439125219,3407.248318336048,3432.1865234375,2618493,1259.5693287834792,1272.8164693011493,1244.330265958221,1247.6170654296875,12099648
2025-04-02,3425.6138066504323,3445.0424669343693,3412.129849162714,3425.5654296875,1764313,1242.5873186806543,1250.5554948342144,1238.9518139936486,1246.1729736328125,10142590
2025-04-03,3374.383992326158,3385.0165399960483,3282.7023391603534,3289.468505859375,4537821,1228.145018441354,1246.8204315907722,1228.145018441354,1243.732666015625,7434366
2025-04-04,3250.2733357697866,3286.085501586113,3185.414699028632,3189.184326171875,5317367,1236.1628160172713,1240.4954871764826,1188.4036122186155,1199.9075927734375,17908652
2025-04-07,2996.445205771086,3181.4514379526936,2953.963392712106,3164.68115234375,6623955,1127.6960086529814,1166.590714623955,1110.415052053189,1161.062744140625,22156106
2025-04-08,3191.7458179951013,3237.1274167268007,3146.5574911118592,3182.94970703125,5557558,1167.3378163352843,1191.8399338970503,1158.6724733291408,1177.4971923828125,19555040
2025-04-09,3151.6321497293247,3160.76642752928,3104.752280697163,3138.148193359375,2990265,1164.8477193030515,1185.0670143686195,1163.3536863154889,1180.6346435546875,10223104
2025-04-11,3179.663887666195,3188.7497898675183,3098.904796262136,3123.552978515625,7108961,1190.3957018139643,1217.786306450343,1190.3957018139643,1214.1009521484375,11224242
2025-04-15,3203.683137131328,3203.683137131328,3130.4154074577086,3139.694580078125,3512160,1246.0235343416643,1246.0235343416643,1232.1788040875913,1235.1668701171875,13378535
2025-04-16,3139.6947635283577,3168.596104196088,3121.136181217996,3164.439697265625,2384391,1229.1907298200806,1235.9637280756608,1224.1110419207541,1234.3701171875,8248464
2025-04-17,3137.08483655699,3193.244114128983,3110.5034675829284,3188.700927734375,2932346,1235.266450081142,1275.1073305428426,1222.7165970526498,1269.4300537109375,15398401
2025-04-21,3180.195072407739,3241.960413439671,3174.3955010062373,3210.642822265625,2432946,1264.947875835223,1295.7249783909904,1261.9598099867933,1290.346435546875,10429964
2025-04-22,3211.6098645568586,3222.5322034286173,3184.931738002275,3203.68359375,2710498,1294.8286411452223,1298.713151385602,1281.1831879455033,1286.0635986328125,13051707
2025-04-23,3252.593171873855,3306.625754540036,3225.818529364827,3298.98974609375,3543923,1291.840547250601,1300.8047453425481,1280.286716249035,1294.82861328125,10480888
2025-04-24,3287.4874054696716,3298.5064976170884,3274.5348867157572,3287.970703125,2252175,1287.2588872304611,1299.3107293954529,1285.1672652984741,1296.4222412109375,10468940
2025-04-25,3305.7561307053,3361.6253897019787,3291.25720030747,3332.82080078125,2742991,1298.3146947064158,1319.928323767296,1282.9759313802824,1295.22705078125,14431012
2025-04-28,3320.2548871373374,3342.2933073843687,3291.2570278610287,3328.470947265625,1593296,1334.669497851195,1369.1318351951852,1314.9482133535364,1363.35498046875,31104496
2025-04-29,3339.586779424834,3378.250591632357,3315.808440523134,3356.502197265625,1578332,1365.5461749701867,1405.2874774645995,1364.5501529607263,1394.1319580078125,32538970
2025-04-30,3356.0188189819924,3392.65268577439,3253.5597190937174,3338.330078125,2809332,1396.4228227174156,1406.7814756764847,1363.5540972183608,1399.410888671875,25480745
2025-05-02,3356.0185874198487,3374.867194117627,3305.7556362257724,3316.38818359375,1721761,1408.3751233126775,1421.024554216323,1403.4945911426703,1414.152099609375,13007841
2025-05-05,3334.7537493074506,3387.4331925936117,3331.2739118706236,3338.91015625,1284443,1425.3074680112338,1433.773654928142,1421.2238021682567,1425.6063232421875,12685649
2025-05-06,3344.419677734375,3356.9854164079434,3322.1879862349847,3344.419677734375,1324763,1425.3074785225756,1426.3035005201455,1404.9886054552057,1415.2476806640625,14084117
2025-05-07,3306.335993163342,3343.936456116555,3306.335993163342,3330.017578125,1477128,1415.2476117092147,1418.733688530858,1397.1199392858432,1400.4068603515625,13440169
2025-05-08,3332.8203442362383,3360.8516058321925,3314.165009149484,3333.690185546875,2543591,1398.51446598441,1415.1481063364454,1392.438756100913,1401.4029541015625,16106175
2025-05-09,3285.4574957373147,3331.0807476867326,3284.5876543425793,3325.3779296875,2531757,1379.9884666950659,1389.251519832932,1369.032224808638,1371.721435546875,13668904
2025-05-12,3387.916425868549,3509.22413241534,3385.209911911905,3499.46142578125,2228678,1394.430721507353,1433.275577320772,1394.430721507353,1430.7855224609375,10674081
2025-05-13,3499.461570957545,3501.9748131612287,3393.232840630001,3397.58251953125,3062887,1427.7974767909468,1441.9409399606418,1406.7814377941193,1410.0682373046875,11407896
2025-05-14,3403.3820953219624,3442.0459078220697,3391.396407841002,3430.15673828125,2119499,1414.3512435205853,1424.2118856620737,1409.8691445094285,1418.7337646484375,5570160
2025-05-15,3444.9454390459973,3479.7428677232297,3396.7124309124556,3460.314208984375,3548330,1419.3313670179805,1455.5865925696291,1407.0802476372012,1448.4151611328125,20177211
2025-05-16,3473.84680313206,3473.84680313206,3427.6437359304055,3442.3359375,1666727,1447.4191020051853,1455.1881221330052,1441.542669553187,1450.6064453125,9036695
2025-05-19,3431.413341631395,3431.413341631395,3386.659931697025,3401.255615234375,2537377,1446.3234565863577,1448.81351147394,1432.4787270944578,1435.0684814453125,6195791
2025-05-20,3413.8211261851047,3439.145874352896,3377.283778805233,3381.440185546875,2038374,1432.4787356808251,1439.2517336495314,1416.1440727881434,1418.932861328125,11270560
2025-05-21,3390.816042208948,3418.847303675328,3381.4401157430884,3408.021484375,1440153,1418.235682967954,1430.486680037078,1412.458707007589,1423.5145263671875,6136364
2025-05-22,3378.250521774226,3380.9570357698217,3336.0103550080185,3360.851806640625,2034383,1415.5464438973825,1418.1361984129633,1391.3431818014155,1403.79345703125,12134466
2025-05-23,3360.851724551366,3416.9142497236344,3349.8326329632987,3397.19580078125,1274331,1401.0045498118507,1428.0964217220903,1401.0045498118507,1421.124267578125,6474883
2025-05-26,3403.3819012793415,3426.5801874567637,3392.8461073678304,3419.137451171875,967470,1426.3034970063507,1435.2676949623963,1419.430920923106,1429.0924072265625,4842944
2025-05-27,3414.014574749619,3421.747337093333,3366.7481593177404,3381.826904296875,2467680,1420.4269591196573,1431.2836233071982,1408.275539274527,1416.44287109375,12640414
2025-05-28,3402.4154740639756,3411.114831810162,3376.317400825417,3380.8603515625,1222933,1414.4508509493858,1416.9409060075968,1405.0882196135674,1407.279541015625,5944611
2025-05-29,3387.626457620242,3414.4978538154573,3370.034470581059,3381.2470703125,3188072,1406.4826358531975,1414.3512339364067,1402.996558868143,1412.1600341796875,13771917
2025-05-30,3373.4175839622008,3389.5596782127777,3337.7503119241223,3347.7060546875,3404365,1412.3591925541664,1424.9090454066043,1404.0921613404494,1415.2476806640625,13788484
2025-06-02,3334.7538187399196,3344.4197718377163,3304.4028204069105,3334.560546875,1877585,1406.4826830156508,1411.8612262898896,1390.0483195350275,1408.0762939453125,8098668
2025-06-03,3330.8873298742683,3357.468700034321,3286.9072447003623,3291.4501953125,2848125,1416.6421539546416,1420.8253977642241,1397.8173136420837,1399.908935546875,11252626
2025-06-04,3304.9078969735056,3310.56402774214,3286.379348716646,3297.0087890625,2544807,1409.0722382665938,1420.0284799827916,1400.506473605418,1417.8372802734375,8126827
2025-06-05,3324.4116310325603,3324.4116310325603,3280.2356236372652,3287.4521484375,3584683,1422.3193687346825,1448.913106617055,1417.9368477633755,1436.662109375,13716817
2025-06-06,3287.4520036268846,3306.7605099618336,3275.359545608902,3300.226806640625,2070390,1435.2676355449807,1445.7258660607492,1431.28354772945,1437.7576904296875,8182161
2025-06-09,3315.634960419095,3348.791310023286,3306.760665733127,3336.991455078125,1718678,1451.204075048637,1451.70208605586,1439.5506661134996,1443.0367431640625,7885125
2025-06-10,3354.6424396212137,3399.3060406489903,3338.2592545088482,3376.97412109375,2419874,1444.2318404180787,1448.1163503747662,1430.2875329933524,1432.777587890625,7913181
2025-06-11,3383.8979728571367,3402.4265208353168,3363.516665314218,3385.750732421875,2847013,1440.0485867347081,1462.7578142878924,1437.3592545136698,1443.13623046875,8195700
2025-06-12,3385.750821410403,3388.4813919586536,3338.2592737504274,3348.986328125,4060134,1447.7179200254843,1451.2039968882907,1428.6939248911115,1435.865234375,8828114
2025-06-13,3309.003623498393,3364.8818717382055,3309.003623498393,3360.200927734375,2178493,1418.335338487147,1429.7895915718395,1408.6739736495979,1422.2198486328125,9757276
2025-06-16,3354.642349665819,3421.9302340050463,3341.1847251814343,3409.54541015625,1934088,1421.223780491138,1436.6621211041454,1418.7337255535563,1432.0804443359375,8458093
2025-06-17,3422.905437301184,3432.6573046439225,3401.5489430536663,3428.073974609375,2111940,1442.2398094911548,1442.2398094911548,1420.12817043809,1425.506591796875,10366599
2025-06-18,3431.779856254815,3450.2107909678293,3357.665661762572,3365.759521484375,2696327,1424.3114328610282,1437.0605628519918,1420.028489708749,1424.4110107421875,6681735
2025-06-19,3364.394161188714,3365.3693479021017,3328.3122527933565,3339.039306640625,2672768,1424.4110453044384,1434.1721095891817,1420.0285241646616,1427.598388671875,10007230
2025-06-20,3340.0145242959966,3360.786049100129,3326.2642962767654,3350.448974609375,2351248,1425.3075053013417,1465.148385952672,1422.4190171371765,1460.367431640625,29010635
2025-06-23,3330.2626997221478,3340.014567071261,3286.3792966511382,3309.393798828125,3123421,1447.2199506188397,1457.9770367383994,1436.2637087352834,1451.0048828125,5989078
2025-06-24,3349.376392565029,3356.690292940616,3298.081476031171,3306.27294921875,3403048,1459.1721495093714,1469.1323689599471,1437.359244595668,1445.0286865234375,16402744
2025-06-25,3322.7537403887272,3364.3941654870573,3315.634829755361,3359.3232421875,1757699,1458.1762135192969,1466.5428226679085,1454.690136506102,1461.463134765625,7525851
2025-06-26,3359.3232652421043,3365.759354753242,3330.555256962972,3356.397705078125,2879106,1463.2558362824063,1492.8377614283193,1459.2717484446844,1489.3516845703125,14657893
2025-06-27,3369.2703330730474,3380.387367158931,3345.8658502962735,3355.71533203125,1778433,1493.4353527246628,1515.9454247275912,1490.9452978220222,1509.3717041015625,11117052
2025-06-30,3354.544471150048,3378.924137465807,3344.890218522079,3376.09619140625,1468351,1507.7781788170053,1518.734421010171,1490.0489382705405,1494.630615234375,8409527
2025-07-01,3369.2701724246303,3398.5257745006766,3328.7999228861,3344.597900390625,2375183,1494.630607775488,1525.3081343971446,1494.132596769193,1522.320068359375,10368523
2025-07-02,3400.670775871144,3403.303732161301,3335.1382818100083,3338.3564453125,3090585,1522.3200879079554,1523.9136988316197,1502.6983810571346,1512.75830078125,6361002
2025-07-03,3344.8904436190446,3350.058980842342,3313.294489180619,3316.4150390625,2531870,1514.7502729656235,1525.8060926058627,1506.9812529023668,1511.76220703125,11283291
2025-07-04,3323.4363525656718,3341.964900305915,3305.980605453995,3334.943603515625,1109320,1517.9375659885409,1523.913698138102,1511.1645675851503,1521.2244873046875,6603501
2025-07-07,3333.481005692293,3341.0875101654565,3323.8265137554163,3327.044677734375,1639174,1520.5271677380254,1538.65484117058,1518.933556847784,1535.367919921875,7251074
2025-07-08,3320.5107317732236,3340.0144658805552,3309.1984707578945,3321.680908203125,2325242,1529.8897875590692,1538.7544076502807,1524.1128113419518,1531.4833984375,7171261
2025-07-09,3325.387004876247,3329.287752096043,3283.4539722634377,3299.837158203125,2034938,1530.586937987722,1544.8301010282516,1504.0927774643353,1512.9573974609375,8870660
2025-07-10,3296.1311694956757,3314.659717489882,3272.7266878187834,3298.08154296875,3035012,1513.654605815878,1518.6347158851345,1501.5031858807802,1511.16455078125,10047129
2025-07-11,3218.0186968972475,3252.2478474361797,3180.181641042415,3184.9599609375,7635550,1505.9852937598653,1508.9733598189127,1484.3716645666439,1489.2520751953125,7234991
2025-07-14,3184.9600100119856,3190.8111306672436,3120.59768280415,3142.734375,3924009,1486.263916129696,1494.0329360309418,1473.2160528053016,1477.7977294921875,10311846
2025-07-15,3126.448660244279,3178.523536457564,3126.448660244279,3171.599853515625,2590889,1480.2878335086834,1490.5469086437597,1476.503022895967,1479.4910888671875,8132454
2025-07-16,3157.607249475903,3175.1222359666176,3151.344969328223,3163.576171875,2540733,1467.1403332858122,1485.068728397248,1465.6463003598592,1479.690185546875,10409983
2025-07-17,3154.7696780470374,3172.2846643823304,3135.199754145851,3140.18994140625,2947640,1481.4830970988435,1483.674296790977,1468.0368005528198,1470.52685546875,11854613
2025-07-18,3155.6502438038765,3159.3685771406017,3118.46738821797,3121.304931640625,3432645,1478.8934598804974,1478.8934598804974,1463.2558421043927,1470.12841796875,10296318
2025-07-21,3121.4028477301345,3128.839514334287,3084.2199924907163,3090.28662109375,3844346,1459.1722169809668,1470.128458883213,1417.4388712363768,1422.9169921875,22442744
2025-07-22,3091.65673828125,3111.7159107005,3086.764257203384,3091.65673828125,3198036,1421.721828538219,1426.2039275426996,1405.0881881707605,1407.179931640625,20396320
2025-07-23,3091.6566291573,3113.5748480562365,3089.6996367952283,3110.7373046875,1922875,1420.3273163904719,1420.3273163904719,1408.7734859597779,1418.932861328125,8354596
2025-07-24,3097.0385335433134,3105.4534578423713,3072.478182452152,3080.30615234375,2934778,1413.554298653669,1417.3392306864348,1390.4466381154343,1397.3192138671875,14740507
2025-07-25,3072.4780444334683,3089.014534530361,3058.3877948178133,3068.368408203125,2568917,1393.3351272649268,1395.4267490386208,1378.593953801798,1386.1636962890625,11854722
2025-07-28,3043.123036074506,3050.951005299135,3003.8852447797885,3013.083251953125,3374473,1386.7614543919697,1402.199795115413,1379.490445288333,1382.080078125,7748361
2025-07-29,2994.1984086760676,3007.8973556438664,2975.802632112602,2990.284423828125,4785312,1377.4984422704579,1414.550412474214,1377.4984422704579,1411.4627685546875,10750072
2025-07-30,2994.1983151611034,3003.0047807939304,2981.673516260727,2987.93603515625,2880121,1412.458776601272,1417.6381639620695,1395.7256799199,1404.4906005859375,7209849
2025-07-31,2976.2918502873677,2994.0027271024683,2950.166049468222,2971.497314453125,2968371,1382.5780559389787,1397.0203743336986,1376.7015020683227,1384.669677734375,17065827
2025-08-01,2964.7455243430377,2971.4972914199097,2935.488583681943,2938.424072265625,2053847,1381.3828853186424,1400.3073026227253,1378.7932525308158,1388.15576171875,10321171
2025-08-04,2944.392964480288,3013.181055141491,2927.2692812506943,3008.28857421875,2519252,1389.5502251510159,1410.466686507784,1386.1637261382157,1405.885009765625,6312820
2025-08-05,3008.2886143717656,3011.322048140622,2976.5854331255146,2998.014404296875,1927996,1405.38696851784,1405.38696851784,1382.5780415934858,1386.1636962890625,9315972
2025-08-06,2997.1337788834585,3000.8521121202134,2960.9294204705666,2967.093994140625,1487081,1386.3630773472378,1390.3471654369864,1377.797312271222,1387.259521484375,5834312
2025-08-07,2951.1446440658847,2985.9792055799644,2946.154217712285,2981.47802734375,2543076,1382.1796145349972,1388.1557462486337,1360.5659868045632,1383.8729248046875,9976705
2025-08-08,2982.5543093380406,2994.002666894786,2959.9509519667536,2971.105712890625,2762140,1379.4904158119157,1391.6418351007062,1359.569976594415,1362.35888671875,8793606
2025-08-11,2971.1058502168585,2984.3155492907413,2956.3307005130723,2975.411376953125,1884215,1364.5501609316866,1382.4785572067015,1355.7851185633474,1380.6856689453125,9997486
2025-08-12,2975.6068714078456,3029.8154640054736,2961.809979769089,2970.127197265625,3358232,1376.4028464986861,1396.3232867936674,1369.7294260490362,1374.9088134765625,12244664
2025-08-13,2970.812449963036,2978.9337774241835,2963.473728360306,2970.91015625,2148166,1382.4785186353236,1386.2634508216695,1372.0202877666845,1377.0999755859375,7457021
2025-08-14,2968.757439673081,2990.1864106721328,2954.1779420022144,2957.30908203125,3342174,1377.300048828125,1380.699951171875,1370.0999755859375,1373.800048828125,7126128
2025-08-18,2980.988718063058,2983.434958599791,2938.815435653507,2946.44775390625,2945609,1390.0,1394.9000244140625,1377.0,1381.699951171875,11785109
2025-08-19,2946.4478507969,2959.9511467818434,2946.350144506624,2951.34033203125,2650784,1390.0,1421.0,1389.0999755859375,1420.0999755859375,14384719
2025-08-20,2946.1539583708727,3036.664852119672,2946.1539583708727,3031.96826171875,4952358,1413.0,1424.9000244140625,1410.0,1413.0,8725641
2025-08-21,3062.693270119804,3062.693270119804,3016.801891436903,3035.882568359375,3230726,1425.0,1431.9000244140625,1420.300048828125,1424.800048828125,11021323
2025-08-22,3019.639270954844,3029.1306363096523,2984.4134077810354,2988.327392578125,1593791,1420.0,1423.4000244140625,1407.9000244140625,1409.199951171875,5818868
2025-08-25,3020.9112915939663,3084.2199463957195,3010.9306783780526,3073.065185546875,3448370,1414.699951171875,1419.5,1405.699951171875,1412.5999755859375,5979407
2025-08-26,3061.714802808035,3094.0051794435944,3052.9083364528824,3089.308349609375,5522097,1408.0,1410.0,1381.5999755859375,1384.9000244140625,12145259
2025-08-28,3077.3704857914763,3078.8382300613293,3020.1284592672155,3027.173583984375,3116051,1389.9000244140625,1392.199951171875,1366.5,1385.9000244140625,13161813
2025-08-29,3026.4887537573413,3048.0156702082504,3011.028465982645,3018.3671875,2271789,1381.0999755859375,1403.5,1350.0,1357.199951171875,18758842
2025-09-01,3023.5531276055535,3063.7694152474464,3023.5531276055535,3045.667236328125,1246862,1356.0,1363.199951171875,1340.5999755859375,1353.9000244140625,11232238
2025-09-02,3053.98447906176,3087.1554035307527,3036.3715480748965,3044.5908203125,2185229,1354.800048828125,1384.5,1354.5,1366.5,11517006
2025-09-03,3062.595025627338,3074.3369795089966,3021.5961322134785,3030.891845703125,1799774,1369.699951171875,1376.5,1360.5,1372.5999755859375,7847563
2025-09-04,3048.9943814611165,3050.9513740037746,3024.336323201764,3029.130859375,1481391,1371.800048828125,1374.0,1357.0999755859375,1359.300048828125,13223177
2025-09-05,3030.5006621101975,3036.664997028233,2963.47367273015,2982.75,2802055,1363.0,1381.0,1359.300048828125,1375.0,5777575
2025-09-08,2984.413460841752,2998.9929589138555,2951.144589474992,2954.080078125,2626187,1380.0,1386.0,1372.4000244140625,1378.5,6986720
2025-09-09,2966.898378981974,2994.19832699537,2965.62628616296,2983.826171875,2489301,1376.5999755859375,1381.199951171875,1368.699951171875,1376.199951171875,9754452
2025-09-10,2990.675797260498,3055.550145422665,2987.740308555338,3043.123291015625,2079428,1383.9000244140625,1388.5,1374.0999755859375,1377.0,7790815
2025-09-11,3071.4996140027415,3071.4996140027415,3043.221168990462,3057.017822265625,2263446,1376.0,1385.5,1375.0,1383.300048828125,9766072
2025-09-12,3076.3921752202637,3080.991059765134,3053.8867617246956,3066.02001953125,1447167,1383.300048828125,1396.300048828125,1380.5,1395.0,7403368
2025-09-15,3066.6070389449774,3066.6070389449774,3029.4241839737238,3044.982177734375,1732539,1393.0,1400.800048828125,1388.5999755859375,1399.300048828125,5396697
2025-09-16,3060.7363278880744,3082.263245795216,3042.2428439695796,3078.0556640625,2573429,1404.699951171875,1408.0,1398.199951171875,1405.300048828125,8686961
2025-09-17,3084.2199854121977,3113.966173979194,3074.8263264485827,3104.57275390625,2418271,1407.0,1416.199951171875,1406.9000244140625,1413.800048828125,7519417
2025-09-18,3116.51048247651,3134.1234145595795,3093.4178759668794,3108.388916015625,2633138,1420.4000244140625,1422.0,1410.699951171875,1415.0,9332642
2025-09-19,3101.8328935510035,3112.107103450778,3076.3919928468,3101.050048828125,4901694,1414.9000244140625,1417.0,1403.5999755859375,1407.4000244140625,13461373
2025-09-22,3028.445731768582,3040.089740964508,2999.090845838676,3007.70166015625,3634901,1403.9000244140625,1410.699951171875,1388.0,1390.5999755859375,7757970
2025-09-23,3003.983297445149,3014.453158879609,2986.3703660594774,2996.546630859375,3177741,1391.0,1395.0,1376.800048828125,1389.800048828125,14014702
2025-09-24,2984.4133369924134,2991.262810224855,2967.778901999341,2970.127197265625,1625714,1385.300048828125,1396.0,1380.4000244140625,1383.0,5922759
2025-09-25,2957.015390749667,2964.4520571099356,2887.5421635017433,2893.804443359375,4974361,1381.300048828125,1384.5,1369.0,1372.4000244140625,11411143
2025-09-26,2877.7574418213358,2891.260737711385,2829.126226471788,2836.758544921875,3934636,1372.0,1382.699951171875,1366.0,1377.5999755859375,9879109
2025-09-29,2853.2947314486933,2866.3087778304835,2831.7678164651984,2833.82275390625,3110035,1381.5999755859375,1389.0,1368.0,1372.800048828125,14231999
2025-09-30,2848.402439766557,2852.610021207006,2823.0594837288886,2826.288330078125,2253458,1377.0999755859375,1377.0999755859375,1362.800048828125,1364.0,14604684
2025-10-01,2828.8326264436423,2861.9058470940704,2804.957413772581,2851.53369140625,1952902,1367.0,1378.5999755859375,1362.699951171875,1368.699951171875,12045916
2025-10-03,2861.1229086009284,2861.1229086009284,2828.9304789544044,2839.498046875,2899519,1363.199951171875,1371.5999755859375,1356.9000244140625,1363.4000244140625,12842347
2025-10-06,2839.5959635916415,2929.22631078988,2833.3336834873367,2924.137939453125,2112774,1360.0,1377.4000244140625,1359.0,1375.0,12396580
2025-10-07,2930.5959216848555,2939.891634958981,2891.9453243871753,2909.75390625,3062943,1376.0,1395.9000244140625,1375.9000244140625,1384.800048828125,11244040
2025-10-08,2911.0260640606234,2977.5638026677234,2904.176590968716,2962.103515625,4121889,1384.800048828125,1389.0,1364.5,1367.4000244140625,8525081
2025-10-09,2968.757519004287,3000.069397912704,2955.0585719818546,2995.86181640625,3211304,1374.0,1380.0,1369.0999755859375,1377.800048828125,8826633
2025-10-10,2984.413250266025,3003.983173218589,2942.239970746985,2963.179931640625,8817365,1377.800048828125,1388.0,1375.0999755859375,1381.699951171875,6373084
2025-10-13,2961.908209472205,2970.2254277677166,2933.7274691163334,2942.533935546875,2866865,1376.9000244140625,1377.699951171875,1367.800048828125,1375.0,7600682
2025-10-14,2956.0370052457697,2962.1036338769445,2891.9455044700007,2896.642333984375,3611416,1380.0,1388.0,1370.0999755859375,1375.9000244140625,9768174
2025-10-15,2917.954894078994,2926.499513769408,2898.31197994854,2916.7763671875,4282226,1383.0,1384.0,1372.699951171875,1374.300048828125,10882743
2025-10-16,2916.87439174088,2921.883430677564,2890.553079047838,2917.66015625,3251495,1375.0999755859375,1400.5,1375.0,1398.300048828125,12315932
2025-10-17,2916.972551528368,2935.4369375213087,2902.6331292681275,2909.311767578125,4374683,1401.0,1423.300048828125,1399.0999755859375,1416.800048828125,19335561
2025-10-20,2932.1958010354274,2969.0262624451843,2925.320781572273,2961.365478515625,3133039,1440.0,1473.800048828125,1433.300048828125,1466.800048828125,24721978
2025-10-21,2976.981832168517,2977.669286180243,2942.508423286113,2953.017333984375,310644,1468.0,1474.0,1460.0,1465.199951171875,2066169
2025-10-23,3000.4550745732363,3042.687339125331,2981.892616996725,3018.330078125,5564758,1475.0,1482.9000244140625,1444.5999755859375,1448.4000244140625,18707090
2025-10-24,3025.0086400055093,3034.8300966289034,3003.6961270890743,3008.508544921875,2684318,1450.0,1459.800048828125,1441.0,1451.5999755859375,9700837
2025-10-27,3011.7496607245316,3038.9550474990237,3005.5620951218402,3029.821044921875,1946312,1463.0,1485.0,1458.0,1484.0999755859375,14113867
2025-10-28,3021.0801556355614,3035.0265765381446,2985.919291823652,3003.30322265625,3470737,1484.0999755859375,1492.0,1477.5999755859375,1486.9000244140625,17631577
2025-10-29,3003.3032409472494,3021.080174034828,2991.714113509379,3003.0087890625,2895420,1490.0,1508.300048828125,1488.0999755859375,1504.199951171875,11884745
2025-10-30,2994.6603471523654,3009.0978400091353,2978.6513253692647,2981.106689453125,2241536,1500.0,1503.0999755859375,1484.0,1488.5,9318663
2025-10-31,2980.8120174669925,3012.6334402910475,2971.088871543434,3003.4013671875,1868085,1490.4000244140625,1497.5,1482.300048828125,1486.4000244140625,8758053
2025-11-03,2992.499451583931,3003.4013640895914,2956.2583734171585,2962.93701171875,2194877,1486.0,1495.0,1479.300048828125,1484.699951171875,8452085
2025-11-04,2965.6872390451917,2975.214004338424,2922.8655907942766,2936.81201171875,2670720,1483.9000244140625,1492.800048828125,1470.0999755859375,1473.0999755859375,10007806
2025-11-06,2936.7138956519902,2970.0085383136757,2936.61558517126,2957.142333984375,2542721,1484.0,1501.5999755859375,1476.199951171875,1496.0999755859375,16772678
2025-11-07,2947.419237380036,2950.3656744717186,2907.6423366423182,2938.383544921875,1830520,1494.5999755859375,1498.4000244140625,1475.9000244140625,1478.0,7821765
2025-11-10,2939.5619693268272,2993.4816703122747,2938.579823663838,2971.18701171875,1556656,1477.9000244140625,1501.0,1475.5,1489.300048828125,7068438
2025-11-11,2990.633609021809,3001.142519888641,2964.1156755427983,2992.597900390625,2806868,1497.0,1498.800048828125,1480.199951171875,1493.4000244140625,7127506
2025-11-12,3005.3656835637266,3080.4015151753365,3002.51755709654,3075.8837890625,4460315,1505.0,1524.699951171875,1500.0,1511.5,12384459
2025-11-13,3075.8838537295965,3075.9819244274895,3046.61586484088,3050.249755859375,1740435,1515.0,1522.0999755859375,1506.800048828125,1510.9000244140625,7196443
2025-11-14,3034.830102963518,3057.517763723578,3022.356900982103,3050.54443359375,2210794,1505.5,1520.9000244140625,1505.5,1518.9000244140625,7682823
2025-11-17,3050.544457369475,3067.7320066302495,3031.4909272444793,3046.812255859375,2232853,1520.9000244140625,1523.699951171875,1511.5,1518.300048828125,5871416
2025-11-18,3046.6158078736476,3049.5622448251693,3023.0443122614724,3031.98193359375,2548350,1521.699951171875,1527.800048828125,1510.5,1519.4000244140625,11045042
2025-11-19,3041.705020306013,3098.6694669245953,3028.4460542827223,3091.499755859375,3151053,1517.4000244140625,1522.300048828125,1512.0,1518.9000244140625,5692366
2025-11-20,3091.794673762747,3108.0000778660146,3082.0715272134535,3088.65185546875,2700767,1530.0,1550.9000244140625,1526.699951171875,1549.0999755859375,18171724
2025-11-21,3088.6516518716926,3113.4016740052466,3079.2229578295533,3094.34814453125,4177037,1541.0,1557.800048828125,1540.0999755859375,1546.5999755859375,9615271
2025-11-24,3101.616062202543,3122.1428110333977,3075.0981288018247,3085.115966796875,6703764,1550.0,1550.0,1531.800048828125,1535.9000244140625,18433951
2025-11-25,3089.142887490615,3093.562543096727,3059.3838251197944,3063.5087890625,2737920,1535.9000244140625,1559.5999755859375,1525.0999755859375,1539.699951171875,15033482
2025-11-26,3063.115986297256,3121.2589624366606,3061.348076121797,3106.428466796875,2508527,1542.300048828125,1571.5999755859375,1540.5,1569.9000244140625,14054299
2025-11-27,3123.223169867727,3123.223169867727,3069.205159068128,3080.59814453125,2836233,1575.0,1575.5,1556.0,1563.4000244140625,9794643
2025-11-28,3083.937297684263,3091.1070087848907,3069.205113141185,3081.48193359375,1616690,1568.0,1581.300048828125,1563.0,1567.5,8959508
2025-12-01,3081.8747335418534,3097.687374390369,3066.4550948216056,3077.455078125,1747647,1575.0,1577.5,1563.5999755859375,1566.0999755859375,8920233
2025-12-02,3075.0980746626374,3087.8659682974553,3064.6872347092776,3079.714111328125,2512003,1561.0999755859375,1567.5,1542.0,1546.300048828125,11389150
2025-12-03,3083.9373188138757,3154.5534946281955,3082.9551731709416,3123.22314453125,3952112,1545.199951171875,1552.4000244140625,1533.0,1538.800048828125,6090883
2025-12-04,3136.9731988901626,3191.9733551637537,3130.4909417024,3171.544677734375,5025905,1536.0,1560.5,1517.5999755859375,1535.5999755859375,11867930
2025-12-05,3172.330486734928,3213.187842167148,3164.866083794654,3180.384033203125,5244013,1530.4000244140625,1545.800048828125,1520.5999755859375,1540.5999755859375,10183266
2025-12-08,3185.0983021118977,3201.6964674714213,3151.3125880977464,3178.71435546875,2544725,1539.199951171875,1551.0,1535.0,1543.0,11301491
2025-12-09,3172.330579931189,3175.964471029267,3124.401822284255,3151.01806640625,2734893,1540.300048828125,1542.5,1520.0999755859375,1529.4000244140625,11503971
2025-12-10,3167.41989738469,3167.41989738469,3121.357359750894,3132.259033203125,1386849,1534.0,1547.5,1531.4000244140625,1536.9000244140625,7991629
2025-12-11,3147.7768486239356,3151.1160479641035,3096.8035846478047,3134.91064453125,1914362,1536.9000244140625,1550.0,1524.0,1545.0,4706197
2025-12-12,3140.607031689688,3165.4553640739014,3128.8212841349605,3163.0,1146554,1550.800048828125,1559.800048828125,1546.0999755859375,1556.5,5106655
2025-12-15,3153.7680172761306,3180.384020730158,3140.2143592438706,3172.52685546875,1562190,1551.199951171875,1558.5999755859375,1546.5,1556.199951171875,5774543
2025-12-16,3162.509118995985,3162.509118995985,3134.1252044928165,3147.875244140625,1734623,1545.0,1551.699951171875,1538.800048828125,1542.300048828125,11731856
2025-12-17,3143.3572206041695,3179.107227122374,3143.3572206041695,3160.348388671875,1376350,1550.0,1550.0,1539.300048828125,1544.4000244140625,7116649
2025-12-18,3170.366292342023,3229.09865265339,3163.4912725011322,3222.2236328125,2307422,1535.199951171875,1551.5,1535.199951171875,1544.4000244140625,6580829
2025-12-19,3240.09857605464,3258.661033366418,3220.259281411304,3223.402099609375,3902511,1554.4000244140625,1574.199951171875,1551.0,1565.0999755859375,13937275
2025-12-22,3250.9022578364156,3269.170263717588,3232.2414895890165,3265.5361328125,2632816,1573.5,1577.5,1565.300048828125,1575.4000244140625,10184852
2025-12-23,3260.625245626059,3260.625245626059,3234.6966963938,3250.902099609375,2365420,1580.9000244140625,1580.9000244140625,1568.0999755859375,1570.699951171875,7506564
2025-12-24,3245.107580613968,3267.696930860065,3237.2504153109776,3259.741455078125,1367708,1572.699951171875,1575.699951171875,1553.5999755859375,1558.199951171875,8815745
2025-12-26,3253.9468611908032,3260.7235702886815,3213.384197736604,3221.437744140625,1176664,1554.699951171875,1561.0,1554.300048828125,1559.199951171875,2311495
2025-12-29,3221.437683809396,3229.294848891858,3184.9999848268185,3193.446533203125,2079473,1554.9000244140625,1558.0999755859375,1543.5999755859375,1545.5999755859375,5972105
2025-12-30,3191.973384551631,3209.160933545371,3181.6608551553877,3188.83056640625,2807593,1547.0,1553.5999755859375,1537.800048828125,1539.800048828125,8815884
2025-12-31,3182.151893056932,3188.0447669329633,3141.392848747715,3148.955322265625,3362634,1541.0,1577.0,1541.0,1570.4000244140625,5771830
2026-01-01,3157.59834501185,3176.3574233163417,3141.0982497161094,3169.77685546875,1255735,1573.699951171875,1592.5,1571.0999755859375,1575.5999755859375,6408128
2026-01-02,3176.2591039024273,3196.196709004467,3162.017991655493,3192.660888671875,1184324,1580.0,1594.5999755859375,1578.199951171875,1592.300048828125,6602230
2026-01-05,3182.642968809425,3189.026915514335,3134.026759287417,3158.6787109375,2341703,1593.0,1611.800048828125,1575.300048828125,1578.0999755859375,8704973
2026-01-06,3152.6876022111082,3204.9377039238207,3147.7768738587542,3197.669921875,2912325,1569.0,1569.0,1496.300048828125,1507.5999755859375,27417125
2026-01-07,3185.0000101265678,3241.6700055592964,3165.651788913644,3236.75927734375,1989442,1510.0,1520.0,1498.0,1504.199951171875,11199340
2026-01-08,3228.2143763788763,3228.2143763788763,3125.1873956711997,3146.6962890625,4159336,1500.0,1503.9000244140625,1468.800048828125,1470.5999755859375,16518684
2026-01-09,3134.0267606372377,3172.0357492326657,3134.0267606372377,3150.52685546875,1938673,1465.0,1479.9000244140625,1465.0,1475.300048828125,8335311
2026-01-12,3145.8126491306843,3193.937788002805,3117.6251157476318,3181.75927734375,2228342,1475.300048828125,1485.300048828125,1451.0,1483.199951171875,8883745
2026-01-13,3187.0627488471305,3221.437847833155,3153.1787227037635,3209.652099609375,5645341,1485.0,1485.800048828125,1444.699951171875,1452.800048828125,13499760
2026-01-14,3201.7948316366483,3201.7948316366483,3126.1696162881753,3135.5,3539511,1444.0,1467.0,1440.199951171875,1458.800048828125,8321764
2026-01-15,3135.5,3135.5,3135.5,3135.5,0,1458.800048828125,1458.800048828125,1458.800048828125,1458.800048828125,0
2026-01-16,3219.39990234375,3221.89990234375,3171.0,3206.699951171875,4293470,1458.800048828125,1480.0,1455.0999755859375,1457.9000244140625,17167161
2026-01-19,3188.0,3220.0,3152.10009765625,3163.60009765625,3387562,1450.5999755859375,1450.5999755859375,1403.300048828125,1413.5999755859375,20392765
2026-01-20,3151.60009765625,3160.0,3091.10009765625,3102.300048828125,4499273,1410.699951171875,1416.0,1390.0,1394.0,13189498
2026-01-21,3100.0,3138.5,3082.0,3122.60009765625,2015150,1389.5,1412.9000244140625,1373.0,1404.5999755859375,17352720
2026-01-22,3150.0,3160.0,3122.300048828125,3150.39990234375,2269827,1410.0999755859375,1419.5,1395.0,1402.5,15721693
2026-01-23,3190.300048828125,3194.5,3152.0,3162.5,2068857,1401.800048828125,1407.0,1381.0,1386.0999755859375,9837802
2026-01-27,3175.0,3175.0,3130.0,3158.0,4279874,1380.0,1391.5999755859375,1368.0,1380.5,26302396
2026-01-28,3176.0,3205.199951171875,3170.60009765625,3200.10009765625,2751234,1385.0,1409.9000244140625,1384.9000244140625,1396.699951171875,11121657
2026-01-29,3200.10009765625,3200.10009765625,3125.60009765625,3144.39990234375,2457641,1402.9000244140625,1402.9000244140625,1384.0,1391.0,20846683
2026-01-30,3141.0,3141.0,3092.0,3123.89990234375,3022068,1382.5999755859375,1398.0,1378.5,1395.4000244140625,11239835
2026-02-01,3141.0,3234.0,3105.199951171875,3186.89990234375,3012782,1382.5999755859375,1411.0,1335.0,1347.0,9709839
