,RELIANCE.NS,RELIANCE.NS,RELIANCE.NS,RELIANCE.NS,RELIANCE.NS,INFY.NS,INFY.NS,INFY.NS,INFY.NS,INFY.NS,HDFCBANK.NS,HDFCBANK.NS,HDFCBANK.NS,HDFCBANK.NS,HDFCBANK.NS
,Open,High,Low,Close,Volume,Open,High,Low,Close,Volume,Open,High,Low,Close,Volume
Date,,,,,,,,,,,,,,,
2025-01-23,1264.9478840486133,1272.2686211078578,1256.581275301743,1258.6231689453125,8720682,1804.5941442893445,1825.5247642701754,1799.446438649042,1811.8299560546875,5907471,832.2505181334424,832.2505181334424,814.6139111249832,821.347900390625,34909158
2025-01-24,1260.9638702056575,1267.9360243063209,1238.5533748820974,1241.34228515625,14235970,1811.8786496612856,1840.4336089404926,1810.6645792715367,1821.5426025390625,4887027,818.9305795964561,824.0119199318104,811.2839386423929,813.8986206054688,24236200
2025-01-27,1234.1708090151494,1235.515414368934,1215.1468135462453,1224.4595947265625,9536019,1795.6100112127813,1809.4504129219265,1759.9163436470913,1769.62890625,7652371,809.6065327196525,810.839861804967,802.157237088582,804.0319213867188,22804166
2025-01-28,1233.0752790316255,1239.7984277662488,1213.6528493538253,1229.4896240234375,10568025,1777.3990640797924,1809.9361507719634,1772.4456805643415,1777.15625,6999495,812.5172453545283,830.9185403912116,812.5172453545283,824.0612182617188,30179312
2025-01-29,1231.0832160878692,1237.8063647194172,1223.1648896668228,1230.585205078125,5928156,1791.9678626583263,1834.36322360914,1787.5972093347696,1827.1759033203125,5145155,826.3304621132276,829.3644636153648,823.2964606110903,827.4651489257812,12619890
2025-01-30,1230.635044492625,1251.9996679975989,1227.497550840604,1248.0654296875,9269259,1819.3088138415467,1832.9548941080284,1790.9966681783667,1806.4881591796875,7336056,829.2905374831995,837.6278547525732,825.1219089590883,834.4705200195312,25744846
2025-01-31,1250.8541794958078,1261.9598488917904,1244.0314532484974,1260.0673828125,6584612,1817.2205970496623,1842.910279604707,1817.2205970496623,1825.7677001953125,5820470,832.3738053097981,840.9824182950722,830.7457868177106,838.047119140625,15821686
2025-02-01,1260.0673469134033,1265.495739501575,1236.0632421918099,1259.5693359375,7118453,1826.2533177597818,1836.2571867836969,1792.9391783431893,1798.1353759765625,1701402,837.4305042201771,845.0771450539991,826.8485640579613,834.1991577148438,5587528
2025-02-03,1246.0235355947286,1251.003645649064,1232.6270881824535,1240.94384765625,9252345,1783.2265984737837,1822.6110895629577,1779.7300994439906,1809.741943359375,4823228,823.8638327488314,832.1518283284162,820.6324864421063,827.8104858398438,20276540
2025-02-04,1243.0852829885687,1283.6731787459128,1241.6409781641657,1280.08740234375,16691069,1834.703198206104,1856.2650411997822,1821.1056096540206,1844.2215576171875,7334787,833.0891713164636,851.391824544325,828.8219005259823,848.9744873046875,28616502
2025-02-05,1277.5476050956522,1285.366353249074,1271.6212014188793,1273.115234375,10112028,1851.2145472314708,1864.5207114002724,1839.8508957040453,1842.5218505859375,4996744,854.9437515638108,860.4690419690123,847.9877873258422,857.311767578125,23675506
2025-02-06,1268.6331564996678,1282.8763195509282,1265.2965071593937,1276.4520263671875,9956001,1861.898330498206,1868.6971246106148,1845.3869733680706,1860.587158203125,4765255,856.1770794811201,862.8370567631686,850.5037655001158,860.29638671875,26760716
2025-02-07,1271.073491533156,1278.5933846345008,1256.979756005846,1261.6610107421875,8764283,1864.13231412214,1868.405747107761,1835.14021793859,1848.93212890625,4126260,863.3304057123341,871.7170439392539,850.997114202158,854.8204345703125,23509600
2025-02-10,1259.469777897567,1261.461821832557,1240.5952102474196,1248.6629638671875,6970972,1850.2432794461592,1850.2432794461592,1824.6020890265615,1826.2532958984375,3828734,847.1984039096569,850.2323451556149,842.8570616226162,846.4337158203125,17195950
2025-02-11,1259.5196705337273,1259.5196705337273,1225.2066396338644,1229.937744140625,8859714,1828.9727506286142,1848.3007750893653,1816.249316561804,1821.7369384765625,4411601,840.1437497009048,844.090402664855,833.0890834393857,839.3544311523438,22724704
2025-02-12,1214.5989377224967,1222.0193743195214,1188.6027887286011,1211.7105712890625,21131654,1830.8181177592105,1840.142154487476,1793.9103785152583,1809.59619140625,5633947,835.2104321766692,844.5837329512449,829.38909497558,842.0184326171875,22809570
2025-02-13,1212.2086229517822,1223.1150152108587,1207.1786632211406,1211.2623291015625,8511216,1814.7924102365155,1819.6486917731397,1782.8866642532057,1790.2681884765625,5237744,838.1704689996619,845.6937766231139,835.4818356095761,837.5291137695312,12602434
2025-02-14,1214.1507532507958,1219.1308629852126,1200.6546072366423,1212.40771484375,10298145,1800.709122375355,1805.8568280246752,1775.796375368045,1803.0401611328125,5292961,839.601120018604,839.601120018604,828.7971451888767,836.1231079101562,19959892
2025-02-17,1206.2821918357026,1222.6169765728448,1199.7084711054922,1220.02734375,8166683,1785.7033698235564,1799.495162260814,1769.7747423270973,1789.3455810546875,4428956,831.3624591587258,848.5304243918573,829.413823260936,847.2230834960938,12938946
2025-02-18,1219.9775298877432,1225.0074896525716,1211.2623373341316,1220.525390625,6673250,1789.3456107739096,1808.1393973263787,1784.780634818134,1798.7181396484375,4365260,845.1017788797033,854.2284140997132,841.697778564227,850.0350952148438,16350910
2025-02-19,1214.6488125132394,1227.8461038341088,1212.706618273488,1222.567138671875,6217338,1794.2989338566194,1796.0471240806544,1753.9917969230971,1758.7509765625,4611411,847.0504387449713,857.3610822217985,844.8057556604201,852.0823974609375,11884112
2025-02-20,1219.0810452834291,1234.4198079853766,1217.1388510698625,1228.0950927734375,7795582,1753.6518766132701,1778.3703022593725,1753.6518766132701,1772.6884765625,2218020,844.0904430253034,845.9157460199498,831.4118438608401,832.2998046875,26390510
2025-02-21,1223.8121434284387,1235.0672403005465,1217.2882724889691,1223.264404296875,6904025,1769.4347905187403,1777.2533326664163,1754.2830972545896,1762.8302001953125,3379879,829.2411711352042,836.1724445897772,827.4404985932164,834.9638061523438,15680940
2025-02-24,1211.7105497558396,1218.3838481751116,1205.68456833515,1209.718505859375,7172498,1748.309923055587,1756.0313630959042,1699.9413126430345,1713.3931884765625,7594720,829.339781575346,830.8690975664632,819.4731490892408,827.366455078125,20693646
2025-02-25,1206.1826029932777,1216.1428226711741,1196.7203942992758,1199.21044921875,11552182,1694.987890846883,1727.3306532632726,1694.987890846883,1716.8896484375,5092963,824.406500920576,832.7438177754724,824.406500920576,829.9564819335938,24138708
2025-02-27,1207.975493883109,1210.166693583284,1195.8738026303336,1202.298095703125,11509215,1704.748997302386,1724.8054634563641,1700.7668702151418,1713.5875244140625,5757079,830.0552335524236,843.9671626938127,830.0552335524236,839.0091552734375,35786800
2025-02-28,1197.218393771922,1212.5073065135477,1188.5530513693543,1195.325927734375,23007298,1704.6034155946859,1704.6519072727174,1634.0901134127998,1639.189208984375,12182167,831.2638337603047,857.0404125816553,831.2638337603047,854.6477661132812,54516728
2025-03-03,1199.2104168056296,1201.6506219268736,1151.4013636439433,1166.5906982421875,17944938,1643.6569975986285,1678.9135283002097,1643.6569975986285,1659.4884033203125,7504969,858.2984018170607,859.9017296292334,835.7531099870528,839.428466796875,21205364
2025-03-04,1157.576687742468,1169.3297956512124,1154.9373267832577,1157.2779541015625,11377373,1646.2794646548505,1650.1644899401717,1621.9980566215932,1639.7720947265625,6759673,837.6771272358142,845.7184570804238,835.3338019387764,843.5971069335938,19920958
2025-03-05,1156.3815647449799,1178.2940491759787,1152.3974766666165,1170.9234619140625,8664095,1643.8026956375877,1683.1385762213686,1643.8026956375877,1662.30517578125,8180782,839.6257577393887,843.991790915382,832.8671383829512,833.73046875,21583872
2025-03-06,1192.2383549047067,1209.1208794668382,1180.4355183146993,1204.7882080078125,14468014,1665.7046071983816,1672.794825837321,1642.4915571816716,1666.5301513671875,10610547,832.2504799228543,838.6144701478811,824.973838204501,834.3224487304688,32966088
2025-03-07,1211.1627762331514,1249.8084792402678,1207.178688153437,1244.828369140625,16474965,1654.146667899849,1655.9920786793123,1627.340016320931,1637.5382080078125,8019331,829.7838192395386,839.2311321984157,827.6131479773222,833.3604736328125,13372914
2025-03-10,1240.0473535020744,1252.9956391209716,1230.4855669004469,1233.4736328125,11931051,1637.5382042171923,1669.5896637303404,1628.01984457351,1652.5440673828125,7558981,833.2371287977431,838.6144556459366,830.3018296675241,832.4971313476562,15604050
2025-03-11,1235.0672477916657,1244.5294565449083,1224.858022557904,1242.3382568359375,10089838,1631.7106175387037,1631.7106175387037,1589.995206020896,1613.8394775390625,12671234,829.9811819724781,835.7038170818192,823.8885481247595,831.510498046875,19898430
2025-03-12,1252.995610693361,1257.9757204337955,1239.0513034201438,1252.0494384765625,11977555,1589.84944650162,1589.84944650162,1518.850635339536,1545.123046875,14870008,834.4951408301645,847.7904041385841,834.4951408301645,844.1644287109375,18784106
2025-03-13,1255.0376050433522,1259.1212710412995,1238.901975238559,1242.9359130859375,9505270,1553.2816045131979,1559.886194636392,1525.163782654934,1534.439208984375,7822888,846.5818201293218,848.9251455168071,838.6885135609504,841.9197998046875,15736264
2025-03-17,1237.208673957254,1252.3980085038181,1228.1946267891797,1233.9217529296875,16640917,1500.736758011993,1548.1826065260266,1500.736758011993,1544.34619140625,7526032,841.1304307424771,850.5037317302232,841.1304307424771,843.79443359375,18950652
2025-03-18,1233.9217529296875,1233.9217529296875,1233.9217529296875,1233.9217529296875,0,1544.34619140625,1544.34619140625,1544.34619140625,1544.34619140625,0,843.79443359375,843.79443359375,843.79443359375,843.79443359375,0
2025-03-19,1236.113132982547,1248.2645525643281,1233.8720835165427,1242.1888427734375,16162399,1556.9238965430377,1556.9238965430377,1527.5920028100838,1540.94677734375,7387068,855.930432694155,863.823739278078,854.5490799535085,860.4197387695312,15221406
2025-03-20,1246.8700894970418,1267.9359786597456,1245.0773228865291,1264.101318359375,15971477,1546.2400259441436,1584.9931759348294,1546.2400259441436,1569.1131591796875,7186750,865.3037412350927,875.1703745445009,862.985106495842,872.5803833007812,17833978
2025-03-21,1269.927977701306,1275.9041093610767,1265.0474458622177,1271.2725830078125,21780769,1532.59385494289,1557.7980274559397,1518.7049607743006,1546.7742919921875,10074677,866.0684175252852,875.2196836615442,866.0684175252852,873.3696899414062,33508264
2025-03-24,1285.86434660882,1300.8046759652354,1279.141198398433,1296.920166015625,20299319,1552.0189913058653,1560.9060103586978,1527.4947691913153,1546.968505859375,8857726,877.6369838460287,890.1676194932312,874.997671627427,887.9969482421875,17393736
2025-03-25,1302.497915186312,1302.497915186312,1277.4977874103538,1280.33642578125,13713899,1558.8663000022038,1589.1209562659596,1558.8663000022038,1581.6422119140625,9890140,890.4143157035983,909.5555477752322,888.7369760332164,898.5789184570312,39101416
2025-03-26,1285.8643858858131,1288.6532960847499,1263.7028966635362,1267.98583984375,12074747,1579.2627320763197,1590.6749935166006,1549.1537869998338,1553.475830078125,6651302,900.3302775382388,901.5636066855513,888.9836493829623,891.2283325195312,24478442
2025-03-27,1273.0655062272906,1279.8882324099652,1266.242780044616,1273.115234375,15028056,1549.688079270318,1573.3866387891755,1540.4125339270274,1557.4581298828125,9426573,887.9969842041877,908.2235821777275,887.0596420099644,900.5029296875,41658100
2025-03-28,1274.9081198538831,1290.5954658598978,1263.9518781988888,1270.027587890625,18147129,1544.2975705237486,1552.504639118573,1515.1598805138667,1525.5037841796875,6799047,902.3036249715724,905.7569466636451,890.8829847599874,901.908935546875,28773648
2025-04-01,1259.5693287834792,1272.8164693011493,1244.330265958221,1247.6170654296875,12099648,1495.0061979771754,1502.92196020728,1474.2212903040318,1482.6226806640625,12680733,888.9836405685396,892.8809726796349,870.9030234039785,872.1363525390625,28511006
2025-04-02,1242.5873186806543,1250.5554948342144,1238.9518139936486,1246.1729736328125,10142590,1491.0726643663595,1510.9349273715397,1491.0726643663595,1505.593017578125,6193478,873.5423260418547,887.602278026219,873.5423260418547,886.4676513671875,11573564
2025-04-03,1228.145018441354,1246.8204315907722,1228.145018441354,1243.732666015625,7434366,1490.5385603678294,1490.5385603678294,1442.3642697947264,1453.485107421875,10459504,878.6729886492828,889.9702954640933,876.6503409310941,885.456298828125,11250038
2025-04-04,1236.1628160172713,1240.4954871764826,1188.4036122186155,1199.9075927734375,17908652,1418.5199114659142,1429.6893595876932,1406.3792069857197,1409.92431640625,9590254,894.4102660639704,908.6921929973271,893.4729239008652,896.5316162109375,33540454
2025-04-07,1127.6960086529814,1166.590714623955,1110.415052053189,1161.062744140625,22156106,1313.1385736419368,1365.489314158466,1269.4320382766355,1356.602294921875,21715252,869.6450067324856,878.0562747489253,857.5090006629878,867.1289672851562,37995450
2025-04-08,1167.3378163352843,1191.8399338970503,1158.6724733291408,1177.4971923828125,19555040,1389.8677955834949,1414.6348317731379,1374.3276944448953,1387.7310791015625,12805001,870.730371547347,879.1170096868965,863.4784203033727,872.7777099609375,35563872
2025-04-09,1164.8477193030515,1185.0670143686195,1163.3536863154889,1180.6346435546875,10223104,1364.663707842691,1368.9371407012397,1342.1791008495861,1363.3524169921875,8546854,870.7303466796875,875.6636630914704,865.0570328061372,870.7303466796875,22454608
2025-04-11,1190.3957018139643,1217.786306450343,1190.3957018139643,1214.1009521484375,11224242,1370.6854425398662,1397.4436008179698,1356.893650613513,1368.9371337890625,12567440,875.540352413462,897.567622795633,875.540352413462,891.3269653320312,32775766
2025-04-15,1246.0235343416643,1246.0235343416643,1232.1788040875913,1235.1668701171875,13378535,1404.0480742507405,1406.087688754894,1368.5001176189407,1385.011474609375,10178530,920.0634812745557,925.8848185421238,915.1301650210728,920.01416015625,49298344
2025-04-16,1229.1907298200806,1235.9637280756608,1224.1110419207541,1234.3701171875,8248464,1384.0401507759727,1386.4682913913693,1356.6507720589223,1372.482177734375,12022740,929.3381542000717,929.3381542000717,917.8435030643678,926.476806640625,19136820
2025-04-17,1235.266450081142,1275.1073305428426,1222.7165970526498,1269.4300537109375,15398401,1357.8163531049115,1388.7023519091767,1338.6826507754836,1378.6983642578125,14264227,928.4501090482869,947.0486870380013,925.8354273732423,940.6353759765625,35703084
2025-04-21,1264.947875835223,1295.7249783909904,1261.9598099867933,1290.346435546875,10429964,1369.4714582615436,1429.4951483248678,1369.4714582615436,1409.29296875,15648970,949.170085798879,962.3420166432835,942.2634427629204,950.6994018554688,34247298
2025-04-22,1294.8286411452223,1298.713151385602,1281.1831879455033,1286.0635986328125,13051707,1398.6091260339042,1398.6091260339042,1378.5041672717928,1381.903564453125,9399738,954.5967457498784,972.1593405008402,954.5967457498784,967.7686767578125,45961750
2025-04-23,1291.840547250601,1300.8047453425481,1280.286716249035,1294.82861328125,10480888,1404.4366498623076,1445.0352117850275,1398.2205856526791,1432.5059814453125,11136642,976.2540297557508,976.2540297557508,947.4434488933124,949.1207885742188,30570642
2025-04-24,1287.2588872304611,1299.3107293954529,1285.1672652984741,1296.4222412109375,10468940,1427.6496829084983,1440.2760150192205,1419.4911061400271,1429.1065673828125,7114292,942.2634238174406,949.1207455952106,939.8460867592294,945.6181030273438,25931754
2025-04-25,1298.3146947064158,1319.928323767296,1282.9759313802824,1295.22705078125,14431012,1433.0887071514799,1458.535575435,1421.4336312546193,1437.653564453125,8329979,949.5647662059754,953.6100615716746,933.2848220611925,942.8554077148438,18500878
2025-04-28,1334.669497851195,1369.1318351951852,1314.9482133535364,1363.35498046875,31104496,1437.6534907325017,1446.7833234291916,1423.1818670852326,1439.4989013671875,5886253,942.8554253066497,951.982060830828,941.4741328194633,947.29541015625,13920492
2025-04-29,1365.5461749701867,1405.2874774645995,1364.5501529607263,1394.1319580078125,32538970,1439.4018262859975,1466.4027986571466,1431.7288778586658,1454.456298828125,8056743,946.6048254524144,951.5381421157663,937.4288082816594,941.6715087890625,18918308
2025-04-30,1396.4228227174156,1406.7814756764847,1363.5540972183608,1399.410888671875,25480745,1453.7764926957282,1465.431568419441,1439.984581952398,1456.9815673828125,7704183,943.7434115323153,955.5340495753018,942.4114402150566,949.6633911132812,31936870
2025-05-02,1408.3751233126775,1421.024554216323,1403.4945911426703,1414.152099609375,13007841,1456.5930649551544,1479.4175886205041,1453.1936678135066,1463.586181640625,7402310,952.0314262519853,958.0007270723939,947.1967520748111,948.1340942382812,17840404
2025-05-05,1425.3074680112338,1433.773654928142,1421.2238021682567,1425.6063232421875,12685649,1471.4532464465005,1479.2232965927526,1459.6039673980883,1465.2371826171875,4282493,956.5700467268101,962.9833580251333,953.2647488384409,955.4847412109375,15068024
2025-05-06,1425.3074785225756,1426.3035005201455,1404.9886054552057,1415.2476806640625,14084117,1462.7120452184295,1472.0360823521305,1456.0103527730441,1468.053955078125,4270530,952.1300492793257,957.112686715781,949.3180830668039,952.9686889648438,17490156
2025-05-07,1415.2476117092147,1418.733688530858,1397.1199392858432,1400.4068603515625,13440169,1456.8844481471906,1475.1441139885928,1453.5821530190785,1464.9459228515625,5691799,954.1033540161453,961.3553047488027,948.3807192627594,959.8259887695312,21420778
2025-05-08,1398.51446598441,1415.1481063364454,1392.438756100913,1401.4029541015625,16106175,1464.654491996011,1472.910170498641,1458.0499017692832,1467.956787109375,8424409,964.364722012384,964.364722012384,946.752746184645,951.3900756835938,34803430
2025-05-09,1379.9884666950659,1389.251519832932,1369.032224808638,1371.721435546875,13668904,1457.5642989506216,1467.9568126185206,1451.1540310083215,1464.2659912109375,4478653,942.3127568324845,946.7034204881495,930.8181657127636,932.248779296875,17188796
2025-05-12,1394.430721507353,1433.275577320772,1394.430721507353,1430.7855224609375,10674081,1492.8209942326298,1585.0903465111594,1487.96471253376,1580.136962890625,11372857,946.0127244576516,966.8806765571811,943.3981029435623,965.5486450195312,18618972
2025-05-13,1427.7974767909468,1441.9409399606418,1406.7814377941193,1410.0682373046875,11407896,1562.7513505672503,1565.859323230766,1519.627548132014,1523.5125732421875,12846210,961.9967305905121,967.7686868855955,947.1967808891196,948.4794311523438,24242102
2025-05-14,1414.3512435205853,1424.2118856620737,1409.8691445094285,1418.7337646484375,5570160,1528.75740058924,1549.1537826809642,1524.3867472838704,1546.6285400390625,4870057,948.2327622761527,952.2287366384547,938.8101397074491,942.5594482421875,15445308
2025-05-15,1419.3313670179805,1455.5865925696291,1407.0802476372012,1448.4151611328125,20177211,1544.1033749720434,1572.075486394776,1525.843708376521,1566.636474609375,11151167,943.9901042439285,959.4314088460198,935.85013208818,954.0047607421875,32241458
2025-05-16,1447.4191020051853,1455.1881221330052,1441.542669553187,1450.6064453125,9036695,1566.2479103864578,1566.2479103864578,1536.0418626920532,1544.200439453125,4576751,954.0047801554118,958.9380967138302,951.340777169636,954.44873046875,15868010
2025-05-19,1446.3234565863577,1448.81351147394,1432.4787270944578,1435.0684814453125,6195791,1531.1856318206726,1539.4413107743521,1510.9834523682187,1514.9656982421875,8855798,955.5834183781088,959.5300716290252,952.6234284399217,956.4220581054688,10202964
2025-05-20,1432.4787356808251,1439.2517336495314,1416.1440727881434,1418.932861328125,11270560,1524.8723866170074,1537.9843466293191,1513.2173110505078,1515.7425537109375,7143998,951.1927398071444,954.3993955236706,943.7434439560598,944.6807861328125,23879090
2025-05-21,1418.235682967954,1430.486680037078,1412.458707007589,1423.5145263671875,6136364,1522.832797268108,1525.8436681268927,1507.4869000940212,1523.41552734375,4157309,950.6500948788123,960.4674068130723,947.739426083267,950.5514526367188,15132040
2025-05-22,1415.5464438973825,1418.1361984129633,1391.3431818014155,1403.79345703125,12134466,1510.7892156499267,1515.9369216042496,1495.7347425913772,1503.0191650390625,6158990,944.828766015395,949.2687509312965,939.895449442171,947.1474609375,21306670
2025-05-23,1401.0045498118507,1428.0964217220903,1401.0045498118507,1421.124267578125,6474883,1505.447258808557,1541.5779455953386,1505.447258808557,1519.8218994140625,5038421,947.2460290070277,955.583345407158,944.4833839865793,953.906005859375,9566072
2025-05-26,1426.3034970063507,1435.2676949623963,1419.430920923106,1429.0924072265625,4842944,1521.5700705826603,1538.275749801986,1517.782147363295,1535.070556640625,3170102,954.5967478346391,961.947401503022,950.6007734925844,957.1620483398438,10802860
2025-05-27,1420.4269591196573,1431.2836233071982,1408.275539274527,1416.44287109375,12640414,1534.4878415209876,1537.4016104009331,1511.6633186280806,1524.969482421875,7775714,952.9194312599001,961.0100826032541,945.3714929245052,950.3048095703125,26162148
2025-05-28,1414.4508509493858,1416.9409060075968,1405.0882196135674,1407.279541015625,5944611,1535.556238237006,1542.063608140773,1524.8724187426308,1526.6207275390625,3623370,947.295443323748,954.3501102535763,946.0621141556768,948.9234619140625,18157594
2025-05-29,1406.4826358531975,1414.3512339364067,1402.996558868143,1412.1600341796875,13771917,1543.3262208282474,1562.6542444112208,1531.2826193070812,1540.02392578125,8609500,951.1433943336576,957.4580633637506,940.9314535555673,950.896728515625,28917794
2025-05-30,1412.3591925541664,1424.9090454066043,1404.0921613404494,1415.2476806640625,13788484,1547.3124739974683,1548.297396005105,1531.652190030095,1539.1375732421875,13148092,953.0674622365118,961.4047794767922,949.8608063918771,959.4807739257812,28748078
2025-06-02,1406.4826830156508,1411.8612262898896,1390.0483195350275,1408.0762939453125,8098668,1536.4782943781508,1536.4782943781508,1515.7949327230604,1530.371826171875,4374509,952.1794133521448,955.0900821550082,941.276795842849,953.1660766601562,14668822
2025-06-03,1416.6421539546416,1420.8253977642241,1397.8173136420837,1399.908935546875,11252626,1535.4933708621093,1543.6682714095227,1512.4461724234918,1519.734619140625,6853403,956.0767204883472,962.9833634640112,947.1967509482078,949.466064453125,24377584
2025-06-04,1409.0722382665938,1420.0284799827916,1400.506473605418,1417.8372802734375,8126827,1519.7346010168856,1533.8190332918903,1518.158749909477,1527.8109130859375,4548307,947.6901200517409,958.6914401720352,947.6407989299088,957.6553955078125,12961542
2025-06-05,1422.3193687346825,1448.913106617055,1417.9368477633755,1436.662109375,13716817,1524.5607331925255,1544.0621159555858,1518.3556767230737,1530.8642578125,6948539,961.0100588418235,966.3873858970264,957.1620478647775,961.7993774414062,22255418
2025-06-06,1435.2676355449807,1445.7258660607492,1431.28354772945,1437.7576904296875,8182161,1531.2581829658582,1545.2441474823067,1519.8331118292815,1540.2210693359375,3960020,959.0366899431259,984.8379583134906,958.3953347348495,976.1552734375,30127008
2025-06-09,1451.204075048637,1451.70208605586,1439.5506661134996,1443.0367431640625,7885125,1554.2069160448225,1564.0561360451065,1547.3124620446238,1549.183837890625,2903202,984.196594423998,984.196594423998,974.7739724063232,976.2539672851562,13202588
2025-06-10,1444.2318404180787,1448.1163503747662,1430.2875329933524,1432.777587890625,7913181,1560.116482612782,1583.2621501262925,1553.7144894707471,1571.935546875,8591925,978.1780428487654,978.1780428487654,967.472709657825,969.5447387695312,15533126
2025-06-11,1440.0485867347081,1462.7578142878924,1437.3592545136698,1443.13623046875,8195700,1566.1244242034918,1609.9534525332194,1566.1244242034918,1606.5062255859375,10597410,970.6793723493836,970.6793723493836,960.516752091058,962.194091796875,11096394
2025-06-12,1447.7179200254843,1451.2039968882907,1428.6939248911115,1435.865234375,8828114,1592.6188275892266,1603.452969273507,1574.0037782857437,1584.345458984375,10483574,961.9966994408974,967.4233474890254,954.7447484104943,958.74072265625,16349130
2025-06-13,1418.335338487147,1429.7895915718395,1408.6739736495979,1422.2198486328125,9757276,1552.2369998927122,1584.7394243828517,1546.5244044661895,1577.844970703125,6968315,947.19676434732,953.6100757725884,943.7434428106371,946.0127563476562,12117762
2025-06-16,1421.223780491138,1436.6621211041454,1418.7337255535563,1432.0804443359375,8458093,1575.875214344727,1610.1505483486199,1573.01891647278,1599.31640625,5591842,949.1700746468088,956.520728121515,947.2460692080249,954.7940673828125,16513746
2025-06-17,1442.2398094911548,1442.2398094911548,1420.12817043809,1425.506591796875,10366599,1596.2630097727385,1622.5604988569514,1591.2399317053334,1615.173583984375,7622083,955.5834055099792,957.852719054467,946.7527569357399,951.9327392578125,16978736
2025-06-18,1424.3114328610282,1437.0605628519918,1420.028489708749,1424.4110107421875,6681735,1596.5585788351507,1619.9011823893957,1596.5585788351507,1608.2791748046875,5629707,945.7167603313338,955.2380851367438,945.7167603313338,954.0540771484375,18433816
2025-06-19,1424.4110453044384,1434.1721095891817,1420.0285241646616,1427.598388671875,10007230,1599.4148737815738,1605.4228739879738,1587.2018168292147,1593.997802734375,5147760,954.0540746334422,960.4180648603083,949.9593979158449,954.7447509765625,16876220
2025-06-20,1425.3075053013417,1465.148385952672,1422.4190171371765,1460.367431640625,29010635,1594.58871180959,1606.1122510729595,1584.6410236941556,1598.429931640625,9202821,952.9193918485255,971.8140179089729,952.9193918485255,969.2486572265625,32900408
2025-06-23,1447.2199506188397,1457.9770367383994,1436.2637087352834,1451.0048828125,5989078,1576.8601291540897,1576.8601291540897,1551.6461498856431,1560.116455078125,7943676,961.2073364257812,965.8939867961492,957.9513597916495,961.2073364257812,11739518
2025-06-24,1459.1721495093714,1469.1323689599471,1437.359244595668,1445.0286865234375,16402744,1576.860073737694,1584.739449496533,1552.827953627288,1557.7525634765625,8083992,969.3966711141703,976.3033140635843,964.7593416610487,967.3740234375,22625322
2025-06-25,1458.1762135192969,1466.5428226679085,1454.690136506102,1461.463134765625,7525851,1566.025955644839,1595.4751470327865,1561.199813873949,1590.550537109375,7813533,969.8900392545883,977.7833457795492,968.854054817417,976.8953247070312,18405932
2025-06-26,1463.2558362824063,1492.8377614283193,1459.2717484446844,1489.3516845703125,14657893,1584.5425210067874,1599.5132869304996,1582.3756205245834,1591.6339111328125,6519233,977.4873577522009,1000.032590400823,976.7966813877978,997.41796875,50084830
2025-06-27,1493.4353527246628,1515.9454247275912,1490.9452978220222,1509.3717041015625,11117052,1594.5886581952298,1605.0288069577266,1578.238977654369,1583.7545166015625,8912268,1004.0015037809444,1007.393088107433,994.2258430942326,1004.9491577148438,28213384
2025-06-30,1507.7781788170053,1518.734421010171,1490.0489382705405,1494.630615234375,8409527,1590.648993297183,1590.648993297183,1570.064099926214,1577.6480712890625,6294505,1003.2533964547342,1004.400566128524,995.2732550959096,998.2658081054688,13649020
2025-07-01,1494.630607775488,1525.3081343971446,1494.132596769193,1522.320068359375,10368523,1584.7395342639384,1593.308307768125,1576.3676970723639,1582.57275390625,4178937,1000.0114368496795,1005.4977838847651,999.5126780283082,1003.5526123046875,14389386
2025-07-02,1522.3200879079554,1523.9136988316197,1502.6983810571346,1512.75830078125,6361002,1593.6038341220215,1624.1364168524187,1579.2239966239758,1586.2169189453125,8653641,1007.4429706558585,1007.4429706558585,986.4950998423908,990.5350341796875,18878250
2025-07-03,1514.7502729656235,1525.8060926058627,1506.9812529023668,1511.76220703125,11283291,1594.0962765801005,1607.786716594206,1590.6490495377586,1594.293212890625,5259695,994.9739612315547,1001.507689459166,989.6871300276722,991.0836181640625,16860506
2025-07-04,1517.9375659885409,1523.913698138102,1511.1645675851503,1521.2244873046875,6603501,1600.4981989662078,1618.6207872342948,1587.9897380569496,1615.96142578125,4411273,991.0836632772651,999.2633203019867,987.5424877454124,992.1809692382812,7863944
2025-07-07,1520.5271677380254,1538.65484117058,1518.933556847784,1535.367919921875,7251074,1615.2721260131761,1619.2118141254034,1598.5284515362102,1602.4681396484375,3294523,992.0312782906421,996.7196233059492,989.4377568185034,991.2332763671875,11349426
2025-07-08,1529.8897875590692,1538.7544076502807,1524.1128113419518,1531.4833984375,7171261,1603.4529602070286,1621.378491891406,1597.0509674297891,1613.9915771484375,4590681,986.0462146584523,1000.0114620081927,986.0462146584523,998.2159423828125,15224316
2025-07-09,1530.586937987722,1544.8301010282516,1504.0927774643353,1512.9573974609375,8870660,1613.1052929685202,1613.3022292758048,1599.1193284889714,1609.0670166015625,4580828,1001.0089360727129,1004.4005203490875,996.5699704674603,1003.1036987304688,13861428
2025-07-10,1513.654605815878,1518.6347158851345,1501.5031858807802,1511.16455078125,10047129,1614.1886858160015,1614.1886858160015,1582.868118202301,1591.43701171875,5330179,1005.4977851253348,1005.9965439473215,997.5176439735463,1000.6099243164062,17030310
2025-07-11,1505.9852937598653,1508.9733598189127,1484.3716645666439,1489.2520751953125,7234991,1555.2902357933656,1582.8680505457567,1539.433016356687,1570.85205078125,11391755,996.5201541247731,999.9117385623401,987.9913902076418,989.3878784179688,12516922
2025-07-14,1486.263916129696,1494.0329360309418,1473.2160528053016,1477.7977294921875,10311846,1567.7988696310574,1567.7988696310574,1536.2813659941348,1546.623046875,9173426,989.0387573242188,991.8816582943851,982.8541356715338,989.0387573242188,13088850
2025-07-15,1480.2878335086834,1490.5469086437597,1476.503022895967,1479.4910888671875,8132454,1541.5013602388092,1579.4208563061295,1540.4179701114037,1561.6922607421875,7614807,984.0511806165923,999.3131887778599,984.0511806165923,995.2732543945312,14498168
2025-07-16,1467.1403332858122,1485.068728397248,1465.6463003598592,1479.690185546875,10409983,1555.1918577227598,1587.6942841349517,1554.6993967165145,1583.6561279296875,6223491,1006.4952830829005,1008.8394251469304,993.826797075495,995.6722412109375,17994612
2025-07-17,1481.4830970988435,1483.674296790977,1468.0368005528198,1470.52685546875,11854613,1573.9053927711557,1585.7244570472844,1556.2752645133157,1559.6240234375,7374814,999.5126501495852,999.9116815490105,988.8890631972324,990.98388671875,22529158
2025-07-18,1478.8934598804974,1478.8934598804974,1463.2558421043927,1470.12841796875,10296318,1568.0942241264431,1575.1857343566385,1556.176692489401,1562.1846923828125,5161833,990.9838927216935,996.0213445308241,974.0759568696542,976.2705078125,16129446
2025-07-21,1459.1722169809668,1470.128458883213,1417.4388712363768,1422.9169921875,22442744,1556.1767745731315,1565.041072656143,1543.1758521432762,1560.4119873046875,3682661,986.6446826643673,998.5151670456409,985.7968170158388,997.7670288085938,22309078
2025-07-22,1421.721828538219,1426.2039275426996,1405.0881881707605,1407.179931640625,20396320,1541.4029254290974,1561.889351060241,1541.4029254290974,1547.2139892578125,8473741,1004.051390877723,1006.4953213272488,999.0139388595042,1001.058837890625,14836814
2025-07-23,1420.3273163904719,1420.3273163904719,1408.7734859597779,1418.932861328125,8354596,1552.5325511946266,1567.897309898412,1526.629055261839,1550.7596435546875,8035026,1003.0039954915454,1012.3806857402005,999.0139248978445,1009.6375122070312,13634916
2025-07-24,1413.554298653669,1417.3392306864348,1390.4466381154343,1397.3192138671875,14740507,1556.1767861186595,1558.1466301517212,1524.8562179010848,1529.0914306640625,14169664,1016.3208076773761,1016.3208076773761,1001.7072110041944,1004.5999755859375,19107176
2025-07-25,1393.3351272649268,1395.4267490386208,1378.593953801798,1386.1636962890625,11854722,1520.12860228797,1526.1366022975346,1488.512630894258,1492.84619140625,10851259,1007.5,1007.5,999.5,1002.2999877929688,9306598
2025-07-28,1386.7614543919697,1402.199795115413,1379.490445288333,1382.080078125,7748361,1491.0734115180542,1496.392014262957,1460.14683725966,1493.1417236328125,6439855,1001.5,1010.7000122070312,1000.25,1004.25,12059580
2025-07-29,1377.4984422704579,1414.550412474214,1377.4984422704579,1411.4627685546875,10750072,1490.0884773327002,1494.3235696797126,1473.5417400906863,1490.8763427734375,7070448,999.9500122070312,1013.25,998.1500244140625,1010.7999877929688,19895696
2025-07-30,1412.458776601272,1417.6381639620695,1395.7256799199,1404.4906005859375,7209849,1496.9830114866083,1498.7557989957106,1483.2925712781332,1496.0965576171875,5719051,1014.0,1016.2999877929688,1008.5,1012.9000244140625,15154036
2025-07-31,1382.5780559389787,1397.0203743336986,1376.7015020683227,1384.669677734375,17065827,1486.936711768862,1504.0743788045277,1474.428250322285,1486.247314453125,6851407,1007.2999877929688,1015.7000122070312,1004.0,1009.0999755859375,22183032
2025-08-01,1381.3828853186424,1400.3073026227253,1378.7932525308158,1388.15576171875,10321171,1471.3749358302919,1476.1024890867666,1443.4031282013243,1447.4412841796875,8702978,1007.0,1014.1500244140625,1004.6500244140625,1006.0999755859375,11317258
2025-08-04,1389.5502251510159,1410.466686507784,1386.1637261382157,1405.885009765625,6312820,1439.4634841975633,1460.4423706154291,1429.1218033326475,1458.177001953125,8610216,1005.0499877929688,1009.25,994.0499877929688,996.0,13933946
2025-08-05,1405.38696851784,1405.38696851784,1382.5780415934858,1386.1636962890625,9315972,1456.4040844682859,1456.4040844682859,1433.0614816224124,1438.2816162109375,10213323,993.25,997.2000122070312,982.75,988.7999877929688,23978058
2025-08-06,1386.3630773472378,1390.3471654369864,1377.797312271222,1387.259521484375,5834312,1430.1067078263497,1434.14486387826,1408.7339490588547,1415.037353515625,10566934,985.5499877929688,994.0,985.0,992.6500244140625,14080204
2025-08-07,1382.1796145349972,1388.1557462486337,1360.5659868045632,1383.8729248046875,9976705,1408.4383894942564,1420.2574529025999,1392.876574581379,1415.234375,9892020,990.0499877929688,1000.7999877929688,988.4000244140625,997.7000122070312,13081186
2025-08-08,1379.4904158119157,1391.6418351007062,1359.569976594415,1362.35888671875,8793606,1403.5138318764698,1411.590144080286,1395.7329241309972,1401.6424560546875,10048009,993.5499877929688,996.4000244140625,985.0,986.9500122070312,13895264
2025-08-11,1364.5501609316866,1382.4785572067015,1355.7851185633474,1380.6856689453125,9997486,1398.4907470266712,1411.7871937906966,1392.6796832838538,1406.66552734375,6625368,987.9500122070312,998.7999877929688,986.5499877929688,997.7999877929688,9105854
2025-08-12,1376.4028464986861,1396.3232867936674,1369.7294260490362,1374.9088134765625,12244664,1406.6655976905836,1419.2726477892124,1399.5742071536924,1402.62744140625,9899184,995.9500122070312,998.0,983.75,984.9500122070312,12937802
2025-08-13,1382.4785186353236,1386.2634508216695,1372.0202877666845,1377.0999755859375,7457021,1403.5138705026145,1412.3781686321047,1400.953097311154,1405.0897216796875,10318063,997.0,997.0,984.5499877929688,990.1500244140625,13577396
2025-08-14,1377.300048828125,1380.699951171875,1370.0999755859375,1373.800048828125,7126128,1404.6956380205245,1447.835267553816,1404.6956380205245,1425.8714599609375,12902347,989.0,998.0,985.5999755859375,995.5499877929688,17511716
2025-08-18,1390.0,1394.9000244140625,1377.0,1381.699951171875,11785109,1442.6151494914589,1442.6151494914589,1408.0444126749926,1414.1510009765625,7254561,1005.0,1013.2999877929688,997.7999877929688,1001.7999877929688,19284796
2025-08-19,1390.0,1421.0,1389.0999755859375,1420.0999755859375,14384719,1411.0977408332749,1427.5460108318366,1411.0977408332749,1418.2877197265625,3986094,999.1500244140625,1003.0499877929688,993.3499755859375,995.5499877929688,12352438
2025-08-20,1413.0,1424.9000244140625,1410.0,1413.0,8725641,1418.9770874002822,1476.3980885005715,1418.9770874002822,1473.6402587890625,10413061,993.5,996.0,989.5,994.0999755859375,9950228
2025-08-21,1425.0,1431.9000244140625,1420.300048828125,1424.800048828125,11021323,1485.262351237006,1485.262351237006,1461.9197483180794,1473.8372802734375,6565539,998.75,998.75,991.5999755859375,995.5999755859375,12439850
2025-08-22,1420.0,1423.4000244140625,1407.9000244140625,1409.199951171875,5818868,1475.5115598317454,1481.6181481033814,1463.6924963469764,1465.0714111328125,5543397,994.9500122070312,998.0,978.5499877929688,982.2999877929688,19833502
2025-08-25,1414.699951171875,1419.5,1405.699951171875,1412.5999755859375,5979407,1483.981859694785,1515.7948868943363,1483.981859694785,1508.9989013671875,10694531,980.0999755859375,988.7000122070312,978.5,982.0499877929688,17518044
2025-08-26,1408.0,1410.0,1381.5999755859375,1384.9000244140625,12145259,1500.03616013844,1515.2039825206518,1495.7024794249892,1506.53662109375,15994798,979.5,985.7000122070312,968.0,973.4000244140625,16917731
2025-08-28,1389.9000244140625,1392.199951171875,1366.5,1385.9000244140625,13161813,1506.5366438633127,1506.5366438633127,1475.413133190423,1477.4814453125,5443364,967.0,972.2000122070312,955.0,957.7999877929688,25438255
2025-08-29,1381.0999755859375,1403.5,1350.0,1357.199951171875,18758842,1479.254311487481,1479.254311487481,1445.5699084151588,1447.4412841796875,8169075,954.0,963.2999877929688,950.0999755859375,951.5999755859375,14823813
2025-09-01,1356.0,1363.199951171875,1340.5999755859375,1353.9000244140625,11232238,1454.4343120627393,1480.7318023736236,1453.941851048263,1476.7921142578125,4546057,949.5999755859375,957.4500122070312,946.3499755859375,950.5999755859375,20178344
2025-09-02,1354.800048828125,1384.5,1354.5,1366.5,11517006,1476.7920565936874,1489.9900353122632,1463.8896025641538,1476.1025390625,5218763,951.0,954.7999877929688,944.0,944.5,14196320
2025-09-03,1369.699951171875,1376.5,1360.5,1372.5999755859375,7847563,1477.3829894013984,1479.2543652339205,1450.7900955921732,1456.798095703125,4623483,945.0,956.2999877929688,940.0,954.4500122070312,16083481
2025-09-04,1371.800048828125,1374.0,1357.0999755859375,1359.300048828125,13223177,1461.6242804276317,1461.6242804276317,1438.0846200594328,1440.94091796875,5787724,960.2000122070312,965.7000122070312,956.25,961.25,17597657
2025-09-05,1363.0,1381.0,1359.300048828125,1375.0,5777575,1447.835279098319,1450.4945202945664,1411.3931666312185,1422.8182373046875,5466487,967.5,967.5,954.0499877929688,963.4000244140625,11602111
2025-09-08,1380.0,1386.0,1372.4000244140625,1378.5,6986720,1429.1218644887508,1436.0163186937275,1406.7641825159365,1411.2947998046875,3811567,969.0,973.1500244140625,960.4500122070312,966.0,11711307
2025-09-09,1376.5999755859375,1381.199951171875,1368.699951171875,1376.199951171875,9754452,1458.6694341238242,1484.474341584966,1450.297597398603,1481.6181640625,13072640,974.0,974.4000244140625,962.7000122070312,965.1500244140625,13985539
2025-09-10,1383.9000244140625,1388.5,1374.0999755859375,1377.0,7790815,1487.330709756259,1511.756823802922,1486.5428442826578,1509.491455078125,7281071,973.9000244140625,973.9000244140625,961.7000122070312,965.9000244140625,18091100
2025-09-11,1376.0,1385.5,1375.0,1383.300048828125,9766072,1500.922609577238,1504.4683046125388,1483.7849433052634,1486.9366455078125,8003662,960.2999877929688,969.25,959.9000244140625,967.7999877929688,15113633
2025-09-12,1383.300048828125,1396.300048828125,1380.5,1395.0,7403368,1513.8250582606502,1519.6361218926327,1498.1647749913177,1502.596923828125,12856963,969.9000244140625,970.75,962.25,967.2999877929688,14363519
2025-09-15,1393.0,1400.800048828125,1388.5999755859375,1399.300048828125,5396697,1502.5969824151846,1504.4683582651935,1478.5648615170796,1485.6563720703125,6167414,969.5999755859375,972.3499755859375,965.0,967.0499877929688,14486377
2025-09-16,1404.699951171875,1408.0,1398.199951171875,1405.300048828125,8686961,1485.656397411633,1491.1719366717366,1480.8302554728903,1488.5126953125,8923112,961.2000122070312,969.3499755859375,961.2000122070312,966.8499755859375,18661794
2025-09-17,1407.0,1416.199951171875,1406.9000244140625,1413.800048828125,7519417,1494.028241371192,1503.680405062861,1491.1719434573272,1499.4453125,4795698,965.1500244140625,974.4000244140625,964.3499755859375,966.5,17361476
2025-09-18,1420.4000244140625,1422.0,1410.699951171875,1415.0,9332642,1526.6291407021617,1531.5537508334592,1515.302537400178,1517.370849609375,9331945,973.2999877929688,979.6500244140625,969.25,976.9000244140625,17791598
2025-09-19,1414.9000244140625,1417.0,1403.5999755859375,1407.4000244140625,13461373,1521.3104874589542,1527.9095369547413,1497.179898612735,1516.976806640625,12988129,974.9000244140625,976.7000122070312,962.0999755859375,966.9000244140625,31243267
2025-09-22,1403.9000244140625,1410.699951171875,1388.0,1390.5999755859375,7757970,1460.3437656419162,1491.8612688721596,1459.6543683506482,1476.8905029296875,15655204,964.0,971.2000122070312,961.9500122070312,964.2000122070312,10854415
2025-09-23,1391.0,1395.0,1376.800048828125,1389.800048828125,14014702,1470.4885054191882,1490.186944875574,1470.4885054191882,1474.920654296875,9832164,967.0,968.2000122070312,955.5,957.2000122070312,21022298
2025-09-24,1385.300048828125,1396.0,1380.4000244140625,1383.0,5922759,1464.7758845360097,1474.1326431158677,1460.3437357350242,1472.0643310546875,4937004,952.2000122070312,956.4500122070312,943.0,951.0499877929688,15117220
2025-09-25,1381.300048828125,1384.5,1369.0,1372.4000244140625,11411143,1466.5488557470633,1480.04223903444,1454.2373307659764,1462.4122314453125,9491867,952.5,958.0,947.4000244140625,949.8499755859375,31413279
2025-09-26,1372.0,1382.699951171875,1366.0,1377.5999755859375,9879109,1452.7599061754568,1456.404069373631,1419.4694954878144,1427.053466796875,8597058,945.0999755859375,951.4500122070312,941.2999877929688,945.0499877929688,14874656
2025-09-29,1381.5999755859375,1389.0,1368.0,1372.800048828125,14231999,1437.9860786678707,1442.9106885263222,1414.8404123331482,1420.060546875,10513117,946.0499877929688,956.7999877929688,939.0999755859375,950.2999877929688,32398179
2025-09-30,1377.0999755859375,1377.0999755859375,1362.800048828125,1364.0,14604684,1421.2424051491353,1430.303639196793,1416.416263441906,1420.060546875,7556305,958.0499877929688,960.0,946.2999877929688,951.0,28296687
2025-10-01,1367.0,1378.5999755859375,1362.699951171875,1368.699951171875,12045916,1424.197180444367,1427.6444073679875,1405.877655696216,1424.000244140625,6250692,952.7000122070312,969.5999755859375,946.0,965.25,25350832
2025-10-03,1363.199951171875,1371.5999755859375,1356.9000244140625,1363.4000244140625,12842347,1417.3027030735375,1426.4625254104503,1411.5901076030302,1424.7880859375,6877533,952.0,966.75,952.0,965.1500244140625,26658296
2025-10-06,1360.0,1377.4000244140625,1359.0,1375.0,12396580,1424.7881421800753,1456.5027027407555,1420.5530497148675,1453.744873046875,4630590,971.9000244140625,977.4000244140625,962.0,973.4500122070312,18542683
2025-10-07,1376.0,1395.9000244140625,1375.9000244140625,1384.800048828125,11244040,1455.4191203786977,1460.5407866669368,1432.0765182081868,1436.5086669921875,5570320,974.0,989.8499755859375,971.0,982.5,25535736
2025-10-08,1384.800048828125,1389.0,1364.5,1367.4000244140625,8525081,1435.0313384295307,1475.4131399913774,1433.061494450904,1472.4583740234375,4657192,976.0,985.9000244140625,974.5499877929688,978.7000122070312,15939710
2025-10-09,1374.0,1380.0,1369.0999755859375,1377.800048828125,8826633,1479.352867871771,1491.171932062491,1464.5790376333712,1486.5428466796875,7028753,974.5,979.0,970.1500244140625,977.0999755859375,15370950
2025-10-10,1377.800048828125,1388.0,1375.0999755859375,1381.699951171875,6373084,1487.2322078030077,1498.755747016607,1476.2011295853695,1492.058349609375,3738353,979.0,986.2000122070312,978.0999755859375,980.9000244140625,13757080
2025-10-13,1376.9000244140625,1377.699951171875,1367.800048828125,1375.0,7600682,1474.4281763502415,1482.0120273618204,1461.0332617199265,1470.6854248046875,5859355,974.2999877929688,981.0,972.0,977.0,18634254
2025-10-14,1380.0,1388.0,1370.0999755859375,1375.9000244140625,9768174,1476.3980688327763,1491.5658915845438,1464.0865439092208,1467.435302734375,5600789,970.0,980.4500122070312,967.0,977.1500244140625,22934382
2025-10-15,1383.0,1384.0,1372.699951171875,1374.300048828125,10882743,1461.5258266826634,1466.1549121391147,1445.373081319078,1452.1690673828125,6986098,975.0,984.9000244140625,973.3499755859375,978.25,23310447
2025-10-16,1375.0999755859375,1400.5,1375.0,1398.300048828125,12315932,1451.6765810210527,1452.267510183725,1438.478601982591,1449.312744140625,8005748,982.6500244140625,996.5999755859375,981.5,994.3499755859375,22936566
2025-10-17,1401.0,1423.300048828125,1399.0999755859375,1416.800048828125,19335561,1432.9630656678505,1436.410292725158,1412.3781714796953,1419.37109375,16959378,993.9500122070312,1009.0,986.0,1002.5499877929688,25210511
2025-10-20,1440.0,1473.800048828125,1433.300048828125,1466.800048828125,24721978,1431.781048131079,1444.8805586841174,1428.136884861602,1438.87255859375,6994246,997.0,1020.0,997.0,1002.9500122070312,22195202
2025-10-21,1468.0,1474.0,1460.0,1465.199951171875,2066169,1455.7147580634262,1463.5941342911037,1447.8353818357486,1450.19921875,1698704,1006.0,1010.0,1004.0,1007.7000122070312,3471600
2025-10-23,1475.0,1482.9000244140625,1444.5999755859375,1448.4000244140625,18707090,1487.2321904325627,1522.6893817276436,1483.292502510887,1505.4532470703125,20358624,1016.0,1020.5,1006.0,1008.7999877929688,43526526
2025-10-24,1450.0,1459.800048828125,1441.0,1451.5999755859375,9700837,1516.2874003977408,1519.7346273554492,1495.111577657532,1502.4000244140625,8652257,1011.0,1011.9500122070312,991.2999877929688,994.75,17707768
2025-10-27,1463.0,1485.0,1458.0,1484.0999755859375,14113867,1510.0,1515.300048828125,1498.0999755859375,1504.5,7273211,996.5,1009.0499877929688,996.2000122070312,1002.9500122070312,15700796
2025-10-28,1484.0999755859375,1492.0,1477.5999755859375,1486.9000244140625,17631577,1499.699951171875,1506.5,1490.5,1500.199951171875,8211019,997.6500244140625,1008.0,995.0,1003.5499877929688,33904289
2025-10-29,1490.0,1508.300048828125,1488.0999755859375,1504.199951171875,11884745,1500.199951171875,1520.199951171875,1496.9000244140625,1510.4000244140625,4884976,1004.9000244140625,1012.5,1000.0,1007.8499755859375,17769445
2025-10-30,1500.0,1503.0999755859375,1484.0,1488.5,9318663,1507.0,1508.199951171875,1489.0999755859375,1493.800048828125,5608867,1000.0,1009.5,997.0999755859375,998.1500244140625,19962917
2025-10-31,1490.4000244140625,1497.5,1482.300048828125,1486.4000244140625,8758053,1490.0,1497.0999755859375,1480.699951171875,1482.300048828125,4819814,994.0,1004.4500122070312,981.1500244140625,987.2999877929688,23221330
2025-11-03,1486.0,1495.0,1479.300048828125,1484.699951171875,8452085,1482.300048828125,1491.4000244140625,1474.199951171875,1485.5,5470600,985.0,994.5499877929688,983.2999877929688,992.6500244140625,16607180
2025-11-04,1483.9000244140625,1492.800048828125,1470.0999755859375,1473.0999755859375,10007806,1479.699951171875,1481.9000244140625,1462.9000244140625,1467.9000244140625,8691330,987.0,997.0,983.7000122070312,985.25,20024544
2025-11-05,1473.0999755859375,1473.0999755859375,1473.0999755859375,1473.0999755859375,0,1467.9000244140625,1467.9000244140625,1467.9000244140625,1467.9000244140625,0,985.25,985.25,985.25,985.25,0
2025-11-06,1484.0,1501.5999755859375,1476.199951171875,1496.0999755859375,16772678,1478.5999755859375,1483.0,1461.9000244140625,1466.699951171875,7944752,981.0,991.0499877929688,974.0,984.6500244140625,22279516
2025-11-07,1494.5999755859375,1498.4000244140625,1475.9000244140625,1478.0,7821765,1470.0,1480.9000244140625,1449.0999755859375,1476.800048828125,8765759,980.0,984.9000244140625,974.75,982.2999877929688,15004568
2025-11-10,1477.9000244140625,1501.0,1475.5,1489.300048828125,7068438,1490.0999755859375,1520.0,1490.0,1513.5,9787975,982.2999877929688,990.9500122070312,980.2000122070312,984.5,15988262
2025-11-11,1497.0,1498.800048828125,1480.199951171875,1493.4000244140625,7127506,1525.0,1533.4000244140625,1511.0999755859375,1530.300048828125,13692989,983.5,993.5,978.0,991.7000122070312,10200530
2025-11-12,1505.0,1524.699951171875,1500.0,1511.5,12384459,1540.0,1559.199951171875,1538.0999755859375,1551.699951171875,14635417,998.7999877929688,999.0,987.7000122070312,989.5,13137263
2025-11-13,1515.0,1522.0999755859375,1506.800048828125,1510.9000244140625,7196443,1557.0999755859375,1557.5,1530.300048828125,1541.800048828125,19655689,984.0,990.0999755859375,982.5999755859375,986.6500244140625,14124839
2025-11-14,1505.5,1520.9000244140625,1505.5,1518.9000244140625,7682823,1520.0,1530.0,1488.800048828125,1502.800048828125,9739549,976.0499877929688,991.6500244140625,976.0499877929688,989.5999755859375,21386965
2025-11-17,1520.9000244140625,1523.699951171875,1511.5,1518.300048828125,5871416,1496.0,1510.199951171875,1492.5,1507.5999755859375,7910354,991.25,997.9500122070312,985.5999755859375,996.5499877929688,18396408
2025-11-18,1521.699951171875,1527.800048828125,1510.5,1519.4000244140625,11045042,1506.0,1506.0,1483.199951171875,1486.4000244140625,7525119,997.6500244140625,999.0,990.0,992.4500122070312,20002640
2025-11-19,1517.4000244140625,1522.300048828125,1512.0,1518.9000244140625,5692366,1490.5,1543.0,1490.5,1541.0999755859375,10981126,990.0,996.5499877929688,984.0,994.5999755859375,19813847
2025-11-20,1530.0,1550.9000244140625,1526.699951171875,1549.0999755859375,18171724,1555.0,1555.0,1534.0,1536.5,7387584,995.2999877929688,1011.5999755859375,992.4500122070312,1008.8499755859375,19850865
2025-11-21,1541.0,1557.800048828125,1540.0999755859375,1546.5999755859375,9615271,1531.0,1551.5,1526.300048828125,1545.0,9186302,1003.0999755859375,1008.2999877929688,996.5499877929688,998.0499877929688,17499897
2025-11-24,1550.0,1550.0,1531.800048828125,1535.9000244140625,18433951,1563.5999755859375,1585.0,1541.0,1548.0,19270381,1000.0,1011.4500122070312,993.5999755859375,999.1500244140625,32204053
2025-11-25,1535.9000244140625,1559.5999755859375,1525.0999755859375,1539.699951171875,15033482,1549.0,1550.5999755859375,1525.9000244140625,1530.5999755859375,8107952,1004.0,1006.0999755859375,988.4000244140625,989.7999877929688,24989383
2025-11-26,1542.300048828125,1571.5999755859375,1540.5,1569.9000244140625,14054299,1532.0999755859375,1560.300048828125,1532.0999755859375,1557.9000244140625,7575038,981.2999877929688,1006.9500122070312,981.2999877929688,1003.9000244140625,19494356
2025-11-27,1575.0,1575.5,1556.0,1563.4000244140625,9794643,1564.0,1574.300048828125,1552.199951171875,1566.4000244140625,7552252,1002.0999755859375,1016.7999877929688,1001.0,1009.5,25536848
2025-11-28,1568.0,1581.300048828125,1563.0,1567.5,8959508,1565.0,1568.4000244140625,1557.0,1560.0999755859375,4453221,1007.0,1012.0499877929688,1004.2000122070312,1007.5999755859375,15988807
2025-12-01,1575.0,1577.5,1563.5999755859375,1566.0999755859375,8920233,1562.5,1574.0,1556.0,1564.0,5341800,1017.5,1017.5,999.2999877929688,1002.0999755859375,16746566
2025-12-02,1561.0999755859375,1567.5,1542.0,1546.300048828125,11389150,1567.0,1579.9000244140625,1556.0999755859375,1561.0,6335969,988.0,994.4000244140625,985.0,989.7999877929688,27316662
2025-12-03,1545.199951171875,1552.4000244140625,1533.0,1538.800048828125,6090883,1555.0999755859375,1586.0,1554.0999755859375,1578.699951171875,12895312,986.0,1002.2999877929688,986.0,1000.5,15448777
2025-12-04,1536.0,1560.5,1517.5999755859375,1535.5999755859375,11867930,1568.0,1599.0,1568.0,1597.5999755859375,12609619,1000.0,1004.7000122070312,993.0,997.2000122070312,14528169
2025-12-05,1530.4000244140625,1545.800048828125,1520.5999755859375,1540.5999755859375,10183266,1610.0,1631.800048828125,1600.0,1616.199951171875,10344725,992.0,1008.0,990.2000122070312,1003.2999877929688,12843366
2025-12-08,1539.199951171875,1551.0,1535.0,1543.0,11301491,1617.0999755859375,1630.0,1600.199951171875,1610.800048828125,7550413,1000.0,1006.5,997.5,1003.0999755859375,12901022
2025-12-09,1540.300048828125,1542.5,1520.0999755859375,1529.4000244140625,11503971,1601.199951171875,1606.9000244140625,1582.4000244140625,1599.0,6957599,994.9000244140625,1002.7999877929688,994.0,997.0999755859375,15294322
2025-12-10,1534.0,1547.5,1531.4000244140625,1536.9000244140625,7991629,1608.0,1608.0,1582.800048828125,1584.800048828125,5116140,997.5,998.5,985.2999877929688,989.7999877929688,15322830
2025-12-11,1536.9000244140625,1550.0,1524.0,1545.0,4706197,1598.0,1607.4000244140625,1580.5,1598.0,5159319,990.0,1002.7000122070312,988.5,1000.2999877929688,11844809
2025-12-12,1550.800048828125,1559.800048828125,1546.0999755859375,1556.5,5106655,1601.4000244140625,1601.800048828125,1582.5999755859375,1598.199951171875,4633912,1003.0,1004.7000122070312,998.2000122070312,1001.5,11988618
2025-12-15,1551.199951171875,1558.5999755859375,1546.5,1556.199951171875,5774543,1585.0,1610.800048828125,1585.0,1606.800048828125,4190558,992.0,1001.7999877929688,992.0,996.0999755859375,9790060
2025-12-16,1545.0,1551.699951171875,1538.800048828125,1542.300048828125,11731856,1600.0,1603.0,1585.5999755859375,1592.9000244140625,5499258,990.0999755859375,998.7000122070312,990.0999755859375,994.2999877929688,20049088
2025-12-17,1550.0,1550.0,1539.300048828125,1544.4000244140625,7116649,1587.199951171875,1606.9000244140625,1586.0,1602.0,4817628,996.0,996.0,980.7999877929688,984.0,19080922
2025-12-18,1535.199951171875,1551.5,1535.199951171875,1544.4000244140625,6580829,1610.5,1630.0,1606.699951171875,1626.800048828125,6577293,973.2999877929688,987.4000244140625,973.2999877929688,979.7000122070312,14912404
2025-12-19,1554.4000244140625,1574.199951171875,1551.0,1565.0999755859375,13937275,1650.0,1654.9000244140625,1629.800048828125,1638.699951171875,13149023,987.0,988.0,978.7000122070312,985.5,25952384
2025-12-22,1573.5,1577.5,1565.300048828125,1575.4000244140625,10184852,1664.0,1693.199951171875,1664.0,1689.5999755859375,23098923,988.0,992.9000244140625,983.9000244140625,987.7000122070312,13540411
2025-12-23,1580.9000244140625,1580.9000244140625,1568.0999755859375,1570.699951171875,7506564,1679.0,1679.0,1656.4000244140625,1668.300048828125,6593060,990.5,998.9000244140625,987.7000122070312,996.5999755859375,17927849
2025-12-24,1572.699951171875,1575.699951171875,1553.5999755859375,1558.199951171875,8815745,1661.0,1667.5999755859375,1652.5,1663.4000244140625,4271167,993.0,999.4000244140625,993.0,997.2000122070312,13699996
2025-12-25,1558.199951171875,1558.199951171875,1558.199951171875,1558.199951171875,0,1663.4000244140625,1663.4000244140625,1663.4000244140625,1663.4000244140625,0,997.2000122070312,997.2000122070312,997.2000122070312,997.2000122070312,0
2025-12-26,1554.699951171875,1561.0,1554.300048828125,1559.199951171875,2311495,1663.4000244140625,1668.800048828125,1651.699951171875,1656.0999755859375,2006491,996.0,997.2000122070312,987.7000122070312,992.0999755859375,9360853
2025-12-29,1554.9000244140625,1558.0999755859375,1543.5999755859375,1545.5999755859375,5972105,1658.0,1673.0999755859375,1637.0999755859375,1644.699951171875,4062817,993.0999755859375,997.4000244140625,987.2000122070312,991.7000122070312,13545749
2025-12-30,1547.0,1553.5999755859375,1537.800048828125,1539.800048828125,8815884,1647.0,1647.9000244140625,1616.800048828125,1621.5999755859375,9395937,990.2000122070312,995.0,982.2000122070312,990.9000244140625,33155849
2025-12-31,1541.0,1577.0,1541.0,1570.4000244140625,5771830,1621.0,1628.5999755859375,1609.199951171875,1615.4000244140625,6538656,991.0,997.5999755859375,987.5999755859375,991.2000122070312,10963454
2026-01-01,1573.699951171875,1592.5,1571.0999755859375,1575.5999755859375,6408128,1615.4000244140625,1639.5999755859375,1614.0999755859375,1629.800048828125,3658165,993.5,997.5499877929688,989.5,991.1500244140625,7132074
2026-01-02,1580.0,1594.5999755859375,1578.199951171875,1592.300048828125,6602230,1635.9000244140625,1643.5,1627.5,1640.4000244140625,2524526,991.1500244140625,1003.2000122070312,988.7999877929688,1001.5999755859375,11751459
2026-01-05,1593.0,1611.800048828125,1575.300048828125,1578.0999755859375,8704973,1637.0,1637.0,1583.0999755859375,1606.4000244140625,5917885,1005.75,1006.4000244140625,976.2999877929688,977.5,27647379
2026-01-06,1569.0,1569.0,1496.300048828125,1507.5999755859375,27417125,1600.0999755859375,1619.9000244140625,1599.0,1612.199951171875,4466729,962.7000122070312,966.7000122070312,956.0,962.2000122070312,31988783
2026-01-07,1510.0,1520.0,1498.0,1504.199951171875,11199340,1615.0,1642.0,1615.0,1639.0,4508079,956.0,956.4500122070312,946.0,949.0499877929688,52884712
2026-01-08,1500.0,1503.9000244140625,1468.800048828125,1470.5999755859375,16518684,1638.9000244140625,1644.300048828125,1608.5999755859375,1613.300048828125,3942131,944.7000122070312,953.0,941.4000244140625,946.7000122070312,21928849
2026-01-09,1465.0,1479.9000244140625,1465.0,1475.300048828125,8335311,1610.0,1631.300048828125,1607.0,1614.0999755859375,6816681,945.0,950.5999755859375,933.2999877929688,939.0,38183839
2026-01-12,1475.300048828125,1485.300048828125,1451.0,1483.199951171875,8883745,1610.0999755859375,1613.300048828125,1592.5999755859375,1595.9000244140625,6985362,937.5,942.0,929.5999755859375,936.9500122070312,21071666
2026-01-13,1485.0,1485.800048828125,1444.699951171875,1452.800048828125,13499760,1618.0,1618.0,1586.4000244140625,1599.0,8080618,947.7000122070312,947.7000122070312,932.5999755859375,937.3499755859375,32042827
2026-01-14,1444.0,1467.0,1440.199951171875,1458.800048828125,8321764,1588.0,1617.0,1583.0999755859375,1599.800048828125,7557157,930.0,940.0499877929688,920.2000122070312,925.4500122070312,36688248
2026-01-15,1458.800048828125,1458.800048828125,1458.800048828125,1458.800048828125,0,1599.800048828125,1599.800048828125,1599.800048828125,1599.800048828125,0,925.4500122070312,925.4500122070312,925.4500122070312,925.4500122070312,0
2026-01-16,1458.800048828125,1480.0,1455.0999755859375,1457.9000244140625,17167161,1663.699951171875,1694.0,1653.4000244140625,1689.800048828125,19335957,922.0,935.9500122070312,919.2000122070312,931.0999755859375,37780235
2026-01-19,1450.5999755859375,1450.5999755859375,1403.300048828125,1413.5999755859375,20392765,1685.0,1685.0,1666.5,1681.199951171875,5104958,935.9000244140625,936.1500244140625,919.5,927.9000244140625,38191942
2026-01-20,1410.699951171875,1416.0,1390.0,1394.0,13189498,1673.0,1680.199951171875,1652.9000244140625,1658.9000244140625,6406503,929.2999877929688,934.5,919.5999755859375,931.2000122070312,36022727
2026-01-21,1389.5,1412.9000244140625,1373.0,1404.5999755859375,17352720,1651.0,1657.0,1631.199951171875,1654.4000244140625,6224582,925.0,932.1500244140625,915.5,920.3499755859375,32766854
2026-01-22,1410.0999755859375,1419.5,1395.0,1402.5,15721693,1666.0,1671.199951171875,1653.800048828125,1663.5,6228892,928.0,928.2999877929688,913.2000122070312,918.7000122070312,44444755
2026-01-23,1401.800048828125,1407.0,1381.0,1386.0999755859375,9837802,1667.199951171875,1675.699951171875,1662.199951171875,1670.800048828125,5869137,920.0,926.0999755859375,909.25,916.0999755859375,30985247
