,HDFCBANK.NS,HDFCBANK.NS,HDFCBANK.NS,HDFCBANK.NS,HDFCBANK.NS,ICICIBANK.NS,ICICIBANK.NS,ICICIBANK.NS,ICICIBANK.NS,ICICIBANK.NS,BSE.NS,BSE.NS,BSE.NS,BSE.NS,BSE.NS
,Open,High,Low,Close,Volume,Open,High,Low,Close,Volume,Open,High,Low,Close,Volume
Date,,,,,,,,,,,,,,,
2025-02-10,847.1984039096569,850.2323451556149,842.8570616226162,846.4337158203125,17195950,1247.5735745348811,1255.3138984101563,1239.7837061908433,1252.9322509765625,5740361,1903.9948769759312,1925.5768327721505,1860.7977449640427,1870.6334228515625,4127682
2025-02-11,840.1437497009048,844.090402664855,833.0890834393857,839.3544311523438,22724704,1246.2339539700604,1252.188012073483,1238.8410469458931,1243.15771484375,6586627,1877.4121478922664,1882.0807729858063,1711.6017282933285,1723.6138916015625,7226934
2025-02-12,835.2104321766692,844.5837329512449,829.38909497558,842.0184326171875,22809570,1247.5735208959845,1260.0274734986122,1235.119689428972,1242.2149658203125,8809352,1725.889991642642,1805.9706725919184,1676.080414091054,1779.487548828125,12795258
2025-02-13,838.1704689996619,845.6937766231139,835.4818356095761,837.5291137695312,12602434,1242.9592342670746,1256.3061987457909,1236.3601292961446,1239.337158203125,7263785,1782.378424963706,1792.66263921099,1729.8773858942106,1746.308837890625,5861415
2025-02-14,839.601120018604,839.601120018604,828.7971451888767,836.1231079101562,19959892,1242.5126718509223,1253.8254065127483,1234.9212235163006,1250.451416015625,10368438,1772.7422973497887,1772.7422973497887,1683.3574613846022,1701.483642578125,7142661
2025-02-17,831.3624591587258,848.5304243918573,829.413823260936,847.2230834960938,12938946,1241.5699462890625,1248.5163471638045,1223.8069826822411,1241.5699462890625,8386151,1694.4890755603128,1739.1813711802045,1651.79037022762,1730.7745361328125,5759442
2025-02-18,845.1017788797033,854.2284140997132,841.697778564227,850.0350952148438,16350910,1243.3065364897366,1247.9705000138076,1227.5779245772142,1233.531982421875,8135042,1730.8743158336667,1736.8554517436085,1691.332280638037,1723.264892578125,3758523
2025-02-19,847.0504387449713,857.3610822217985,844.8057556604201,852.0823974609375,11884112,1225.3947820253827,1254.7681118615644,1220.8300282561831,1251.9896240234375,10683412,1712.9308614018883,1885.6194850397542,1711.2528043147029,1871.0986328125,11830863
2025-02-20,844.0904430253034,845.9157460199498,831.4118438608401,832.2998046875,26390510,1245.7378271028595,1254.3216187366877,1237.203701075922,1240.379150390625,8398849,1889.7066022351135,1988.0631395345963,1862.2930629295436,1980.1380615234375,14665710
2025-02-21,829.2411711352042,836.1724445897772,827.4404985932164,834.9638061523438,15680940,1231.5968971791747,1235.1693078219741,1215.173692889092,1223.50927734375,7786428,1973.7416543091417,2009.478917476417,1898.1633716691415,1913.2325439453125,10079220
2025-02-24,829.339781575346,830.8690975664632,819.4731490892408,827.366455078125,20693646,1217.3071583182455,1222.467414805944,1200.9831637697991,1209.0211181640625,11522480,1877.4121275219804,1907.9823368713649,1856.1458261517666,1863.8714599609375,4462383
2025-02-25,824.406500920576,832.7438177754724,824.406500920576,829.9564819335938,24138708,1217.2079253456668,1222.2193060560244,1211.6508286551266,1214.7767333984375,11059417,1877.412156149404,1882.5126467310747,1824.246462756441,1828.23388671875,5196522
2025-02-27,830.0552335524236,843.9671626938127,830.0552335524236,839.0091552734375,35786800,1215.769120615194,1225.3947998146707,1209.1203494513463,1213.0897216796875,12008162,1832.5368757340518,1835.5441146119963,1701.3007666672088,1715.4229736328125,8244900
2025-02-28,831.2638337603047,857.0404125816553,831.2638337603047,854.6477661132812,54516728,1206.6891556122284,1215.620243112648,1190.9108768010287,1194.8802490234375,20215075,1701.3007737053308,1727.5513541751461,1512.2969107076037,1539.71044921875,21537918
2025-03-03,858.2984018170607,859.9017296292334,835.7531099870528,839.428466796875,21205364,1201.2312348006667,1207.6814644794808,1194.929880803104,1196.964111328125,8158881,1533.4968307020165,1533.4968307020165,1443.3311338538206,1448.581298828125,19020465
2025-03-04,837.6771272358142,845.7184570804238,835.3338019387764,843.5971069335938,19920958,1197.9068433475454,1207.334101585249,1197.0137104452713,1201.1319580078125,9574490,1422.8790053241544,1516.865900244701,1391.2785982891337,1479.882568359375,19251951
2025-03-05,839.6257577393887,843.991790915382,832.8671383829512,833.73046875,21583872,1207.6814517983407,1216.5628733470458,1202.0251450551775,1206.391357421875,9052846,1428.82693749824,1452.967474462397,1340.804506265873,1428.52783203125,32713731
2025-03-06,832.2504799228543,838.6144701478811,824.973838204501,834.3224487304688,32966088,1218.5476101118768,1218.5476101118768,1199.7427576093883,1208.7235107421875,11949475,1455.4097331721362,1456.655803149167,1400.5826541827748,1413.3590087890625,14681475
2025-03-07,829.7838192395386,839.2311321984157,827.6131479773222,833.3604736328125,13372914,1201.8265880949464,1208.5249033729367,1197.0634143564148,1205.250244140625,6620284,1405.5336913194922,1437.0675359203576,1382.9880997771986,1388.3878173828125,11041449
2025-03-10,833.2371287977431,838.6144556459366,830.3018296675241,832.4971313476562,15604050,1198.7503263397664,1216.4140799337886,1198.7503263397664,1205.5478515625,7363437,1385.6298206587867,1406.829681416581,1321.1830568210576,1328.7923583984375,12517161
2025-03-11,829.9811819724781,835.7038170818192,823.8885481247595,831.510498046875,19898430,1207.8798680000234,1238.4440812807522,1207.8798680000234,1235.864013671875,10927950,1302.558406519484,1322.1466503607323,1223.4745819281572,1265.9239501953125,21787773
2025-03-12,834.4951408301645,847.7904041385841,834.4951408301645,844.1644287109375,18784106,1237.4020778822246,1242.3637929723905,1225.8413786306357,1234.425048828125,11548372,1284.282793988528,1352.0357784072066,1284.282793988528,1333.9261474609375,18983265
2025-03-13,846.5818201293218,848.9251455168071,838.6885135609504,841.9197998046875,15736264,1241.4707365370484,1245.9858244254206,1235.7647643884725,1240.4783935546875,8132940,1333.9261727794876,1348.8624629990761,1295.9127641475643,1304.63525390625,11311809
2025-03-17,841.1304307424771,850.5037317302232,841.1304307424771,843.79443359375,18950652,1247.4248742515454,1264.1953748180651,1245.1424367918191,1259.2833251953125,11164812,1319.039765326631,1337.4483802749353,1296.2450814778401,1316.6307373046875,8727396
2025-03-18,843.79443359375,843.79443359375,843.79443359375,843.79443359375,0,1259.2833251953125,1259.2833251953125,1259.2833251953125,1259.2833251953125,0,1316.6307373046875,1316.6307373046875,1316.6307373046875,1316.6307373046875,0
2025-03-19,855.930432694155,863.823739278078,854.5490799535085,860.4197387695312,15221406,1295.6029599370165,1308.2057883620175,1292.1794251380722,1303.0455322265625,11278014,1383.6361433502216,1466.4583041645683,1380.8116774233788,1459.5467529296875,15512586
2025-03-20,865.3037412350927,875.1703745445009,862.985106495842,872.5803833007812,17833978,1309.8927772461004,1314.1102350516276,1301.0113557334153,1311.5797119140625,10886735,1473.3531020678597,1512.8950144028624,1447.1025213470582,1488.0068359375,16108614
2025-03-21,866.0684175252852,875.2196836615442,866.0684175252852,873.3696899414062,33508264,1305.923445707521,1338.6707661545943,1301.5571120874529,1332.81591796875,60494318,1491.6288085947901,1611.5837253006478,1480.3642878247715,1588.24072265625,21103122
2025-03-24,877.6369838460287,890.1676194932312,874.997671627427,887.9969482421875,17393736,1345.5675050388625,1362.4870024308004,1334.7510627437973,1347.750732421875,9352280,1608.2610044168998,1631.1554712916468,1535.7230615948395,1546.8048095703125,17437431
2025-03-25,890.4143157035983,909.5555477752322,888.7369760332164,898.5789184570312,39101416,1348.5941513991709,1353.3574463042776,1319.8658696966822,1333.4112548828125,16419207,1556.4244707577113,1587.426666603423,1533.7625471606825,1545.675048828125,12418947
2025-03-26,900.3302775382388,901.5636066855513,888.9836493829623,891.2283325195312,24478442,1333.7586400786652,1347.6017762925185,1321.304687138062,1325.6710205078125,10859639,1551.772372545354,1557.4213039957854,1479.6665406837594,1486.8770751953125,8879835
2025-03-27,887.9969842041877,908.2235821777275,887.0596420099644,900.5029296875,41658100,1322.9420827344788,1341.1515523929718,1322.9420827344788,1326.415283203125,15109614,1545.1268188199601,1573.3711130594893,1521.2687153711604,1556.540771484375,20801976
2025-03-28,902.3036249715724,905.7569466636451,890.8829847599874,901.908935546875,28773648,1325.7702231722565,1347.5521031600986,1317.0375564815454,1338.025634765625,8266544,1661.426544350932,1838.999906983224,1661.426544350932,1820.8570556640625,56319333
2025-04-01,888.9836405685396,892.8809726796349,870.9030234039785,872.1363525390625,28511006,1329.739654923708,1341.995067068455,1305.328040709696,1308.3546142578125,14288024,1842.1898620806462,1852.656849933377,1804.30933461362,1816.2716064453125,13947345
2025-04-02,873.5423260418547,887.602278026219,873.5423260418547,886.4676513671875,11573564,1312.026343402594,1327.705290380845,1312.026343402594,1321.056640625,8042214,1817.2683826257924,1887.3806244558457,1804.3092553772267,1879.0235595703125,14559132
2025-04-03,878.6729886492828,889.9702954640933,876.6503409310941,885.456298828125,11250038,1311.8278468858045,1322.7932860458366,1311.1332552048473,1319.3697509765625,4591008,1852.8228827038727,1923.0015658277237,1848.0048267429668,1867.7259521484375,13500360
2025-04-04,894.4102660639704,908.6921929973271,893.4729239008652,896.5316162109375,33540454,1319.3697112264526,1328.3007984100484,1311.9766830431024,1325.07568359375,8648542,1868.5898388191633,1880.6186729475473,1815.2082748059147,1833.36767578125,11404995
2025-04-07,869.6450067324856,878.0562747489253,857.5090006629878,867.1289672851562,37995450,1285.3322768617725,1314.854481252151,1255.3139009690346,1277.6912841796875,19185012,1661.4432325229084,1744.4979321336198,1654.2325761706127,1722.052001953125,12643101
2025-04-08,870.730371547347,879.1170096868965,863.4784203033727,872.7777099609375,35563872,1289.8969896705237,1300.0189606799747,1277.4927025037578,1289.9466552734375,13085762,1794.340757488373,1847.1242327632144,1778.5738350201268,1840.2625732421875,10422066
2025-04-09,870.7303466796875,875.6636630914704,865.0570328061372,870.7303466796875,22454608,1294.9579703581671,1295.106846037701,1274.6646041339118,1290.83984375,13005622,1827.6357883491708,1864.1206930850824,1796.866134477029,1843.63525390625,9485910
2025-04-11,875.540352413462,897.567622795633,875.540352413462,891.3269653320312,32775766,1295.1067945023049,1314.8544439632922,1295.1067945023049,1301.606689453125,13064247,1893.1623516429372,1902.0011736136614,1854.8166175635188,1875.6676025390625,7930965
2025-04-15,920.0634812745557,925.8848185421238,915.1301650210728,920.01416015625,49298344,1340.655373037739,1343.9301533432258,1325.9686484021752,1339.8614501953125,15202603,1910.972918645853,1985.4047914512103,1901.0043588198444,1979.7559814453125,7914093
2025-04-16,929.3381542000717,929.3381542000717,917.8435030643678,926.476806640625,19136820,1346.6094196449503,1349.2886972283168,1332.6174078978706,1346.0140380859375,14039073,1989.3922038348342,1993.047423540836,1947.1920486073489,1970.6181640625,6664080
2025-04-17,928.4501090482869,947.0486870380013,925.8354273732423,940.6353759765625,35703084,1351.5711498907554,1398.112060263163,1349.6856739861041,1395.9288330078125,17490424,1963.4739839002964,2007.003443465089,1949.0195719754163,1970.7843017578125,7753470
2025-04-21,949.170085798879,962.3420166432835,942.2634427629204,950.6994018554688,34247298,1425.004587897116,1425.004587897116,1393.9442026732427,1399.0052490234375,16882426,1987.398547695147,2097.7172383320076,1983.7434495730163,2088.413330078125,12255681
2025-04-22,954.5967457498784,972.1593405008402,954.5967457498784,967.7686767578125,45961750,1401.9823098324273,1407.9363681338637,1388.1887172069748,1405.6539306640625,16135274,2109.3471253717557,2129.2842437590125,2068.4760326778796,2073.958740234375,10094400
2025-04-23,976.2540297557508,976.2540297557508,947.4434488933124,949.1207885742188,30570642,1418.0581618237188,1418.9512947601793,1400.4937389943566,1413.493408203125,13990764,2093.0654201194407,2146.230992946387,2068.476224042616,2139.585205078125,11014368
2025-04-24,942.2634238174406,949.1207455952106,939.8460867592294,945.6181030273438,25931754,1405.4554343163697,1410.3178180904442,1388.0894318786184,1391.95947265625,15678099,2143.2404121368963,2181.120940351409,2133.271852080446,2157.69482421875,8304210
2025-04-25,949.5647662059754,953.6100615716746,933.2848220611925,942.8554077148438,18500878,1399.2035920369979,1403.966886762009,1377.769008045682,1394.04345703125,11705093,2168.1616624134263,2191.421553146391,2051.031089846264,2094.560546875,12844959
2025-04-28,942.8554253066497,951.982060830828,941.4741328194633,947.29541015625,13920492,1394.8373106964493,1424.0122194189871,1393.0511659597357,1417.8597412109375,10948561,2093.3975592930324,2192.252525161773,2084.0936512649664,2181.287109375,8723934
2025-04-29,946.6048254524144,951.5381421157663,937.4288082816594,941.6715087890625,18918308,1417.8597077945897,1427.2869661678633,1411.7071085959242,1418.85205078125,10786910,2193.4152476946583,2262.1983067865435,2180.2901402132507,2206.872802734375,11040702
2025-04-30,943.7434115323153,955.5340495753018,942.4114402150566,949.6633911132812,31936870,1422.0275444346203,1422.7221360927958,1389.2802248488963,1416.073486328125,14192027,2216.3430141862846,2216.3430141862846,2100.873946042198,2113.00244140625,7386837
2025-05-02,952.0314262519853,958.0007270723939,947.1967520748111,948.1340942382812,17840404,1415.9742091510598,1435.5233172200462,1413.6917718641512,1419.149658203125,8842434,2113.6667781262536,2162.8451663093983,2088.7453798486567,2099.04638671875,6750618
2025-05-05,956.5700467268101,962.9833580251333,953.2647488384409,955.4847412109375,15068024,1428.9738894731652,1435.7218701832576,1415.081087769954,1418.455078125,4565705,2110.011790870186,2152.3781677194133,2083.4288850561315,2144.4033203125,6594636
2025-05-06,952.1300492793257,957.112686715781,949.3180830668039,952.9686889648438,17490156,1418.0581160771362,1422.7220796211836,1409.5239906903596,1420.63818359375,6301690,2151.5472846375105,2169.6569150180726,2066.8145312368506,2075.121826171875,7534017
2025-05-07,954.1033540161453,961.3553047488027,948.3807192627594,959.8259887695312,21420778,1414.0887881642996,1430.9586193213472,1410.119416127347,1424.4091796875,10480453,2116.6573927899494,2275.323713128435,2110.8424808540904,2210.528076171875,32617395
2025-05-08,964.364722012384,964.364722012384,946.752746184645,951.3900756835938,34803430,1427.5846620245352,1437.8058437113664,1415.1803741209164,1424.5084228515625,15306490,2235.947896887262,2290.7749741626963,2203.383854714477,2222.98876953125,15815844
2025-05-09,942.3127568324845,946.7034204881495,930.8181657127636,932.248779296875,17188796,1404.3638078003796,1409.0278927234135,1376.379782804671,1378.2652587890625,13491197,2159.854752819302,2209.6975529353394,2153.8736168053774,2183.779296875,10559544
2025-05-12,946.0127244576516,966.8806765571811,943.3981029435623,965.5486450195312,18618972,1398.6082269981746,1441.8743569081432,1393.249550653154,1437.4088134765625,9925445,2292.7688569016873,2341.6148021139406,2281.138788822038,2311.210693359375,11883684
2025-05-13,961.9967305905121,967.7686868855955,947.1967808891196,948.4794311523438,24242102,1429.0731325397105,1436.8134564073198,1416.4704248722041,1419.6458740234375,12475424,2325.9971526494055,2440.9680353103417,2319.8500364945517,2430.833251953125,16155834
2025-05-14,948.2327622761527,952.2287366384547,938.8101397074491,942.5594482421875,15445308,1418.9512828044426,1429.6685145448027,1406.4477852062123,1415.279541015625,8026837,2450.666748046875,2474.166748046875,2417.166748046875,2449.0,9444795
2025-05-15,943.9901042439285,959.4314088460198,935.85013208818,954.0047607421875,32241458,1414.9819190581854,1445.3475908699352,1404.6615275498752,1439.6912841796875,18209264,2450.666748046875,2450.666748046875,2370.5,2382.666748046875,10080171
2025-05-16,954.0047801554118,958.9380967138302,951.340777169636,954.44873046875,15868010,1442.172107583965,1447.5306627908633,1435.920298328426,1442.86669921875,6439208,2400.0,2438.333251953125,2397.166748046875,2426.333251953125,5439912
2025-05-19,955.5834183781088,959.5300716290252,952.6234284399217,956.4220581054688,10202964,1435.4241717584057,1448.5230511072755,1432.7448940711074,1437.905029296875,6005334,2438.333251953125,2491.666748046875,2427.333251953125,2486.333251953125,6779835
2025-05-20,951.1927398071444,954.3993955236706,943.7434439560598,944.6807861328125,23879090,1439.0957378026826,1447.8284044606678,1424.5083444847762,1427.1876220703125,11352383,2511.0,2529.333251953125,2454.0,2461.833251953125,9830418
2025-05-21,950.6500948788123,960.4674068130723,947.739426083267,950.5514526367188,15132040,1431.8517946649677,1440.1875004165765,1427.485461067875,1433.637939453125,5510460,2466.666748046875,2490.0,2400.166748046875,2435.0,8333151
2025-05-22,944.828766015395,949.2687509312965,939.895449442171,947.1474609375,21306670,1430.0655182967434,1434.2334317099203,1416.867428660744,1431.057861328125,7245933,2435.0,2440.166748046875,2298.333251953125,2332.166748046875,15080493
2025-05-23,947.2460290070277,955.583345407158,944.4833839865793,953.906005859375,9566072,1431.1570706662649,1440.6836606711147,1423.4168677068544,1438.698974609375,5203706,2358.0,2488.0,2335.0,2448.0,16556320
2025-05-26,954.5967478346391,961.947401503022,950.6007734925844,957.1620483398438,10802860,1446.8360701649403,1460.331910515487,1443.8590412139838,1449.4161376953125,5608725,2480.0,2526.0,2435.0,2450.0,9288433
2025-05-27,952.9194312599001,961.0100826032541,945.3714929245052,950.3048095703125,26162148,1441.3782192942826,1451.7978208795425,1424.7068083036186,1435.324951171875,14842959,2450.0,2450.0,2395.5,2404.0,6553028
2025-05-28,947.295443323748,954.3501102535763,946.0621141556768,948.9234619140625,18157594,1436.5157355383742,1446.836127202333,1431.454810349359,1442.6683349609375,8618343,2425.0,2438.0,2385.0,2404.0,5094893
2025-05-29,951.1433943336576,957.4580633637506,940.9314535555673,950.896728515625,28917794,1445.4467442494526,1451.698553407669,1433.9355900375203,1445.3475341796875,15545514,2429.0,2470.0,2391.0,2464.5,6162725
2025-05-30,953.0674622365118,961.4047794767922,949.8608063918771,959.4807739257812,28748078,1448.7216268807567,1449.7139699197687,1433.2410996992944,1434.7296142578125,11803975,2472.5,2690.0,2469.0,2674.0,18465797
2025-06-02,952.1794133521448,955.0900821550082,941.276795842849,953.1660766601562,14668822,1430.9586389930196,1448.8208134048605,1421.8291316367724,1439.3935546875,9458990,2690.0,2735.199951171875,2647.0,2693.300048828125,10992168
2025-06-03,956.0767204883472,962.9833634640112,947.1967509482078,949.466064453125,24377584,1443.7598455387374,1443.8590556109682,1421.035166759386,1426.8900146484375,11167345,2720.0,2787.800048828125,2692.0,2764.89990234375,8663975
2025-06-04,947.6901200517409,958.6914401720352,947.6407989299088,957.6553955078125,12961542,1426.3938661679927,1429.0731438395549,1415.4780930628378,1420.0428466796875,8025388,2779.89990234375,2815.0,2711.0,2797.10009765625,6827661
2025-06-05,961.0100588418235,966.3873858970264,957.1620478647775,961.7993774414062,22255418,1419.9436226094324,1447.8284366760695,1416.3712120373557,1443.66064453125,11385668,2821.10009765625,2918.0,2815.0,2909.800048828125,11094118
2025-06-06,959.0366899431259,984.8379583134906,958.3953347348495,976.1552734375,30127008,1437.5080878919146,1450.2101271201,1431.0578582020253,1448.5230712890625,11580994,2939.800048828125,2985.0,2920.0,2933.199951171875,10365779
2025-06-09,984.196594423998,984.196594423998,974.7739724063232,976.2539672851562,13202588,1453.7825541382838,1455.5688200651953,1422.4245382897982,1423.8138427734375,11022031,2970.0,3024.89990234375,2935.300048828125,2994.39990234375,7298847
2025-06-10,978.1780428487654,978.1780428487654,967.472709657825,969.5447387695312,15533126,1427.9815809293386,1430.660858582463,1405.6538633679,1412.0048828125,12905272,3009.300048828125,3030.0,2975.199951171875,3005.39990234375,7137028
2025-06-11,970.6793723493836,970.6793723493836,960.516752091058,962.194091796875,11096394,1410.9133394459884,1423.5160472131458,1407.737769134025,1420.0428466796875,7136877,3015.0,3019.89990234375,2823.10009765625,2882.39990234375,10665889
2025-06-12,961.9966994408974,967.4233474890254,954.7447484104943,958.74072265625,16349130,1419.5466979345517,1425.5007560873705,1409.127096167119,1414.2872314453125,7953247,2860.0,2860.89990234375,2748.39990234375,2754.10009765625,9601852
2025-06-13,947.19676434732,953.6100757725884,943.7434428106371,946.0127563476562,12117762,1392.8526699787633,1410.6156346634868,1392.8526699787633,1405.2569580078125,7573103,2653.0,2770.0,2653.0,2711.199951171875,7506707
2025-06-16,949.1700746468088,956.520728121515,947.2460692080249,954.7940673828125,16513746,1405.7530618658518,1418.0581392255135,1403.3714144517853,1415.9742431640625,5451137,2725.0,2769.0,2675.0,2697.39990234375,5760092
2025-06-17,955.5834055099792,957.852719054467,946.7527569357399,951.9327392578125,16978736,1415.9742319665809,1418.8520508551696,1406.9439350146247,1412.302490234375,6970098,2719.0,2730.0,2622.300048828125,2664.39990234375,6162135
2025-06-18,945.7167603313338,955.2380851367438,945.7167603313338,954.0540771484375,18433816,1406.150024814166,1421.0351697486842,1399.402043989603,1401.78369140625,6751745,2525.0,2664.0,2500.0,2633.199951171875,9963748
2025-06-19,954.0540746334422,960.4180648603083,949.9593979158449,954.7447509765625,16876220,1397.2189939427594,1403.8676438261634,1393.9442134714564,1400.4937744140625,8849883,2645.0,2656.39990234375,2584.0,2595.39990234375,4153374
2025-06-20,952.9193918485255,971.8140179089729,952.9193918485255,969.2486572265625,32900408,1400.4937821267788,1422.3253290273638,1399.4021078732494,1416.1727294921875,12408178,2600.0,2698.39990234375,2571.0,2688.10009765625,5802506
2025-06-23,961.2073364257812,965.8939867961492,957.9513597916495,961.2073364257812,11739518,1406.1500791810931,1412.3025575376569,1401.0891539348067,1409.226318359375,5514384,2670.0,2795.0,2648.0,2775.300048828125,7002677
2025-06-24,969.3966711141703,976.3033140635843,964.7593416610487,967.3740234375,22625322,1416.7680893764307,1424.9053748687675,1405.6538959425357,1413.1956787109375,11188438,2850.0,2865.60009765625,2777.0,2785.60009765625,6052217
2025-06-25,969.8900392545883,977.7833457795492,968.854054817417,976.8953247070312,18405932,1411.1117385952273,1417.9589294864209,1404.463088984364,1414.8826904296875,7527388,2800.199951171875,2825.0,2772.10009765625,2789.0,3725327
2025-06-26,977.4873577522009,1000.032590400823,976.7966813877978,997.41796875,50084830,1413.8903780949927,1436.4165161110168,1410.814017835929,1428.080810546875,13617435,2789.0,2821.0,2748.0,2803.0,3864783
2025-06-27,1004.0015037809444,1007.393088107433,994.2258430942326,1004.9491577148438,28213384,1427.882386711014,1454.774858156496,1426.0961208320166,1451.00390625,22532899,2816.5,2838.10009765625,2760.0,2775.60009765625,4146758
2025-06-30,1003.2533964547342,1004.400566128524,995.2732550959096,998.2658081054688,13649020,1450.6071028820047,1450.706312958781,1431.2564136212704,1434.7296142578125,6325073,2788.89990234375,2805.0,2753.39990234375,2770.10009765625,2973164
2025-07-01,1000.0114368496795,1005.4977838847651,999.5126780283082,1003.5526123046875,14389386,1434.6302067068036,1436.5156826077227,1418.653508855977,1421.03515625,7761449,2778.0,2796.0,2738.199951171875,2775.10009765625,2799778
2025-07-02,1007.4429706558585,1007.4429706558585,986.4950998423908,990.5350341796875,18878250,1421.2336440793872,1439.8897415628453,1411.707175185214,1416.867431640625,13372280,2770.0,2805.0,2745.0,2752.39990234375,2342388
2025-07-03,994.9739612315547,1001.507689459166,989.6871300276722,991.0836181640625,16860506,1421.1344118511029,1435.027214103107,1412.798706272776,1414.98193359375,10177738,2759.89990234375,2825.89990234375,2742.5,2820.10009765625,3789412
2025-07-04,991.0836632772651,999.2633203019867,987.5424877454124,992.1809692382812,7863944,1416.0734952431667,1433.3402880878325,1410.2186471744621,1431.7525634765625,5066503,2778.0,2778.0,2613.10009765625,2635.199951171875,12917060
2025-07-07,992.0312782906421,996.7196233059492,989.4377568185034,991.2332763671875,11349426,1425.9968814549877,1429.8670433562065,1418.6535190770169,1424.706787109375,5177477,2635.199951171875,2680.0,2590.699951171875,2636.199951171875,4315497
2025-07-08,986.0462146584523,1000.0114620081927,986.0462146584523,998.2159423828125,15224316,1421.035188079707,1433.935647189369,1419.050502062836,1430.9586181640625,5315847,2640.0,2644.0,2395.0,2477.0,18415480
2025-07-09,1001.0089360727129,1004.4005203490875,996.5699704674603,1003.1036987304688,13861428,1425.2030375827696,1427.683895203639,1415.6765685457565,1420.93603515625,8827347,2500.0,2550.0,2485.5,2523.800048828125,6824385
2025-07-10,1005.4977851253348,1005.9965439473215,997.5176439735463,1000.6099243164062,17030310,1425.7985078190466,1427.981614021397,1411.2109926594833,1413.1956787109375,7795964,2534.60009765625,2545.89990234375,2460.0,2466.300048828125,5061783
2025-07-11,996.5201541247731,999.9117385623401,987.9913902076418,989.3878784179688,12516922,1411.111783317687,1417.0658414751456,1403.7684206963636,1411.0125732421875,7158015,2466.39990234375,2476.199951171875,2365.300048828125,2371.10009765625,7117789
2025-07-14,989.0387573242188,991.8816582943851,982.8541356715338,989.0387573242188,13088850,1413.9896019530586,1413.9896019530586,1405.2569348701418,1412.1041259765625,5846154,2425.0,2477.199951171875,2390.800048828125,2460.699951171875,7628961
2025-07-15,984.0511806165923,999.3131887778599,984.0511806165923,995.2732543945312,14498168,1410.218682168871,1422.8215115677394,1408.134785993891,1419.844482421875,6041457,2479.0,2554.199951171875,2444.800048828125,2546.0,5731544
2025-07-16,1006.4952830829005,1008.8394251469304,993.826797075495,995.6722412109375,17994612,1415.081187967311,1418.25663727007,1408.2339967016344,1415.4781494140625,5649093,2550.0,2585.0,2523.10009765625,2530.0,4360747
2025-07-17,999.5126501495852,999.9116815490105,988.8890631972324,990.98388671875,22529158,1410.1194736013367,1412.3025798563917,1398.7075285299677,1407.8370361328125,12927394,2540.0,2549.0,2446.60009765625,2474.89990234375,4380006
2025-07-18,990.9838927216935,996.0213445308241,974.0759568696542,976.2705078125,16129446,1404.9592604817603,1418.0581395587762,1397.7151081655259,1414.8826904296875,11297246,2480.0,2487.10009765625,2435.0,2448.5,3278360
2025-07-21,986.6446826643673,998.5151670456409,985.7968170158388,997.7670288085938,22309078,1436.9126621837045,1456.4617708047458,1425.9968891975022,1454.576416015625,13867136,2450.0,2535.0,2433.10009765625,2521.300048828125,4732364
2025-07-22,1004.051390877723,1006.4953213272488,999.0139388595042,1001.058837890625,14836814,1462.8128219007424,1470.6523559877205,1458.4464883845856,1462.316650390625,8930165,2570.0,2570.89990234375,2540.0,2548.39990234375,3215319
2025-07-23,1003.0039954915454,1012.3806857402005,999.0139248978445,1009.6375122070312,13634916,1471.5454755170424,1478.5910866693491,1461.3242940475627,1477.2017822265625,11974174,2554.0,2566.89990234375,2510.0,2557.199951171875,2693904
2025-07-24,1016.3208076773761,1016.3208076773761,1001.7072110041944,1004.5999755859375,19107176,1476.3086281822896,1477.3009711792895,1466.782159638216,1472.0416259765625,6700578,2558.89990234375,2566.0,2521.0,2547.800048828125,2630830
2025-07-25,1007.5,1007.5,999.5,1002.2999877929688,9306598,1488.5144734435703,1488.5144734435703,1462.31659448384,1465.789794921875,8696077,2538.89990234375,2542.0,2444.199951171875,2454.0,3588032
2025-07-28,1001.5,1010.7000122070312,1000.25,1004.25,12059580,1465.7898930637602,1482.3620946590604,1465.7898930637602,1477.00341796875,7507479,2460.0,2524.5,2427.0,2449.89990234375,3468410
2025-07-29,999.9500122070312,1013.25,998.1500244140625,1010.7999877929688,19895696,1468.5685019046516,1478.3927223132807,1464.1029581857863,1474.8201904296875,9776027,2450.0,2500.0,2438.0,2487.10009765625,2601305
2025-07-30,1014.0,1016.2999877929688,1008.5,1012.9000244140625,15154036,1476.308661728485,1477.1025845983731,1465.9883912336757,1471.04931640625,7238625,2495.0,2496.60009765625,2447.0,2457.5,1846915
2025-07-31,1007.2999877929688,1015.7000122070312,1004.0,1009.0999755859375,22183032,1458.6450618514623,1483.0566764606926,1452.7902136757805,1470.0570068359375,12406146,2427.5,2474.699951171875,2416.0,2427.39990234375,2933504
2025-08-01,1007.0,1014.1500244140625,1004.6500244140625,1006.0999755859375,11317258,1469.0645758820863,1473.7285394467383,1458.5457644921182,1460.3319091796875,4416771,2429.300048828125,2470.0,2383.5,2411.300048828125,3124608
2025-08-04,1005.0499877929688,1009.25,994.0499877929688,996.0,13933946,1465.492177404952,1467.4768633867377,1450.1108610461113,1451.9962158203125,6140054,2420.0,2495.0,2381.199951171875,2486.60009765625,3342439
2025-08-05,993.25,997.2000122070312,982.75,988.7999877929688,23978058,1441.8743352750153,1450.3092505192255,1429.96621963613,1433.3402099609375,14799343,2492.0,2494.10009765625,2346.10009765625,2367.199951171875,7032517
2025-08-06,985.5499877929688,994.0,985.0,992.6500244140625,14080204,1431.2564134495642,1442.866778550362,1430.561700640964,1432.54638671875,7805252,2370.39990234375,2428.0,2282.0,2387.60009765625,9401319
2025-08-07,990.0499877929688,1000.7999877929688,988.4000244140625,997.7000122070312,13081186,1430.0655302659995,1436.8135113901221,1418.1574137897542,1429.271728515625,7432535,2370.0,2454.0,2359.300048828125,2442.199951171875,4564283
2025-08-08,993.5499877929688,996.4000244140625,985.0,986.9500122070312,13895264,1434.8288259088201,1436.5157606227415,1421.0352334242946,1424.9053955078125,5415511,2500.0,2503.60009765625,2382.300048828125,2392.89990234375,6685163
2025-08-11,987.9500122070312,998.7999877929688,986.5499877929688,997.7999877929688,9105854,1416.9666396615337,1427.3862414978396,1409.5240669213151,1425.5999755859375,8492484,2400.0,2421.0,2370.0,2396.300048828125,3272568
2025-08-12,995.9500122070312,998.0,983.75,984.9500122070312,12937802,1431.0,1433.800048828125,1420.0999755859375,1422.0,5913947,2400.0,2411.0,2346.5,2368.699951171875,2571768
2025-08-13,997.0,997.0,984.5499877929688,990.1500244140625,13577396,1424.5999755859375,1427.699951171875,1415.199951171875,1420.800048828125,9009465,2385.0,2501.89990234375,2381.89990234375,2496.39990234375,5393999
2025-08-14,989.0,998.0,985.5999755859375,995.5499877929688,17511716,1412.0,1431.0999755859375,1412.0,1427.300048828125,7577793,2500.0,2514.39990234375,2456.0,2482.0,2747105
2025-08-18,1005.0,1013.2999877929688,997.7999877929688,1001.7999877929688,19284796,1450.0,1452.4000244140625,1431.0,1434.5999755859375,6908844,2520.0,2550.0,2487.0,2494.800048828125,3167818
2025-08-19,999.1500244140625,1003.0499877929688,993.3499755859375,995.5499877929688,12352438,1431.0999755859375,1438.5,1426.300048828125,1436.300048828125,6709554,2505.0,2532.0,2470.0,2491.5,3159563
2025-08-20,993.5,996.0,989.5,994.0999755859375,9950228,1432.5999755859375,1435.9000244140625,1423.0,1430.5999755859375,5817858,2505.0,2533.0,2485.10009765625,2523.0,2674274
2025-08-21,998.75,998.75,991.5999755859375,995.5999755859375,12439850,1440.0999755859375,1447.800048828125,1436.4000244140625,1446.0,6238645,2524.0,2529.800048828125,2325.0,2332.199951171875,12151255
2025-08-22,994.9500122070312,998.0,978.5499877929688,982.2999877929688,19833502,1444.300048828125,1446.0,1429.4000244140625,1436.4000244140625,6657207,2331.300048828125,2353.5,2292.199951171875,2332.800048828125,5910342
2025-08-25,980.0999755859375,988.7000122070312,978.5,982.0499877929688,17518044,1435.9000244140625,1435.9000244140625,1424.0,1433.199951171875,6738427,2335.0,2342.89990234375,2286.10009765625,2290.800048828125,3982572
2025-08-26,979.5,985.7000122070312,968.0,973.4000244140625,16917731,1427.9000244140625,1427.9000244140625,1413.0999755859375,1416.5999755859375,8720155,2282.0,2290.0,2212.0,2215.60009765625,5678257
2025-08-28,967.0,972.2000122070312,955.0,957.7999877929688,25438255,1408.0,1411.800048828125,1396.300048828125,1399.0999755859375,12990789,2218.0,2230.0,2170.0,2178.39990234375,4301677
2025-08-29,954.0,963.2999877929688,950.0999755859375,951.5999755859375,14823813,1392.0999755859375,1405.0,1392.0999755859375,1397.800048828125,8519507,2180.0,2184.0,2090.0,2096.199951171875,8153679
2025-09-01,949.5999755859375,957.4500122070312,946.3499755859375,950.5999755859375,20178344,1398.0999755859375,1412.4000244140625,1398.0999755859375,1411.0,4927348,2130.0,2198.0,2107.60009765625,2180.39990234375,6021070
2025-09-02,951.0,954.7999877929688,944.0,944.5,14196320,1413.9000244140625,1413.9000244140625,1390.0,1394.199951171875,7163073,2190.0,2252.0,2163.0,2194.199951171875,5015814
2025-09-03,945.0,956.2999877929688,940.0,954.4500122070312,16083481,1389.0,1400.0,1384.199951171875,1397.0,9813382,2210.0,2227.800048828125,2165.39990234375,2214.0,3276037
2025-09-04,960.2000122070312,965.7000122070312,956.25,961.25,17597657,1409.9000244140625,1415.0999755859375,1401.9000244140625,1405.5,10564859,2239.0,2254.800048828125,2205.0,2219.5,3864879
2025-09-05,967.5,967.5,954.0499877929688,963.4000244140625,11602111,1411.0,1411.5,1387.699951171875,1402.800048828125,6621077,2229.0,2347.89990234375,2227.0,2319.60009765625,7981732
2025-09-08,969.0,973.1500244140625,960.4500122070312,966.0,11711307,1402.199951171875,1410.5999755859375,1397.5999755859375,1402.699951171875,5880943,2329.0,2388.89990234375,2323.199951171875,2346.199951171875,3680062
2025-09-09,974.0,974.4000244140625,962.7000122070312,965.1500244140625,13985539,1399.0,1407.5,1395.199951171875,1403.699951171875,6470679,2358.60009765625,2367.300048828125,2315.89990234375,2353.199951171875,2162565
2025-09-10,973.9000244140625,973.9000244140625,961.7000122070312,965.9000244140625,18091100,1410.0,1413.699951171875,1402.0999755859375,1403.9000244140625,7452347,2365.0,2368.199951171875,2242.39990234375,2266.5,5226464
2025-09-11,960.2999877929688,969.25,959.9000244140625,967.7999877929688,15113633,1398.0,1408.0,1396.0,1401.5999755859375,10192026,2272.0,2280.0,2145.199951171875,2162.800048828125,9464950
2025-09-12,969.9000244140625,970.75,962.25,967.2999877929688,14363519,1405.0999755859375,1419.699951171875,1400.0999755859375,1417.699951171875,7770038,2185.0,2223.0,2179.300048828125,2201.199951171875,4700718
2025-09-15,969.5999755859375,972.3499755859375,965.0,967.0499877929688,14486377,1422.0,1426.800048828125,1416.300048828125,1419.4000244140625,5845637,2218.0,2254.300048828125,2216.199951171875,2227.39990234375,3362642
2025-09-16,961.2000122070312,969.3499755859375,961.2000122070312,966.8499755859375,18661794,1414.0,1424.9000244140625,1413.699951171875,1421.5999755859375,8213151,2235.0,2235.699951171875,2180.39990234375,2199.300048828125,3431716
2025-09-17,965.1500244140625,974.4000244140625,964.3499755859375,966.5,17361476,1420.0999755859375,1426.0999755859375,1416.4000244140625,1419.199951171875,7484283,2209.300048828125,2230.0,2201.0,2209.800048828125,2575857
2025-09-18,973.2999877929688,979.6500244140625,969.25,976.9000244140625,17791598,1431.0999755859375,1432.800048828125,1415.300048828125,1421.699951171875,8130537,2222.699951171875,2239.89990234375,2186.39990234375,2198.300048828125,3048170
2025-09-19,974.9000244140625,976.7000122070312,962.0999755859375,966.9000244140625,31243267,1416.0999755859375,1418.0,1400.199951171875,1402.199951171875,13457344,2200.0,2212.0,2180.0,2182.60009765625,2777471
2025-09-22,964.0,971.2000122070312,961.9500122070312,964.2000122070312,10854415,1403.9000244140625,1409.9000244140625,1397.199951171875,1401.5,8847948,2175.0,2196.0,2150.0,2156.199951171875,2789419
2025-09-23,967.0,968.2000122070312,955.5,957.2000122070312,21022298,1391.0,1403.300048828125,1391.0,1394.300048828125,12827524,2157.0,2160.0,2086.39990234375,2122.199951171875,4932424
2025-09-24,952.2000122070312,956.4500122070312,943.0,951.0499877929688,15117220,1386.4000244140625,1390.9000244140625,1376.5,1382.699951171875,9735678,2122.199951171875,2135.0,2060.0,2076.39990234375,4081837
2025-09-25,952.5,958.0,947.4000244140625,949.8499755859375,31413279,1377.0,1391.5,1371.800048828125,1375.800048828125,21613389,2070.0,2095.0,2040.0,2043.300048828125,5087377
2025-09-26,945.0999755859375,951.4500122070312,941.2999877929688,945.0499877929688,14874656,1368.0,1372.699951171875,1357.0,1359.5999755859375,18342280,2042.9000244140625,2084.89990234375,2021.5,2043.199951171875,4532697
2025-09-29,946.0499877929688,956.7999877929688,939.0999755859375,950.2999877929688,32398179,1359.5999755859375,1366.5,1346.199951171875,1348.0999755859375,20563163,2055.0,2121.0,2047.9000244140625,2097.39990234375,4448256
2025-09-30,958.0499877929688,960.0,946.2999877929688,951.0,28296687,1353.699951171875,1356.5999755859375,1342.5999755859375,1348.0,20166871,2105.0,2108.89990234375,2035.0999755859375,2040.199951171875,3613387
2025-10-01,952.7000122070312,969.5999755859375,946.0,965.25,25350832,1348.0,1379.4000244140625,1347.0999755859375,1372.0,20952632,2048.0,2085.0,2038.0,2081.39990234375,3715436
2025-10-03,952.0,966.75,952.0,965.1500244140625,26658296,1371.9000244140625,1371.9000244140625,1361.300048828125,1365.199951171875,12163695,2080.89990234375,2099.89990234375,2050.0,2093.39990234375,2827421
2025-10-06,971.9000244140625,977.4000244140625,962.0,973.4500122070312,18542683,1371.0,1372.5999755859375,1359.0999755859375,1363.4000244140625,14314283,2103.699951171875,2223.800048828125,2102.0,2217.89990234375,8546614
2025-10-07,974.0,989.8499755859375,971.0,982.5,25535736,1363.5999755859375,1383.0999755859375,1363.5999755859375,1375.9000244140625,16126464,2237.0,2266.39990234375,2180.0,2231.199951171875,5976759
2025-10-08,976.0,985.9000244140625,974.5499877929688,978.7000122070312,15939710,1372.300048828125,1381.5999755859375,1364.300048828125,1370.300048828125,8100832,2227.0,2264.300048828125,2210.0,2244.199951171875,3860482
2025-10-09,974.5,979.0,970.1500244140625,977.0999755859375,15370950,1369.800048828125,1378.699951171875,1365.0999755859375,1376.199951171875,7909575,2244.199951171875,2338.0,2230.0,2330.199951171875,7865924
2025-10-10,979.0,986.2000122070312,978.0999755859375,980.9000244140625,13757080,1370.300048828125,1385.0,1370.300048828125,1380.300048828125,7673816,2335.0,2410.0,2332.60009765625,2385.0,7275253
2025-10-13,974.2999877929688,981.0,972.0,977.0,18634254,1373.0999755859375,1386.4000244140625,1373.0999755859375,1379.4000244140625,8923018,2375.0,2505.0,2355.0,2476.0,8770554
2025-10-14,970.0,980.4500122070312,967.0,977.1500244140625,22934382,1389.0,1389.0,1375.0999755859375,1384.0999755859375,10610855,2501.0,2556.800048828125,2428.5,2448.300048828125,8984969
2025-10-15,975.0,984.9000244140625,973.3499755859375,978.25,23310447,1386.5,1400.4000244140625,1385.5,1398.4000244140625,8988550,2460.0,2476.300048828125,2435.60009765625,2456.300048828125,3210878
2025-10-16,982.6500244140625,996.5999755859375,981.5,994.3499755859375,22936566,1401.0,1418.9000244140625,1399.4000244140625,1417.300048828125,12185032,2468.800048828125,2567.10009765625,2462.0,2509.199951171875,9183672
2025-10-17,993.9500122070312,1009.0,986.0,1002.5499877929688,25210511,1412.0,1439.5999755859375,1410.9000244140625,1436.5999755859375,17037215,2512.0,2538.0,2461.800048828125,2485.60009765625,3965773
2025-10-20,997.0,1020.0,997.0,1002.9500122070312,22195202,1442.0,1445.0,1389.199951171875,1390.300048828125,23330227,2503.199951171875,2526.800048828125,2490.0,2494.10009765625,2528250
2025-10-21,1006.0,1010.0,1004.0,1007.7000122070312,3471600,1384.5,1387.5999755859375,1375.9000244140625,1382.0,3415560,2506.5,2519.0,2477.0,2487.800048828125,946624
2025-10-23,1016.0,1020.5,1006.0,1008.7999877929688,43526526,1385.0,1389.800048828125,1360.0999755859375,1363.699951171875,21124942,2499.0,2533.699951171875,2481.0,2487.5,3296837
2025-10-24,1011.0,1011.9500122070312,991.2999877929688,994.75,17707768,1368.0999755859375,1381.5999755859375,1368.0999755859375,1377.699951171875,10570263,2492.89990234375,2506.699951171875,2466.199951171875,2475.0,2121602
2025-10-27,996.5,1009.0499877929688,996.2000122070312,1002.9500122070312,15700796,1382.0999755859375,1386.800048828125,1374.0,1377.5999755859375,11499836,2482.800048828125,2515.0,2462.0,2510.199951171875,2544807
2025-10-28,997.6500244140625,1008.0,995.0,1003.5499877929688,33904289,1373.0,1375.800048828125,1356.199951171875,1363.0999755859375,26477914,2511.0,2513.199951171875,2405.0,2419.699951171875,5690046
2025-10-29,1004.9000244140625,1012.5,1000.0,1007.8499755859375,17769445,1364.5999755859375,1371.699951171875,1358.4000244140625,1370.4000244140625,16129382,2424.89990234375,2454.0,2410.0,2447.300048828125,2308131
2025-10-30,1000.0,1009.5,997.0999755859375,998.1500244140625,19962917,1362.4000244140625,1370.199951171875,1361.300048828125,1362.4000244140625,9324401,2459.0,2471.199951171875,2437.199951171875,2442.800048828125,1965445
2025-10-31,994.0,1004.4500122070312,981.1500244140625,987.2999877929688,23221330,1357.0,1362.0,1343.300048828125,1345.300048828125,15926798,2444.0,2493.89990234375,2326.10009765625,2479.0,7814555
2025-11-03,985.0,994.5499877929688,983.2999877929688,992.6500244140625,16607180,1340.5,1351.5999755859375,1337.9000244140625,1346.4000244140625,11071450,2489.0,2577.0,2485.5,2548.300048828125,8123038
2025-11-04,987.0,997.0,983.7000122070312,985.25,20024544,1342.5999755859375,1349.800048828125,1333.199951171875,1336.9000244140625,15211183,2555.0,2555.0,2489.0,2496.60009765625,3164089
2025-11-06,981.0,991.0499877929688,974.0,984.6500244140625,22279516,1330.0,1342.199951171875,1317.4000244140625,1320.4000244140625,24221853,2495.0,2495.699951171875,2429.89990234375,2455.5,2859627
2025-11-07,980.0,984.9000244140625,974.75,982.2999877929688,15004568,1320.4000244140625,1344.300048828125,1318.5999755859375,1343.0,7719245,2450.0,2718.699951171875,2443.199951171875,2678.300048828125,20297200
2025-11-10,982.2999877929688,990.9500122070312,980.2000122070312,984.5,15988262,1342.9000244140625,1349.5999755859375,1341.0,1348.0,8542340,2690.0,2705.0,2617.39990234375,2625.300048828125,6140807
2025-11-11,983.5,993.5,978.0,991.7000122070312,10200530,1349.0,1360.4000244140625,1346.199951171875,1358.300048828125,8305184,2638.39990234375,2664.800048828125,2602.5,2644.199951171875,4346693
2025-11-12,998.7999877929688,999.0,987.7000122070312,989.5,13137263,1370.0,1370.0,1355.4000244140625,1358.9000244140625,9736761,2770.0,2818.0,2732.10009765625,2775.39990234375,15966772
2025-11-13,984.0,990.0999755859375,982.5999755859375,986.6500244140625,14124839,1358.9000244140625,1390.4000244140625,1358.5,1385.9000244140625,18296626,2788.39990234375,2833.0,2748.0,2760.199951171875,5273807
2025-11-14,976.0499877929688,991.6500244140625,976.0499877929688,989.5999755859375,21386965,1374.0,1381.199951171875,1363.199951171875,1373.0,9694498,2741.0,2834.0,2740.300048828125,2827.60009765625,5787981
2025-11-17,991.25,997.9500122070312,985.5999755859375,996.5499877929688,18396408,1375.0999755859375,1382.5,1373.5999755859375,1379.0,7660717,2836.5,2836.5,2795.5,2811.89990234375,3818270
2025-11-18,997.6500244140625,999.0,990.0,992.4500122070312,20002640,1380.199951171875,1382.800048828125,1369.0999755859375,1373.4000244140625,9529560,2811.60009765625,2872.5,2787.89990234375,2834.10009765625,5402562
2025-11-19,990.0,996.5499877929688,984.0,994.5999755859375,19813847,1373.5,1384.0,1371.5999755859375,1383.0999755859375,10393918,2832.0,2914.60009765625,2825.0,2898.300048828125,6111316
2025-11-20,995.2999877929688,1011.5999755859375,992.4500122070312,1008.8499755859375,19850865,1380.0999755859375,1388.300048828125,1375.4000244140625,1383.0,10131863,2923.89990234375,2960.0,2887.5,2895.5,6301559
2025-11-21,1003.0999755859375,1008.2999877929688,996.5499877929688,998.0499877929688,17499897,1373.0,1376.0,1364.5999755859375,1369.5,11483595,2894.0,2915.0,2850.0,2858.300048828125,3734399
2025-11-24,1000.0,1011.4500122070312,993.5999755859375,999.1500244140625,32204053,1373.300048828125,1377.0,1361.5,1368.4000244140625,15896003,2865.0,2879.0,2798.0,2802.199951171875,3100243
2025-11-25,1004.0,1006.0999755859375,988.4000244140625,989.7999877929688,24989383,1365.0,1376.9000244140625,1354.300048828125,1357.800048828125,12235000,2802.0,2854.800048828125,2795.0,2840.60009765625,2951872
2025-11-26,981.2999877929688,1006.9500122070312,981.2999877929688,1003.9000244140625,19494356,1360.0,1377.0,1359.9000244140625,1375.0,9659004,2840.60009765625,2906.800048828125,2828.800048828125,2886.699951171875,3135392
2025-11-27,1002.0999755859375,1016.7999877929688,1001.0,1009.5,25536848,1379.0,1394.0,1375.699951171875,1392.199951171875,15158741,2896.0,2936.699951171875,2878.0,2929.10009765625,3823914
2025-11-28,1007.0,1012.0499877929688,1004.2000122070312,1007.5999755859375,15988807,1392.0,1398.5,1385.5999755859375,1388.800048828125,7683986,2940.0,2942.300048828125,2896.10009765625,2902.39990234375,2525089
2025-12-01,1017.5,1017.5,999.2999877929688,1002.0999755859375,16746566,1394.0,1400.0,1385.4000244140625,1390.0999755859375,8867593,2919.0,2951.0,2875.5,2886.60009765625,3185450
2025-12-02,988.0,994.4000244140625,985.0,989.7999877929688,27316662,1381.800048828125,1381.800048828125,1370.5999755859375,1373.0,12126396,2885.0,2892.0,2833.0,2843.199951171875,2453858
2025-12-03,986.0,1002.2999877929688,986.0,1000.5,15448777,1367.0,1394.199951171875,1367.0,1391.5,7955933,2840.0,2849.0,2734.89990234375,2751.10009765625,3311445
2025-12-04,1000.0,1004.7000122070312,993.0,997.2000122070312,14528169,1387.0,1391.5999755859375,1379.9000244140625,1386.699951171875,7373909,2753.199951171875,2798.0,2743.0,2765.0,2898317
2025-12-05,992.0,1008.0,990.2000122070312,1003.2999877929688,12843366,1381.0,1395.300048828125,1381.0,1392.5,4942638,2765.0,2822.89990234375,2742.699951171875,2815.89990234375,3138758
2025-12-08,1000.0,1006.5,997.5,1003.0999755859375,12901022,1387.0,1394.9000244140625,1383.300048828125,1389.5999755859375,7826227,2820.0,2915.0,2785.10009765625,2798.800048828125,5899411
2025-12-09,994.9000244140625,1002.7999877929688,994.0,997.0999755859375,15294322,1379.9000244140625,1384.300048828125,1373.4000244140625,1375.199951171875,10492030,2795.0,2795.0,2630.0,2715.800048828125,7832840
2025-12-10,997.5,998.5,985.2999877929688,989.7999877929688,15322830,1377.9000244140625,1379.4000244140625,1357.9000244140625,1363.5999755859375,8725381,2715.800048828125,2718.5,2575.0,2581.699951171875,4918417
2025-12-11,990.0,1002.7000122070312,988.5,1000.2999877929688,11844809,1363.699951171875,1366.5999755859375,1352.800048828125,1360.0,6734750,2595.0,2706.699951171875,2585.0,2698.800048828125,5536101
2025-12-12,1003.0,1004.7000122070312,998.2000122070312,1001.5,11988618,1368.0,1370.699951171875,1363.300048828125,1366.0,3890885,2715.39990234375,2743.699951171875,2680.0,2735.0,3813800
2025-12-15,992.0,1001.7999877929688,992.0,996.0999755859375,9790060,1356.0999755859375,1370.0,1356.0999755859375,1365.199951171875,5342530,2715.0,2733.0,2630.39990234375,2648.89990234375,3952118
2025-12-16,990.0999755859375,998.7000122070312,990.0999755859375,994.2999877929688,20049088,1364.0,1368.699951171875,1355.5,1366.0,12359741,2648.89990234375,2648.89990234375,2571.0,2605.89990234375,5246754
2025-12-17,996.0,996.0,980.7999877929688,984.0,19080922,1365.0,1365.0,1343.0999755859375,1352.4000244140625,9440391,2615.0,2673.0,2611.0,2630.5,4201851
2025-12-18,973.2999877929688,987.4000244140625,973.2999877929688,979.7000122070312,14912404,1346.300048828125,1369.5,1345.5,1356.800048828125,7314573,2638.0,2702.0,2630.0,2682.89990234375,4500860
2025-12-19,987.0,988.0,978.7000122070312,985.5,25952384,1354.0,1360.4000244140625,1350.800048828125,1354.0999755859375,14318512,2699.0,2737.0,2680.0,2684.800048828125,3867770
2025-12-22,988.0,992.9000244140625,983.9000244140625,987.7000122070312,13540411,1358.0,1371.300048828125,1354.800048828125,1368.5,9375294,2698.199951171875,2784.199951171875,2674.199951171875,2775.5,4928746
2025-12-23,990.5,998.9000244140625,987.7000122070312,996.5999755859375,17927849,1361.0999755859375,1365.0,1357.0,1363.0,9105467,2778.699951171875,2800.0,2715.0,2737.5,3825412
2025-12-24,993.0,999.4000244140625,993.0,997.2000122070312,13699996,1363.800048828125,1368.199951171875,1357.5999755859375,1359.800048828125,8955140,2739.10009765625,2749.0,2665.199951171875,2670.89990234375,3419371
2025-12-26,996.0,997.2000122070312,987.7000122070312,992.0999755859375,9360853,1356.5,1362.0,1348.5,1350.4000244140625,2812144,2671.39990234375,2689.300048828125,2636.0,2649.0,2791648
2025-12-29,993.0999755859375,997.4000244140625,987.2000122070312,991.7000122070312,13545749,1352.0999755859375,1355.699951171875,1341.5,1343.300048828125,6057201,2650.0,2668.60009765625,2621.0,2628.300048828125,2577976
2025-12-30,990.2000122070312,995.0,982.2000122070312,990.9000244140625,33155849,1343.300048828125,1347.0999755859375,1338.0999755859375,1342.5,18621277,2628.300048828125,2629.699951171875,2570.199951171875,2581.0,3829439
2025-12-31,991.0,997.5999755859375,987.5999755859375,991.2000122070312,10963454,1342.800048828125,1350.0,1339.5,1342.9000244140625,6150634,2595.0,2651.89990234375,2595.0,2632.199951171875,2415713
2026-01-01,993.5,997.5499877929688,989.5,991.1500244140625,7132074,1343.9000244140625,1348.4000244140625,1336.0,1338.0,4179311,2640.89990234375,2650.5,2603.0,2628.0,1665389
2026-01-02,991.1500244140625,1003.2000122070312,988.7999877929688,1001.5999755859375,11751459,1338.0,1356.9000244140625,1336.300048828125,1355.4000244140625,8226205,2639.0,2672.0,2621.0,2666.5,2215206
2026-01-05,1005.75,1006.4000244140625,976.2999877929688,977.5,27647379,1354.199951171875,1375.5,1352.5999755859375,1371.5,6920565,2660.0,2702.39990234375,2614.60009765625,2673.89990234375,3555815
2026-01-06,962.7000122070312,966.7000122070312,956.0,962.2000122070312,31988783,1372.0,1413.5999755859375,1366.0,1411.199951171875,17260416,2675.0,2723.89990234375,2670.0,2706.300048828125,3112131
2026-01-07,956.0,956.4500122070312,946.0,949.0499877929688,52884712,1408.0,1429.9000244140625,1404.199951171875,1427.699951171875,15813795,2702.39990234375,2757.89990234375,2685.0,2744.89990234375,2801518
2026-01-08,944.7000122070312,953.0,941.4000244140625,946.7000122070312,21928849,1429.0,1442.199951171875,1423.300048828125,1435.0,14861699,2744.89990234375,2787.0,2686.39990234375,2694.0,3713035
2026-01-09,945.0,950.5999755859375,933.2999877929688,939.0,38183839,1427.0999755859375,1429.5,1401.5,1404.300048828125,12555636,2680.0,2735.0,2643.0,2669.5,3708787
2026-01-12,937.5,942.0,929.5999755859375,936.9500122070312,21071666,1399.9000244140625,1424.300048828125,1391.699951171875,1413.0999755859375,10923811,2700.0,2800.0,2685.0,2790.60009765625,7690160
2026-01-13,947.7000122070312,947.7000122070312,932.5999755859375,937.3499755859375,32042827,1420.0,1441.800048828125,1411.0999755859375,1437.0,14295581,2820.0,2873.699951171875,2804.0,2832.0,6665428
2026-01-14,930.0,940.0499877929688,920.2000122070312,925.4500122070312,36688248,1425.5999755859375,1443.9000244140625,1414.9000244140625,1418.4000244140625,13832255,2830.800048828125,2865.0,2797.0,2836.800048828125,3844640
2026-01-15,925.4500122070312,925.4500122070312,925.4500122070312,925.4500122070312,0,1418.4000244140625,1418.4000244140625,1418.4000244140625,1418.4000244140625,0,2836.800048828125,2836.800048828125,2836.800048828125,2836.800048828125,0
2026-01-16,922.0,935.9500122070312,919.2000122070312,931.0999755859375,37780235,1417.9000244140625,1429.0,1400.199951171875,1410.800048828125,12530886,2851.0,2900.0,2793.0,2808.699951171875,4746376
2026-01-19,935.9000244140625,936.1500244140625,919.5,927.9000244140625,38191942,1399.9000244140625,1400.0,1360.0,1380.5999755859375,23302883,2800.0,2800.0,2716.5,2726.699951171875,3193820
2026-01-20,929.2999877929688,934.5,919.5999755859375,931.2000122070312,36022727,1374.699951171875,1387.800048828125,1371.5,1375.800048828125,15012785,2732.0,2732.0,2640.0,2653.39990234375,3480325
2026-01-21,925.0,932.1500244140625,915.5,920.3499755859375,32766854,1367.5,1371.5,1339.5,1349.0,21766068,2638.699951171875,2679.0,2597.0,2628.800048828125,3743082
2026-01-22,928.0,928.2999877929688,913.2000122070312,918.7000122070312,44444755,1355.0999755859375,1358.0,1338.0,1345.5,17179765,2678.699951171875,2726.10009765625,2661.10009765625,2708.60009765625,3689628
2026-01-23,920.0,926.0999755859375,909.25,916.0999755859375,30985247,1340.5,1355.199951171875,1335.699951171875,1343.4000244140625,14056524,2722.0,2742.0,2677.89990234375,2685.39990234375,2160443
2026-01-27,906.0,931.2000122070312,905.0,926.4000244140625,44753093,1340.0,1369.0999755859375,1328.5999755859375,1361.4000244140625,25263634,2699.39990234375,2774.60009765625,2653.0,2761.199951171875,4092141
2026-01-28,932.5,941.4500122070312,928.4000244140625,932.7000122070312,35347138,1362.5999755859375,1380.4000244140625,1362.5999755859375,1367.699951171875,13242696,2768.89990234375,2830.0,2768.199951171875,2821.5,3409615
2026-01-29,930.0999755859375,939.2999877929688,924.3499755859375,935.5,37175628,1359.0,1387.699951171875,1354.4000244140625,1383.5999755859375,23118234,2828.800048828125,2875.0,2805.0,2861.60009765625,3982291
2026-01-30,930.0,938.9000244140625,927.75,929.25,29691233,1368.199951171875,1381.9000244140625,1353.199951171875,1355.0,24013717,2859.0,2887.0,2762.300048828125,2797.0,3805677
2026-02-02,915.0,929.7999877929688,909.2999877929688,928.0999755859375,28032106,1329.9000244140625,1354.4000244140625,1329.0999755859375,1352.800048828125,12800245,2565.300048828125,2711.0,2530.0,2701.60009765625,7053162
2026-02-03,983.75,994.0,945.0,948.7000122070312,50336968,1412.0,1417.0,1373.4000244140625,1389.699951171875,24896698,2850.0,2929.199951171875,2793.800048828125,2860.800048828125,6611608
2026-02-04,952.5,957.2000122070312,947.9500122070312,953.0999755859375,24366770,1387.0,1414.0,1386.9000244140625,1408.4000244140625,11080683,2866.89990234375,2909.89990234375,2800.0,2896.300048828125,5770268
2026-02-05,956.0,956.0499877929688,946.7000122070312,949.7000122070312,28103169,1414.0,1414.0,1393.199951171875,1396.5,8982761,2905.0,2914.89990234375,2842.60009765625,2892.199951171875,2976213
2026-02-06,945.0,948.0999755859375,937.5999755859375,941.0999755859375,18120272,1396.699951171875,1410.5,1394.699951171875,1406.0999755859375,10851190,2870.0,2911.5,2835.0,2897.0,3598727
2026-02-09,945.0,950.0,935.3499755859375,938.0999755859375,11726106,1413.5,1414.0,1393.800048828125,1394.9000244140625,2526644,2918.0,2997.699951171875,2916.0,2968.300048828125,3639084
