,SBIN.NS,SBIN.NS,SBIN.NS,SBIN.NS,SBIN.NS,ITC.NS,ITC.NS,ITC.NS,ITC.NS,ITC.NS
,Open,High,Low,Close,Volume,Open,High,Low,Close,Volume
Date,,,,,,,,,,
2025-02-06,753.8627308990996,755.6762909086074,735.2857374622155,737.4424438476562,32745391,426.06336046890937,426.06336046890937,414.8910439076552,417.63677978515625,17469129
2025-02-07,744.8438308139157,744.9418982807152,717.3459883584466,722.688720703125,37240692,416.5952582972785,421.8026990259945,405.6122866178601,407.9319763183594,18875982
2025-02-10,725.4335919181764,729.256846944206,718.963532464286,722.2965698242188,12667049,404.28679271835745,410.2516682663297,403.8133889798114,404.4761657714844,12227140
2025-02-11,722.9338420118377,725.5807064311172,712.2483766958933,716.7088012695312,13017060,405.99100788409856,407.6479208598988,395.2920956552102,396.0495300292969,14288751
2025-02-12,718.7184448242188,724.1591847308209,703.0333943785369,718.7184448242188,12697743,397.34792371808146,397.97305679084684,392.01021063862936,394.22222900390625,13884574
2025-02-13,719.9438519637431,722.9828066071801,711.8562476864424,713.3267211914062,12370571,394.27034528824566,398.1173542751768,393.3566689137098,394.0299072265625,12989029
2025-02-14,716.5617636405941,718.4733911976853,702.1021072520733,707.9349975585938,10417539,396.0014661827297,400.2812751894459,392.77959046029304,394.558837890625,14124236
2025-02-17,704.8959778549706,714.4050519193028,697.5436102537428,713.375732421875,9093600,394.12606998139194,395.6648794892229,391.1927372870501,392.97198486328125,11975265
2025-02-18,713.3757463206829,713.9149079885333,703.2294429330741,711.5131225585938,8562003,392.39491018757707,395.1359099155748,388.54790126416947,389.7500915527344,12998403
2025-02-19,707.8369242269698,720.3849529544706,707.8369242269698,712.9835815429688,6766606,389.31730014478245,393.1643091555031,389.0287862091182,390.8561096191406,7079032
2025-02-20,710.6308614417115,717.100921006022,709.1113242684337,715.3363647460938,7423268,384.6528290808348,388.45173290704383,381.0462580968928,386.6724853515625,15355585
2025-02-21,712.983563836215,717.2969766512275,705.8272715222472,707.7879028320312,6571602,386.67244588636703,387.8265602235753,383.93147569860434,385.5664367675781,8240986
2025-02-24,696.5142704603655,705.5821902376468,696.5142704603655,702.2981567382812,6912148,384.70090532952037,387.97085715475134,383.4987150003656,386.5282287597656,7037625
2025-02-25,704.7979622750793,704.7979622750793,696.0241250697796,696.9064331054688,8599635,386.62438730224534,391.43314833834296,385.1817589914161,389.3653869628906,15760891
2025-02-27,701.9060466163252,703.5725952859297,687.2993186401222,690.0442504882812,12033139,389.36537967354076,390.9522649156751,384.2199995911739,386.23968505859375,19051003
2025-02-28,687.1033111747046,687.5444053811439,669.1634856554016,675.241455078125,15780609,383.73912917511376,387.10526188717614,377.1992259318174,379.8921203613281,31954776
2025-03-03,676.5648746220754,683.6721631354309,666.6146467698901,681.6134643554688,10598479,380.8058152281349,383.73914785126925,376.2374920394293,382.2484436035156,10702826
2025-03-04,679.3587530706169,704.3077986097232,678.4764450422322,701.9550170898438,14386214,380.2768157418011,382.00798731989397,377.82435936077115,379.74786376953125,13404774
2025-03-05,703.425482394221,716.9048225760387,702.8863207536921,715.9735107421875,10409805,379.4112349821189,396.9632122658291,379.4112349821189,389.5577087402344,15665018
2025-03-06,721.5123345545368,722.2475713084986,712.6894935069948,717.6400756835938,10928847,393.5009194323491,394.0299007695933,385.22984437591543,390.1828918457031,17869996
2025-03-07,717.6400610222238,720.3849328808595,713.6697945986864,718.3262939453125,7246729,388.11510203965406,390.3271497866334,386.33588388818345,388.45172119140625,11180761
2025-03-10,718.3263154629034,723.9631306303024,712.2973500895013,714.5521240234375,7400109,385.7107105996322,391.2888910064267,385.0855775356017,389.5096435546875,9785018
2025-03-11,710.6308835302965,719.6007363944591,708.4741769972491,715.4833984375,5538789,386.1435102215853,392.7795945645392,385.8549963002887,390.66375732421875,11099475
2025-03-12,716.2186323712558,722.4926768362947,704.8959979099689,708.8172607421875,5547762,390.8561039985411,397.49218857653574,388.54790449537103,396.6266174316406,13844306
2025-03-13,711.6111983443574,717.0519385721029,710.2387324158618,713.5227661132812,5908337,397.20365434770144,398.5501015432174,392.5872555772619,396.28997802734375,8196569
2025-03-17,714.5520981665495,716.8558160007225,708.0819790039528,708.915283203125,5149563,397.20366927579045,400.32936400980094,391.4331559206942,392.3468322753906,5257805
2025-03-18,708.915283203125,708.915283203125,708.915283203125,708.915283203125,0,394.318390909805,396.1938193871978,392.1544485206658,393.45281982421875,13861897
2025-03-19,725.0414304316936,734.5505041985215,724.551272606947,730.4331665039062,7604850,394.3184059049263,395.0397200620695,387.20144542451675,387.63421630859375,12830387
2025-03-20,733.2761159507572,737.8836115337692,729.5509283979652,734.7955932617188,6963197,389.50964497469676,391.0965302508203,386.5282072542035,388.49981689453125,16994037
2025-03-21,735.1877533491547,740.7265010195747,732.2958101375568,738.373779296875,9577327,390.4233291082126,391.9140333230442,386.3358821349048,390.0386047363281,25302035
2025-03-24,743.0792951283579,767.5381836299999,740.236355685803,765.4304809570312,12095064,391.433162603734,397.05941909108105,390.0867153346264,395.1839904785156,14362572
2025-03-25,768.4694992151382,770.52813824643,754.05884649493,757.636962890625,15190143,396.2419041658655,399.36759879824183,393.06813366389935,394.12603759765625,20338110
2025-03-26,756.8037071028305,760.7739736513279,746.4613886162912,748.961181640625,7711852,394.60692684899476,395.47252733324694,390.71184207125464,391.769775390625,13891436
2025-03-27,748.765095143516,760.528883157817,745.5300654063271,757.0977783203125,15648616,392.39490676580164,394.9916495065971,390.1347831729387,393.7894592285156,18642328
2025-03-28,756.9017030647627,763.2737549045355,751.9021170931981,756.3135375976562,7628185,395.18398159578936,399.7042287729926,392.5391629889967,394.0779724121094,12981873
2025-04-01,751.7060726537488,767.3421201573958,748.1769600397238,756.5096435546875,7011125,394.12607142001764,398.55013776479905,390.08672946636085,391.0965576171875,15206240
2025-04-02,757.0977881876627,761.7052838533914,749.2552627425828,760.6759643554688,5458436,391.48121972866625,394.31840044763595,390.51946753245255,393.40472412109375,8001323
2025-04-03,754.8430831745769,769.2537358201085,754.7940793566994,763.8619995117188,7956680,391.4812095354885,394.51075235495847,391.1446197558559,393.7413330078125,7059566
2025-04-04,763.7639032041603,767.4891505617313,749.9414763962274,752.34326171875,8231194,391.9140405436106,397.0113157111547,389.02878380341224,394.0299072265625,18627592
2025-04-07,715.6304557983397,738.8639496862081,715.6304557983397,732.1978149414062,14923235,375.2276160600784,392.49107984083315,375.2276160600784,390.51947021484375,26762866
2025-04-08,745.0399507907015,758.764370936846,743.2263906334504,753.4706420898438,12911288,396.145740938844,399.89656879675374,391.6735989024767,396.7708740234375,18600796
2025-04-09,751.9021496759307,752.8334615673064,726.4139412123398,727.59033203125,11319387,397.20367078899557,403.02226003741157,395.5206043873473,400.37744140625,21785572
2025-04-11,744.0595747998677,744.7458077183372,731.3154714106737,739.0109252929688,9360327,403.9359011391154,406.29220563589877,401.05064470240745,405.4266052246094,8939356
2025-04-15,754.8430601068783,755.5292930373557,742.1969641274441,748.4710083007812,7859090,412.78405461806295,412.78405461806295,402.97417047029376,404.32061767578125,11685880
2025-04-16,748.4710501178707,759.4996019368964,745.5301029661306,756.5586547851562,12536694,402.0124153945198,409.75450878339007,402.0124153945198,408.2157287597656,13034594
2025-04-17,756.8037006997325,785.2328552596965,752.0491936119853,781.7527465820312,27034818,408.7446879057106,411.48568756526555,405.4266310519838,410.90863037109375,22410217
2025-04-21,787.1935033394458,808.1232195009724,785.6250221604275,800.6238403320312,16398507,411.6780349602343,412.6878924233474,405.3785695227371,406.67694091796875,27388236
2025-04-22,804.986275275127,819.0537818863039,797.9769939622398,806.211669921875,25117557,409.65837881395373,418.1698626669371,407.35014995516246,417.0157775878906,32031936
2025-04-23,809.740755044151,814.6423334645151,794.1537117339047,797.4378051757812,12104382,419.5163213012109,420.7185115509847,412.4474367624713,414.3709411621094,19566317
2025-04-24,796.7515648231008,802.8785377915959,795.1830836766543,797.3887939453125,12713521,415.3326729496452,419.3720143801557,412.88018735042976,413.60150146484375,26064089
2025-04-25,798.9572755447768,802.8785382468371,771.508436630355,782.9291381835938,13131038,413.60153406654683,416.1502009519827,407.10970652510946,411.4375915527344,22944377
2025-04-28,782.9291312258807,806.6037186789465,781.7037366423766,801.260986328125,11317611,410.331561195513,414.0343129537871,408.50423792594904,412.3993225097656,6287095
2025-04-29,803.858844621864,812.6816855994211,793.075372315961,796.5554809570312,11283059,412.4954962973951,413.16873455074716,408.74466873670406,409.7064208984375,11189930
2025-04-30,795.5261656735474,795.5261656735474,769.0576426012298,773.1259765625,25635764,411.0528779694748,412.8802012507744,405.8594220409165,409.5140686035156,10026546
2025-05-02,774.7924765987593,787.5856441366993,773.4690743593894,781.0175170898438,14720184,407.87911477952554,414.99607520497585,407.87911477952554,413.07257080078125,9263372
2025-05-05,766.606876267059,783.2722431424297,766.606876267059,774.4494018554688,23986447,413.7938888263413,421.72834456792714,412.92831770641976,420.2376403808594,11525305
2025-05-06,778.3216684290833,783.4193220780548,755.9214185982945,758.8623657226562,18869468,420.7666029152538,422.834364350939,416.43871785669694,418.89117431640625,15026568
2025-05-07,750.2356003532819,766.9990348823832,749.5003635713141,760.822998046875,15586266,416.823396791454,418.362206178502,413.2649312686502,414.6594543457031,9710361
2025-05-08,763.6658883956691,771.0182557422255,748.9611537025561,753.8627319335938,14491673,412.59168381124715,414.9960642530376,407.350122708005,414.1304931640625,19937960
2025-05-09,741.6088285228935,766.312796178702,740.6285128209466,763.9110107421875,13578216,409.658387599701,412.7359772268443,406.82120668762605,407.35015869140625,8226512
2025-05-12,783.272256608189,788.0758275471601,777.390362315762,785.8701171875,15096824,413.0725955722253,419.5163474528399,411.77422415146265,418.8431091308594,8031891
2025-05-13,782.880060357833,791.7519649275839,781.5076543371932,785.9680786132812,13909596,418.2660177094136,421.1993794721109,409.08129611962823,411.53375244140625,14976369
2025-05-14,789.8893639857823,791.6049164362635,780.6253687864404,784.9387817382812,9281719,410.76439222672843,415.332715418473,409.6102777855163,412.6878967285156,9557309
2025-05-15,788.6149458696933,793.516524177251,778.8607930709097,791.8499755859375,17058854,412.6878727466996,418.74689983509177,409.7064350721147,416.1020812988281,24263510
2025-05-16,804.0,804.0,791.0,792.0999755859375,14733924,418.26604202592637,419.51633754430964,415.573147502307,419.03546142578125,16402035
2025-05-19,792.0999755859375,801.4000244140625,792.0999755859375,795.0,10666184,418.362202884726,421.72833555161463,416.10207936688846,418.6988220214844,7543854
2025-05-20,798.1500244140625,799.4000244140625,783.7999877929688,785.6500244140625,11324667,420.28570719839433,423.9403537817196,416.34251734774494,418.2660217285156,9868414
2025-05-21,787.0,791.0,779.0999755859375,787.0999755859375,8206040,419.90103464370577,421.4398441006694,415.4769684613164,416.438720703125,5776672
2025-05-22,788.0,788.2000122070312,780.2999877929688,785.25,7355826,416.43869651769444,416.43869651769444,406.7249935694986,409.8026123046875,19451749
2025-05-23,787.9000244140625,794.9500122070312,786.2000122070312,790.5,5534158,417.40046939575757,422.20923056391143,412.59170822760365,419.61248779296875,18536884
2025-05-26,792.0,797.5499877929688,789.2000122070312,794.4000244140625,4965466,421.48791053602,426.58518556334417,420.0452822056058,425.9600524902344,13107662
2025-05-27,794.4000244140625,801.3499755859375,790.0499877929688,793.7000122070312,11995043,425.9600609253769,427.2103564467042,414.37095818169377,417.3042907714844,26986022
2025-05-28,794.5,798.9000244140625,792.6500244140625,796.5499877929688,6873519,409.12572033536514,413.92513013654184,404.5221871211176,411.57440185546875,431851622
2025-05-29,799.0,800.4000244140625,791.3499755859375,797.3499755859375,14034127,413.337430183069,414.12099629331436,408.04828421108533,410.1541442871094,21478547
2025-05-30,798.0,814.5,792.5999755859375,812.2999877929688,22037314,410.49697001748797,411.4274510468685,407.85238205791916,409.468505859375,30656239
2025-06-02,812.8499755859375,822.5499877929688,809.2000122070312,813.6500244140625,26891575,409.7133679967952,411.8192579553598,406.0403458241328,410.6928405761719,14973380
2025-06-03,816.2000122070312,818.4000244140625,805.1500244140625,809.7999877929688,14247597,410.3990201585084,413.04360813984886,407.1177809642176,408.39111328125,13216486
2025-06-04,817.0,817.0,805.25,806.5,9607927,408.586978384479,410.39900862513116,407.4116292300163,408.4400634765625,12598933
2025-06-05,808.7000122070312,811.7000122070312,802.8499755859375,806.0,13595507,409.9092587388879,412.30897842272395,407.2157092489669,410.4969482421875,13212523
2025-06-06,806.6500244140625,816.4500122070312,803.0999755859375,813.0499877929688,17163935,411.67231694542346,412.6517895338172,410.39901453696416,412.40692138671875,8774988
2025-06-09,817.4000244140625,824.5,815.7000122070312,820.0499877929688,12793040,413.33744096123485,414.9046031137218,411.86823204786555,414.3658752441406,10473123
2025-06-10,821.0,822.0499877929688,814.5999755859375,817.0499877929688,6560513,415.78612073411426,419.75297282706833,414.3658735007135,418.23480224609375,13041075
2025-06-11,817.0,820.5999755859375,813.0499877929688,815.0499877929688,7197825,419.2142518774774,419.312205110815,416.12891931968926,417.4022216796875,20789182
2025-06-12,816.0,816.5,801.2000122070312,805.9500122070312,13448521,418.2347759328376,418.43068239792314,410.9376935297822,412.3579406738281,18508835
2025-06-13,786.25,796.2999877929688,786.25,792.3499755859375,11377117,406.48111231744474,410.7418239308055,405.01190347774315,405.4036865234375,17873926
2025-06-16,792.5,795.4000244140625,786.1500244140625,792.5,8085001,406.4321620890675,410.30106087453294,404.7670467340719,409.6154479980469,7006629
2025-06-17,794.0,798.8499755859375,790.5499877929688,792.2999877929688,7753156,409.5174909056936,410.44797192026425,407.1667626963428,408.83184814453125,9028406
2025-06-18,792.5,795.5,788.3499755859375,791.9000244140625,5710169,408.4400661979771,409.86031339660474,406.3831678000489,407.3626403808594,8036215
2025-06-19,792.3499755859375,793.25,781.7000122070312,785.0999755859375,11824333,407.11778041824044,409.66441515775824,406.2852227295919,407.4606018066406,12601006
2025-06-20,787.5,799.4500122070312,786.0999755859375,796.1500244140625,11367669,407.46057840418473,410.8887323090276,407.46057840418473,409.9582214355469,13203184
2025-06-23,790.0,794.9500122070312,788.5,790.2000122070312,5549253,408.4400574370469,408.9297937169475,403.2978264980913,405.4036865234375,14839890
2025-06-24,799.0,806.6500244140625,793.6500244140625,795.4000244140625,11402190,408.3421256239387,412.0151479158747,405.25679287693885,405.844482421875,16690068
2025-06-25,799.5,803.7999877929688,796.0999755859375,800.0499877929688,6528324,407.85236743319786,409.5664444107915,406.5790650634376,407.80340576171875,9946718
2025-06-26,802.0,803.3499755859375,791.4000244140625,797.0499877929688,24704402,408.635961243395,412.25999175637196,407.70545036119364,411.67230224609375,13703918
2025-06-27,805.0,809.4500122070312,802.6500244140625,805.4000244140625,19375990,412.3579493645105,413.3374219283217,409.2236252038625,410.0561828613281,21409935
2025-06-30,809.0,821.0,807.0499877929688,820.3499755859375,19652607,411.18257641188427,412.1130873177171,407.26468609870335,407.9013671875,12317124
2025-07-01,820.0,824.9000244140625,813.25,820.2999877929688,11456405,408.4400629554616,410.25209319380195,406.38316457386264,406.5790710449219,13670465
2025-07-02,821.0,824.0499877929688,809.0,812.9000244140625,6661200,408.3421042433258,408.3421042433258,403.2488648665335,404.47320556640625,15990899
2025-07-03,813.5,814.5,805.7999877929688,807.0999755859375,7020403,405.5016414226337,407.4605865502793,402.80809187212105,404.864990234375,14185298
2025-07-04,808.75,813.8499755859375,804.0999755859375,811.8499755859375,4319538,406.383156862037,406.48111009570783,403.2978242937535,404.0813903808594,8256733
2025-07-07,811.2000122070312,812.6500244140625,805.1500244140625,806.8499755859375,4461783,404.52218073930493,408.63597758463175,403.54270814671577,407.6075134277344,6845218
2025-07-08,807.9000244140625,813.5499877929688,805.3499755859375,812.6500244140625,5935770,407.60752214922184,409.5175057020906,406.1383132289018,408.635986328125,6807192
2025-07-09,810.0,812.4500122070312,809.0,810.9500122070312,4099112,407.65649685248883,411.6723104890166,406.9218924227146,410.83978271484375,9930533
2025-07-10,811.2999877929688,815.5,806.9000244140625,808.0,12178137,411.67231432927395,411.67231432927395,407.8523772370402,408.29315185546875,6220360
2025-07-11,807.5499877929688,812.5499877929688,804.5499877929688,808.6500244140625,6202372,408.44007762067145,409.4685119028319,406.9708687083669,408.2441711425781,8578844
2025-07-14,809.7999877929688,815.5,808.0,808.8499755859375,6938635,408.4890354163033,411.3295298660291,407.9992991168515,410.7908020019531,6896989
2025-07-15,811.0,821.0,810.5,816.4500122070312,9297645,412.26001519971453,413.72922411339215,410.3990232206159,413.4353942871094,8532755
2025-07-16,816.0,834.2000122070312,815.2999877929688,831.7000122070312,16458920,413.43538226908703,416.7166213924788,411.67231368924485,415.8840637207031,9780773
2025-07-17,838.4000244140625,842.5,826.3499755859375,829.0,23073718,417.05940633871836,417.1573595734722,414.3168951123935,415.2474060058594,7240795
2025-07-18,832.0,832.6500244140625,820.25,823.3499755859375,15387801,416.4717411939595,416.4717411939595,411.4764251990089,414.072021484375,6730256
2025-07-21,823.0,827.3499755859375,817.9500122070312,824.2000122070312,8852594,413.3374323697135,414.0720368111289,409.8113250726935,411.4764404296875,4822343
2025-07-22,827.5,828.0499877929688,814.0,815.0,7851163,411.47644544690354,411.77027527059994,406.6770356826959,407.4606018066406,9869507
2025-07-23,812.5,825.2000122070312,811.5,820.6500244140625,15470390,408.53801949465566,409.32158560296745,405.5016485154682,406.4321594238281,12196187
2025-07-24,820.0,821.9500122070312,810.6500244140625,815.7000122070312,10118309,407.3136721952123,407.3136721952123,401.04505375648824,401.5347900390625,9005157
2025-07-25,815.0,819.2000122070312,805.5,806.5499877929688,6734439,401.58375275125957,401.8286208931811,399.3799394739661,400.9960632324219,5824089
2025-07-28,806.5499877929688,808.9500122070312,796.0,797.1500244140625,7734158,402.36732868040224,402.41632024466196,400.21250691352043,401.4858093261719,8123337
2025-07-29,796.2000122070312,800.0,793.0999755859375,799.2000122070312,7833759,401.5837527990323,402.9550084157297,399.62480766342725,400.0655822753906,6811772
2025-07-30,798.9500122070312,803.4000244140625,796.2000122070312,801.6500244140625,8743723,400.60428786940514,400.898117688896,397.4210019633524,399.2330322265625,10915863
2025-07-31,795.0999755859375,803.7999877929688,792.5499877929688,796.5499877929688,11359112,397.61690837848414,405.50165074201533,397.2250954310459,403.4937438964844,19364174
2025-08-01,795.7000122070312,801.0,792.0,794.0,15468391,403.9344853107258,410.74183168633,403.34679578552243,407.9013671875,14324065
2025-08-04,794.5,797.2000122070312,786.5499877929688,795.7000122070312,8820724,411.57439098396185,413.8271659664987,406.5790748366726,408.29315185546875,18352458
2025-08-05,798.0,804.0499877929688,796.2999877929688,800.5999755859375,7381537,408.6359688485212,409.37057327725813,404.522172091142,405.6485595703125,8495104
2025-08-06,800.9500122070312,810.2000122070312,799.0,805.1500244140625,7409396,405.6485541142926,406.4811117672226,402.07348525408406,403.5426940917969,9080543
2025-08-07,801.0999755859375,806.6500244140625,793.4000244140625,805.1500244140625,7091392,403.542701181929,406.2362507650608,403.1998798022133,405.10986328125,11514878
2025-08-08,805.0,807.7999877929688,790.0,804.2999877929688,15708181,405.40370450279846,406.82395173394906,404.4732234643995,405.99139404296875,9814361
2025-08-11,808.0,825.0,808.0,823.4500122070312,15236297,405.99138530914485,408.4400667645679,405.5016490180602,408.29315185546875,8514272
2025-08-12,824.9500122070312,825.5,820.0,820.5999755859375,7986728,408.44005694659893,411.1825681542966,406.77494164048437,407.80340576171875,13635738
2025-08-13,822.6500244140625,824.9500122070312,820.6500244140625,821.8499755859375,4447508,408.6359804112558,408.92981023461243,405.1098730753178,405.599609375,10874910
2025-08-14,822.0,828.0,819.0999755859375,826.5499877929688,7087573,405.74650902132066,406.5300751148795,402.563223193151,403.0039978027344,9580361
2025-08-18,836.0,838.0,825.1500244140625,827.6500244140625,6138124,404.5221643400549,405.207807083524,396.5394690122968,397.9596862792969,30950814
2025-08-19,827.5,831.0,825.7999877929688,830.4000244140625,5076681,398.00869038492266,400.99606980890684,396.19666012675947,400.7022399902344,16681331
2025-08-20,828.7000122070312,831.9000244140625,827.4000244140625,828.9500122070312,4493888,400.7022224165175,401.82860986020313,397.1271536208501,397.7148132324219,18188129
2025-08-21,828.9500122070312,833.25,824.0499877929688,825.7000122070312,4402511,397.7148339521601,398.49842996029514,395.07027588892424,397.22509765625,15028966
2025-08-22,824.0,826.0,815.7000122070312,816.25,5097647,397.6658518940437,398.1555881648492,389.34033529035065,390.1239013671875,13087624
2025-08-25,817.4500122070312,820.5,814.2000122070312,816.4500122070312,5672898,390.8095528920783,392.327723409267,388.1160033420702,391.1523742675781,10440286
2025-08-26,814.8499755859375,815.8499755859375,806.75,807.8499755859375,6997817,391.1033999896865,397.07818887017044,390.22188062167817,395.0702819824219,13715752
2025-08-28,807.25,811.0,800.6500244140625,801.9500122070312,7898436,396.19667011274,396.19667011274,391.78904337477377,392.6705627441406,12471719
2025-08-29,800.7000122070312,806.7000122070312,798.5,802.5,6861440,393.74798505781916,402.02454048128317,393.6500318196282,401.3388977050781,25255050
2025-09-01,803.0999755859375,808.2999877929688,802.6500244140625,806.0499877929688,5619805,401.3388884886885,401.77966310485994,396.68639374720885,397.5189514160156,12268090
2025-09-02,806.2999877929688,810.5,802.6500244140625,803.9000244140625,5075460,398.20457570023547,399.4779080217149,396.14770714215564,398.4004821777344,19808255
2025-09-03,804.2999877929688,813.2999877929688,803.0,812.1500244140625,4261589,400.114535268611,404.76702986475766,398.9391562562904,403.2978210449219,12936588
2025-09-04,814.6500244140625,816.75,808.0,809.4000244140625,4471950,415.24741259106247,418.2347920060821,406.4811210363561,407.3626403808594,27274123
2025-09-05,811.5,812.5,803.6500244140625,806.5999755859375,5194842,408.3421103092152,408.4400635448862,396.09870312861307,398.9881591796875,16000675
2025-09-08,808.0,813.8499755859375,806.7999877929688,808.7999877929688,4614227,399.08612816526716,402.1224693529809,398.44944705384466,399.1840515136719,7419022
2025-09-09,812.0,812.3499755859375,805.5999755859375,808.8499755859375,4567272,400.1145503991436,402.51427018540727,399.0371245789613,401.6327209472656,8825896
2025-09-10,812.0,824.5999755859375,810.4000244140625,818.2000122070312,7285853,402.56322964572416,405.2078175633528,400.555322816839,404.5711364746094,9252397
2025-09-11,819.0999755859375,825.7000122070312,819.0,823.6500244140625,7425055,404.5711451336769,408.1462440335788,403.9834854870758,406.53009033203125,8274406
2025-09-12,824.0999755859375,825.7999877929688,819.7999877929688,823.5499877929688,5078018,406.82393698895356,408.48902241943284,404.37525556960406,405.25677490234375,7803379
2025-09-15,823.5499877929688,827.7999877929688,821.0999755859375,824.75,3852494,404.5711348581344,405.7954755760093,403.29783246799684,404.1793518066406,5707331
2025-09-16,825.0999755859375,833.0,821.6500244140625,831.5499877929688,9467531,404.7180704209207,405.8444578774336,403.54269140213233,404.6201171875,8239087
2025-09-17,834.2999877929688,858.1500244140625,831.0,857.1500244140625,17243938,405.45267306623015,406.08932424399245,399.6737611220478,400.8981018066406,14113882
2025-09-18,858.6500244140625,860.7999877929688,851.0999755859375,854.3499755859375,10400847,402.90605212943706,404.5711375822802,401.68171140331816,403.1019287109375,15647808
2025-09-19,852.0,864.4500122070312,849.2999877929688,862.3499755859375,15206426,403.101917268776,404.13038138420126,400.55531254363956,402.22039794921875,19505321
2025-09-22,862.0,868.2000122070312,854.0,855.25,6594034,402.2204050878021,402.56322646569487,397.7148252853857,398.59637451171875,8930779
2025-09-23,854.5999755859375,874.25,851.2000122070312,870.5999755859375,14357863,398.7433075819584,399.7227801970498,393.8459445065011,394.9233703613281,14936357
2025-09-24,876.0,880.5,864.4500122070312,866.2000122070312,12840160,394.9233452248436,396.34356249165154,392.4746638429711,392.76849365234375,12380865
2025-09-25,866.5499877929688,870.1500244140625,859.9500122070312,861.1500244140625,8678821,393.209287397003,394.7274579712088,389.83009496908466,391.8869934082031,22006368
2025-09-26,862.0,864.3499755859375,853.0,856.9500122070312,6959545,391.8869695711551,397.5678983516164,391.59310987422305,396.7843322753906,14414044
2025-09-29,858.0499877929688,873.5,856.0,870.75,22641712,398.5473763816621,399.6248021696593,394.9233458652918,398.89019775390625,19717660
2025-09-30,869.9500122070312,877.5999755859375,867.5999755859375,872.4500122070312,12831593,398.4004591506758,398.4004591506758,392.1808024887207,393.30718994140625,9465490
2025-10-01,872.2999877929688,876.4500122070312,862.7999877929688,864.0999755859375,10832384,394.0907925326749,397.665861416941,391.5441578852763,397.2740783691406,17643039
2025-10-03,865.1500244140625,873.0,863.7999877929688,867.2999877929688,8019442,396.58845248171,397.1761420239669,394.04181772601805,396.0007629394531,16987141
2025-10-06,868.0,875.2999877929688,862.7999877929688,874.0499877929688,7820352,394.7274338215943,395.60895312981853,391.5931097355416,392.52362060546875,13989077
2025-10-07,874.1500244140625,877.0,863.0,864.7000122070312,9242580,394.237727666254,394.3356809060124,391.29930982029435,391.5931396484375,12298968
2025-10-08,866.7999877929688,867.7999877929688,857.25,858.25,7156112,391.7890270774703,393.5031040709342,389.8300819420829,391.5441589355469,8402463
2025-10-09,861.5999755859375,865.7999877929688,858.0999755859375,862.0999755859375,7020501,390.80955123133737,393.1602793958562,390.7605895598157,391.6910705566406,15656267
2025-10-10,862.0999755859375,883.75,861.2999877929688,880.6500244140625,13713015,392.22981845621223,395.5600193505022,391.299307520674,394.53155517578125,15085738
2025-10-13,879.0,888.0999755859375,876.0,882.9500122070312,11923143,391.78901724913896,392.71952812155763,390.36877010515894,391.0544128417969,9508594
2025-10-14,883.0,884.1500244140625,872.0999755859375,876.9500122070312,7681973,391.78901770158024,392.6215753424221,388.0670339898672,388.6546936035156,10291102
2025-10-15,878.0999755859375,887.5,877.0499877929688,886.0999755859375,8269225,389.83007867186035,392.62158144459596,389.0954742522526,391.6910705566406,16043867
2025-10-16,888.2999877929688,891.8499755859375,882.4500122070312,886.9500122070312,8493686,392.7685077269394,397.665870666178,391.3482605181077,396.83331298828125,22962049
2025-10-17,887.5,894.75,883.0,889.1500244140625,8511854,397.0292043259007,405.35472100520315,396.9312510926241,403.6896057128906,21071344
2025-10-20,894.5999755859375,913.6500244140625,891.0499877929688,907.5,13546463,404.0814001855026,406.3342050500721,402.85705946273583,404.5711364746094,13083621
2025-10-21,908.0,910.0,906.4000244140625,907.8499755859375,1783576,405.0119258790611,405.4527005118031,403.88553835121513,404.3752746582031,1142130
2025-10-23,912.0,918.0,904.7999877929688,911.5499877929688,13382769,407.46058276503413,411.8192475900064,405.0608630495091,407.41162109375,24305990
2025-10-24,910.9500122070312,914.0999755859375,900.9500122070312,904.5,5313227,407.411643338511,409.3705885549171,404.96296181800335,408.2441711425781,14935678
2025-10-27,906.9500122070312,928.0,906.0,922.75,9150761,408.4400677633165,414.02307345178554,408.048284707717,412.01513671875,11603679
2025-10-28,927.0999755859375,935.8499755859375,917.7000122070312,930.25,22066289,411.86822898071654,412.9946164943518,407.3626490350436,409.32159423828125,17163147
2025-10-29,933.9000244140625,942.0499877929688,930.25,939.75,12314222,409.61544737952806,413.53333772312516,407.5095574069397,412.9456481933594,11470661
2025-10-30,939.4500122070312,944.9000244140625,933.0499877929688,934.3499755859375,13044473,412.94564712794636,413.04360036450976,407.60750959211543,410.1541442871094,12938674
2025-10-31,934.9000244140625,946.7000122070312,930.25,937.0,12078252,411.8682283883677,417.64711075138126,409.615453364337,411.7213134765625,18599864
2025-11-03,938.75,953.4000244140625,937.5,949.7000122070312,11744735,411.3295333977877,412.9946188955417,404.816016646247,405.45269775390625,7635440
2025-11-04,951.0,959.2999877929688,941.5,957.5999755859375,19154518,405.50163308974254,405.99136936159005,399.96761919609156,400.5063171386719,10085404
2025-11-06,969.6500244140625,971.4000244140625,955.2999877929688,960.75,23088096,401.58375221673697,404.8159997293463,398.20455990626584,399.13507080078125,10095563
2025-11-07,958.75,964.8499755859375,944.0,955.8499755859375,13371323,397.71483508178255,400.70224442999825,394.82540886238485,395.7558898925781,8411611
2025-11-10,956.0,963.2000122070312,949.0999755859375,951.1500244140625,7343249,395.75588876851964,398.7432981082502,395.3641057100178,397.22509765625,6650003
2025-11-11,953.5999755859375,954.9500122070312,945.0499877929688,953.2999877929688,8648917,397.6658554399186,399.673762211673,396.2945998476621,398.4984130859375,12005318
2025-11-12,957.7000122070312,961.5499877929688,951.4000244140625,957.1500244140625,7043323,399.624797249309,399.7227504817627,397.22507756427666,398.64532470703125,7987236
2025-11-13,954.25,963.9500122070312,952.4500122070312,954.0,8894441,398.64534219930255,399.1350784919307,396.1966607361619,397.3720397949219,6617185
2025-11-14,952.9500122070312,969.0499877929688,952.0,967.8499755859375,11032927,396.3925660411311,400.3594180432725,391.8869861840081,399.771728515625,64020258
2025-11-17,971.0,976.0,968.5,973.3499755859375,7415026,401.3388824449565,403.542695710365,397.6658603359422,398.7432861328125,7855399
2025-11-18,975.5999755859375,976.7000122070312,968.8499755859375,972.4500122070312,6594686,399.8696796229581,401.3878501610938,396.2456191310374,397.5189514160156,7661681
2025-11-19,972.4500122070312,984.4500122070312,968.7999877929688,982.75,8291226,396.5394760749311,397.2250889394812,394.5315393710832,395.2661437988281,7882450
2025-11-20,986.0,986.5999755859375,979.3499755859375,981.5499877929688,6440857,395.2661449461201,398.64533728000737,394.97231513062155,397.1271667480469,6693410
2025-11-21,979.7000122070312,980.5999755859375,971.0499877929688,972.5999755859375,5377241,396.68640238950724,400.1145564842314,396.39257256641207,399.4779052734375,5808131
2025-11-24,975.5499877929688,977.7000122070312,968.0499877929688,970.5999755859375,9901946,400.01659174313806,400.4083747930425,394.580530934278,395.2661437988281,11037491
2025-11-25,975.5499877929688,988.9500122070312,971.3499755859375,983.5999755859375,9140201,395.26615093538965,396.1966618504526,391.8869884414304,392.5726013183594,8199785
2025-11-26,986.5999755859375,999.0,982.1500244140625,983.9000244140625,13943490,392.7685066776832,395.6579627605675,392.71954500487413,394.04180908203125,11443953
2025-11-27,986.7000122070312,988.5499877929688,968.9000244140625,972.8499755859375,11909168,395.21719681053185,397.61691665344256,393.8459411393536,396.0007629394531,8679529
2025-11-28,976.7999877929688,983.0,973.0499877929688,979.0,8117842,396.0007438980914,396.68638664627787,394.23770524722676,395.9517822265625,6883500
2025-12-01,985.4500122070312,991.2000122070312,969.8499755859375,973.0999755859375,8808306,394.5315350586607,397.17612292608806,390.025985197311,395.9517822265625,13442658
2025-12-02,976.0,980.4500122070312,964.9000244140625,967.2999877929688,13444314,395.95179101910213,397.1761317458155,392.27876883896204,392.71954345703125,8093808
2025-12-03,970.4500122070312,972.5499877929688,947.5499877929688,951.0499877929688,14051968,393.45415715794644,393.94389346016385,390.66265425708065,392.2787780761719,10772192
2025-12-04,951.0499877929688,952.5499877929688,944.4500122070312,948.0999755859375,13622724,391.8869716290837,395.26613397807347,390.85850752111554,394.7763977050781,8057989
2025-12-05,948.8499755859375,973.2999877929688,946.7000122070312,971.5,17347847,394.7763988983853,397.0292036956514,393.7479646784384,396.6374206542969,4419747
2025-12-08,970.8499755859375,972.5,951.7000122070312,956.4000244140625,15386438,396.6374353457986,396.93126516491554,392.32773205787674,394.04180908203125,6056866
2025-12-09,954.7999877929688,964.0,950.4500122070312,959.3499755859375,9580294,393.7479852919042,396.19666679247575,391.78904009144696,392.8174743652344,9426717
2025-12-10,960.0999755859375,963.9500122070312,955.25,959.75,6989178,392.86645232636994,396.09869983875063,392.7684990915125,394.8743591308594,6969146
2025-12-11,962.0999755859375,966.5,958.4500122070312,963.25,5979035,394.8743542225189,395.70691187176226,392.86644744298803,394.6294860839844,6980147
2025-12-12,966.0,967.0,958.0,963.1500244140625,5681930,394.62950473294,395.7069305716336,391.6421252580969,391.8869934082031,12407516
2025-12-15,957.25,968.8499755859375,957.25,967.25,4416952,391.8869873292014,395.07027323120263,391.29929779983655,394.04180908203125,7756564
2025-12-16,966.0499877929688,969.0,958.0499877929688,961.1500244140625,4764786,393.16027238279855,397.4209839187486,392.81745101487064,393.4541320800781,12347384
2025-12-17,965.5499877929688,978.5,964.2999877929688,975.8499755859375,8013382,392.76851874327417,394.8254172136723,390.9075267523928,391.5931396484375,8087490
2025-12-18,977.9000244140625,981.4500122070312,973.5,977.5499877929688,4926879,391.7890335950218,393.69901709025,391.6421186856499,392.1808166503906,7227668
2025-12-19,979.9500122070312,982.0,977.0499877929688,980.2999877929688,5376584,392.0339082415041,394.38463650382647,392.0339082415041,392.8174743652344,10654835
2025-12-22,981.0999755859375,983.0,972.5499877929688,974.2999877929688,5959037,393.35619843948285,395.3641052941498,392.96441538139317,394.4336242675781,6847871
2025-12-23,976.2999877929688,977.5499877929688,970.7000122070312,971.9000244140625,5123287,394.2377112153877,400.50632971362984,393.5520684568217,398.9881591796875,10081997
2025-12-24,973.2000122070312,977.2999877929688,967.5,968.9500122070312,4105643,399.5758645628573,401.09403515706003,397.323059617528,398.2535705566406,5777430
2025-12-26,968.9500122070312,971.0,964.75,966.2999877929688,3286321,398.1556179415121,398.7922691629462,395.5600214903535,395.8538513183594,3152453
2025-12-29,966.9000244140625,968.9000244140625,961.4500122070312,965.0499877929688,5267233,395.80487169747335,396.4904845621106,393.2092753640043,394.3356628417969,6647710
2025-12-30,963.0,976.2000122070312,959.5,973.4500122070312,15030644,394.7274371230106,395.1682117263742,392.0828492850893,392.376708984375,12340527
2025-12-31,975.25,985.6500244140625,973.5,982.2000122070312,5807630,392.8664555965065,395.462051940615,392.62158745289,394.7274475097656,9945109
2026-01-01,983.2000122070312,987.6500244140625,980.3499755859375,984.75,4328348,394.4336191525785,394.4336191525785,355.2547160290497,356.381103515625,282626710
2026-01-02,984.5,1009.5,983.9500122070312,998.9500122070312,7357435,352.6101130575833,352.6101130575833,338.1628931475851,342.8643493652344,118790358
2026-01-05,1000.0,1015.5,1000.0,1005.5499877929688,11259060,343.0113122216596,346.68433442609853,338.9464770691755,342.5215759277344,48358124
2026-01-06,1007.9500122070312,1024.0,1004.9500122070312,1018.9000244140625,9575742,343.06028462397126,343.50105925874186,330.816876892923,335.42041015625,72582738
2026-01-07,1022.7000122070312,1022.7000122070312,1004.0,1007.1500244140625,7896720,335.9591026893029,337.4772732668689,332.33504210325714,334.2450256347656,29440734
2026-01-08,1006.5999755859375,1011.5999755859375,995.8499755859375,998.0,6854268,334.48988067886347,338.06494956001615,332.09016094008854,333.9021911621094,36706319
2026-01-09,996.0,1008.0,994.0,1000.5,7809460,333.9022093273418,334.0001625673181,329.20075271979715,330.22918701171875,35193201
2026-01-12,1008.0,1017.25,996.0,1015.1500244140625,7617922,331.306606816801,332.5309475663088,328.9068869913131,331.4535217285156,16156143
2026-01-13,1022.7999877929688,1029.5,1016.0,1028.449951171875,11016895,332.0412186059658,332.5309549165941,326.8500256697591,327.8294982910156,24922339
2026-01-14,1030.0,1030.4000244140625,1020.5,1028.3499755859375,7370514,329.1027892200336,329.1027892200336,326.6051460797269,327.8784484863281,14913422
2026-01-15,1028.3499755859375,1028.3499755859375,1028.3499755859375,1028.3499755859375,0,327.8784484863281,327.8784484863281,327.8784484863281,327.8784484863281,0
2026-01-16,1032.0,1047.449951171875,1028.4000244140625,1042.300048828125,11051580,330.5719932075216,330.5719932075216,321.805701727492,322.4423828125,30526898
2026-01-19,1035.0,1043.5999755859375,1034.0,1038.4000244140625,5460164,323.22593594715954,327.7804772481891,320.58134815114005,326.3602600097656,15507440
2026-01-20,1039.75,1052.0,1033.050048828125,1036.4000244140625,8905718,327.1928108616433,327.6335854891576,318.81833206792464,319.6018981933594,18771011
2026-01-21,1032.0,1040.5999755859375,1022.0,1028.6500244140625,7408949,319.3080504008492,322.54029785029536,317.6919266761261,318.0837097167969,14177965
2026-01-22,1035.0,1055.5,1034.050048828125,1048.3499755859375,12001641,319.4060118581559,321.9526465247838,314.4596574325432,318.1816711425781,18622852
2026-01-23,1051.9000244140625,1053.0,1025.5999755859375,1029.5,10917698,318.86727355776696,319.69983119529894,316.0758007306446,316.76141357421875,11950089
2026-01-27,1034.0999755859375,1055.0,1030.25,1053.1500244140625,14420630,316.95731824004827,318.034744006556,311.32535116493864,312.1089172363281,47847784
2026-01-28,1059.4000244140625,1065.5999755859375,1044.1500244140625,1063.5,12171257,313.38226801086364,317.0552902337236,312.7945784769798,314.5576171875,28400238
2026-01-29,1063.0,1075.0,1060.300048828125,1066.199951171875,14800724,315.97785732428986,315.97785732428986,311.52123919238704,312.0599670410156,17719420
2026-01-30,1064.0,1082.5,1060.4000244140625,1077.1500244140625,9480769,312.25583980702623,318.4754965339916,309.95410320661756,315.5370788574219,41975824
2026-02-02,1019.9000244140625,1031.300048828125,990.0,1028.699951171875,14434549,303.09778990932085,308.92563359629287,295.8007075190383,308.2400207519531,35227572
2026-02-03,1087.0,1089.800048828125,1040.300048828125,1064.199951171875,16129381,314.60661217674976,318.08372796245794,305.2036692056378,310.1499938964844,33168353
2026-02-04,1064.199951171875,1073.9000244140625,1056.300048828125,1068.199951171875,7312276,312.5,314.95001220703125,311.3500061035156,313.8500061035156,11196759
2026-02-05,1068.199951171875,1081.0,1067.5,1073.5,9551567,313.95001220703125,315.3500061035156,309.29998779296875,310.20001220703125,15816704
2026-02-06,1070.0,1073.5999755859375,1051.0,1066.4000244140625,7041557,310.0,327.70001220703125,308.29998779296875,325.79998779296875,68057745
