,ICICIBANK.NS,ICICIBANK.NS,ICICIBANK.NS,ICICIBANK.NS,ICICIBANK.NS,ITC.NS,ITC.NS,ITC.NS,ITC.NS,ITC.NS
,Open,High,Low,Close,Volume,Open,High,Low,Close,Volume
Date,,,,,,,,,,
2024-02-06,1007.0432159063025,1018.2102106949073,1000.3037097510473,1009.8472900390625,12886927,387.9648734146209,388.7584232256236,378.7066059872792,380.3819274902344,19487043
2024-02-07,1011.4215270569979,1014.9143245344969,996.6634308450767,1005.6658935546875,16410895,383.5561516187938,383.5561516187938,379.8528449472176,380.7345886230469,13376903
2024-02-08,1007.5844138284667,1011.6675111981591,969.3609680602832,973.3456420898438,20565502,384.0384650856425,384.12797657888825,365.77650329864366,371.1029052734375,50039587
2024-02-09,972.9028503266528,997.401313514954,969.6068995994941,994.4005126953125,12799837,367.11932249698526,379.74157904258544,365.77653649119355,371.953369140625,33527317
2024-02-12,994.1053827736114,995.8763423051639,969.3609508231015,980.0359497070312,8050066,373.7884809183948,374.1913251991492,363.49375120632266,364.20989990234375,11326971
2024-02-13,989.7762629977263,1010.4868382114652,984.1681747459204,1003.3536987304688,18706292,364.25467327388895,367.74593366409346,361.03197574005617,364.1203918457031,16207766
2024-02-14,993.2690157159769,1018.997259686499,991.3012696355923,1006.2069702148438,17878720,363.44906053827515,369.0440262056098,362.01673457435237,368.4173889160156,12618012
2024-02-15,1006.3545426117516,1010.0933083072188,990.3666052721892,1000.2545776367188,10069878,369.7154093192213,371.10296536010526,360.8977455956946,361.56915283203125,21169031
2024-02-16,1006.6989262673613,1009.650485394361,1000.5005380040549,1006.7481079101562,7159395,362.55384464630635,366.6269726665046,357.54074654679084,362.1957702636719,38963810
2024-02-19,1006.8464465307476,1029.1311947979043,1006.8464465307476,1026.91748046875,9388255,362.5538636156247,369.49161543120795,362.1957892142552,366.3584289550781,17602580
2024-02-20,1024.2611392299666,1035.6740431744663,1016.5868810060339,1031.8369140625,11293528,367.4326485808488,367.4326485808488,361.9271948494633,363.5385437011719,14626643
2024-02-21,1039.7571099701715,1046.8409480440782,1031.0989789005582,1034.9852294921875,15946325,364.3442216530248,367.1193336213837,359.24161197934507,361.0767822265625,20162369
2024-02-22,1038.969987954932,1048.808718901475,1023.5232284095382,1045.5618896484375,13432573,364.2547293541822,371.64009555619225,361.1663127730457,371.0134582519531,19321180
2024-02-23,1052.7440951810236,1052.7440951810236,1040.5932878224016,1044.1844482421875,13142759,372.3114390234385,372.3114390234385,367.477392438148,368.2830810546875,11576964
2024-02-26,1036.116738219057,1045.1684428055735,1033.5586921778424,1037.198974609375,7875941,368.0145200385987,369.7601503452562,364.6127709260232,366.31365966796875,8289561
2024-02-27,1033.8044994690943,1049.0052884655845,1029.6230394426907,1043.10205078125,10580973,367.0298119400418,369.49159101888046,365.73176749593637,368.05926513671875,8083518
2024-02-28,1045.8569952406344,1047.6771362637548,1025.3432672847086,1029.327880859375,7730332,368.0592248716431,369.133476258572,364.16514870796414,365.5079345703125,8949664
2024-02-29,1026.22885861961,1043.5941223069317,1021.7521880889905,1035.231201171875,20944844,366.1345972319124,367.9697389838581,362.10621099325186,363.7175598144531,15468800
2024-03-01,1037.986009477885,1072.3723226042753,1037.0021364831193,1069.37158203125,14909562,366.04508647727596,369.8496514216038,364.7918120169836,366.5821838378906,12873024
2024-03-04,1063.5667080999103,1077.3409300364494,1062.6811983836533,1074.733642578125,11424581,369.0439721519782,369.67060934978923,365.6422233108164,366.2240905761719,7103794
2024-03-05,1068.682790650156,1081.768349420518,1059.139270715041,1070.5030517578125,9222544,366.71646865030743,368.28307592576715,361.61385926389903,363.5832824707031,10108373
2024-03-06,1062.878109231162,1095.5918883060335,1062.878109231162,1079.4071044921875,21796484,363.89662847613386,366.98504483260456,358.7045074023188,365.1051330566406,11534613
2024-03-07,1077.2917746056637,1077.3410163000535,1065.2393294461426,1070.4046630859375,9963926,365.10509361639873,371.4609770186439,361.3452704706233,370.20770263671875,23907135
2024-03-11,1070.4046589090813,1070.4046589090813,1059.3853285611954,1061.3038330078125,13310362,373.11715357829127,374.4599396612226,365.2394317224076,366.4927062988281,18298683
2024-03-12,1059.6804892440682,1077.1442354316735,1038.625582496139,1059.483642578125,21785435,363.89660411866976,363.89660411866976,357.4959505214604,362.06146240234375,36226074
2024-03-13,1059.77885170946,1072.0772645081547,1055.8433596138777,1066.4691162109375,24855870,389.4096888737355,392.0952609994141,377.0112531117893,378.17498779296875,105525827
2024-03-14,1062.5828370894137,1079.4070413229927,1057.7127137934276,1066.124755859375,14231421,377.72738966516533,380.9053175233625,374.1913590552437,375.6684265136719,31949569
2024-03-15,1054.711808860948,1068.7319984843327,1052.744062948894,1062.9271240234375,66192734,373.47519557546644,383.6356443794862,371.7295653076996,375.1760559082031,76074975
2024-03-18,1057.7127049329833,1067.3054665763489,1042.9546100970365,1063.763427734375,8769440,375.08656109013026,376.60839849305466,373.2066493049854,373.6990051269531,16547358
2024-03-19,1061.0578145795118,1071.1917547663113,1057.9094689437209,1066.4691162109375,16708715,374.1913725840706,375.57892859039265,365.86606491745584,366.6269836425781,21803126
2024-03-20,1062.582825466805,1072.4215553322383,1050.2844131350132,1067.01025390625,18725251,367.02980631746095,372.9828459519357,366.62696200946334,372.1324157714844,20364534
2024-03-21,1074.3893386064215,1082.2603227720363,1061.7465943107402,1064.3538818359375,19992607,375.086545384835,377.77211732469914,372.57999644292715,377.1007385253906,19968509
2024-03-22,1063.7143347625467,1076.061869046459,1061.303773813482,1072.716796875,17214415,377.10074305597453,384.62036160072563,377.10074305597453,383.680419921875,40358503
2024-03-26,1063.5667354159368,1071.585324555275,1059.58200164128,1066.22314453125,13367635,380.9500748588195,384.2175424825222,380.9500748588195,382.8299865722656,10669833
2024-03-27,1066.223219242338,1074.8813504721743,1062.1402420015347,1066.2724609375,26907245,382.24811039415033,383.9489991957222,381.75575456584926,383.143310546875,12698464
2024-03-28,1067.5022626495677,1087.2289654055658,1067.5022626495677,1075.66845703125,22070566,383.1433017081666,387.84306693740666,382.24810157609323,383.4566345214844,29009002
2024-04-01,1078.3740966909645,1085.162724605495,1076.7998037410023,1081.916015625,10848191,384.12803010538937,386.1422233976248,381.12912513629533,381.9795837402344,9743648
2024-04-02,1076.7997448394613,1076.7997448394613,1061.844923446375,1063.763427734375,14380396,383.76991837937226,383.76991837937226,380.0996349174438,381.2186279296875,9194659
2024-04-03,1057.663530257279,1066.1740561722456,1054.9578793659232,1059.8280029296875,15477184,381.3528958145952,383.8594446123948,376.87692392461406,380.63671875,13152268
2024-04-04,1067.2562910312008,1068.2894057744195,1046.2997470246664,1061.451416015625,21419689,380.9500915414978,382.561440456257,375.89225185348187,378.44354248046875,19065447
2024-04-05,1052.7441775200211,1068.4861465296663,1050.235253168432,1065.9281005859375,15340637,378.21973637562843,386.4555320406198,375.9369803377719,382.740478515625,16768902
2024-04-08,1060.9594232885527,1074.1433454810406,1058.9425557038237,1069.6175537109375,8023461,383.4118724683771,386.18698442346965,382.9195166413107,384.1280212402344,8844633
2024-04-09,1074.3401972621416,1097.264488826385,1070.749156482513,1089.19677734375,12298463,385.3365412299807,386.2764829149658,380.9500805003139,381.6662292480469,6967273
2024-04-10,1093.0337202336968,1098.5435054120717,1087.3273285870816,1091.5087890625,10598000,383.4118639636001,391.9162226475416,381.1291078862097,391.1553039550781,14547618
2024-04-12,1085.703967727192,1093.9192841060571,1078.1281928847723,1086.5894775390625,12216657,389.4096847827078,390.08109199273235,383.411874944211,385.0232238769531,18785009
2024-04-15,1082.4570746408115,1088.3111913118553,1059.2376948297706,1060.95947265625,10526597,383.14327835057276,384.17275985826257,378.5777948380354,381.26336669921875,9083087
2024-04-16,1053.2852301148173,1057.2698434841036,1045.5617314093265,1049.8416748046875,11278092,378.89109926093727,382.2480782730736,378.84635769841657,381.26336669921875,10357752
2024-04-18,1056.6796031480021,1060.664336843005,1033.5093459321554,1038.4287109375,16564216,381.35292440864043,382.1585846561629,373.87804738734405,374.9522705078125,22133191
2024-04-19,1035.9690203029174,1054.7118488668307,1031.1972603055262,1050.0384521484375,11284433,374.19136796591687,381.5767338052428,372.4009960212404,380.23394775390625,17221280
2024-04-22,1061.4022313877736,1071.1424779233496,1053.0884325476727,1069.1256103515625,10346714,382.24809683901475,382.7852225858655,378.9806575358475,380.7262878417969,7386048
2024-04-23,1082.2603648639933,1082.2603648639933,1065.239312903183,1072.6676025390625,9848215,380.72626885904805,385.3812638619412,380.5472174952533,384.217529296875,12484384
2024-04-24,1074.6353155118281,1080.686158658188,1071.4377281688085,1079.062744140625,5461309,384.2623095810225,385.6498655834832,383.4118793527575,383.9490051269531,6070285
2024-04-25,1072.4215900322672,1107.4966871577883,1072.3723483406734,1095.78857421875,19905338,385.82891540742,392.36382269137283,384.0385150815419,391.69244384765625,30337038
2024-04-26,1094.2144193811591,1101.9377986819404,1084.9659888361693,1090.032958984375,14190059,393.2142129703609,396.83975482059645,390.6629225550479,393.8856201171875,15342965
2024-04-29,1090.1313056288498,1144.6870165205935,1090.032942347235,1141.4403076171875,28578063,395.67601031415643,396.07882622081183,389.0515639934862,392.2742614746094,12075706
2024-04-30,1141.2434493596547,1150.6887263324581,1128.2563736745785,1131.8475341796875,29568491,393.84088171444273,394.3332375377621,389.49919080754,389.9915466308594,12528665
2024-05-02,1124.5668940413143,1136.8653071432534,1114.9741318218018,1121.0740966796875,25118334,390.3048759623476,396.2131457894124,389.27539438775926,392.9904479980469,24123523
2024-05-03,1122.8942974020772,1138.734628603609,1117.1385442991193,1123.6322021484375,19933604,393.93039811859694,393.93039811859694,386.14218854115893,390.7076721191406,23786388
2024-05-06,1123.1403237344898,1139.767682131019,1119.7458896646774,1127.813720703125,14970524,392.0952475427761,394.2884921290817,387.93260805370363,389.1858825683594,10753860
2024-05-07,1129.4369636309043,1134.1596020771042,1108.1362092373274,1113.6458740234375,15097728,391.11052780582645,399.25681198237896,389.5886904450738,394.1989440917969,26969062
2024-05-08,1108.3822015675178,1113.7442614996105,1098.0515348309932,1104.889404296875,19913090,395.00464621540885,398.09306260698986,392.27430420837044,394.7808532714844,10916481
2024-05-09,1102.4790338657724,1110.6451084134283,1092.0991247743116,1097.7071533203125,12229853,393.9303849229235,395.2284008948065,378.98063186624165,380.5472106933594,24314298
2024-05-10,1099.9700317150034,1110.6942716080541,1094.1160353113987,1099.035400390625,8573656,381.8005259086496,390.6181892842415,381.8005259086496,387.9326171875,14524604
2024-05-13,1094.4604418124766,1112.4161255815404,1088.8522931770124,1109.808837890625,9707983,387.8430593472191,389.8125109477641,384.48608019612794,386.5898132324219,7584217
2024-05-14,1107.7427007496667,1109.7104468669584,1100.5112577889583,1102.47900390625,8944262,385.38127935657843,387.88782832259807,383.6356490674802,384.6651306152344,11423749
2024-05-15,1104.003936981434,1109.612085486358,1095.5426526828924,1106.2176513671875,10743423,385.60509663039625,387.84308286683984,382.02432432634987,382.96429443359375,7856433
2024-05-16,1114.7280745625576,1118.220871645328,1094.8538886172073,1112.8095703125,14265565,384.93367347333725,387.2611709473564,378.57778988889186,386.231689453125,23911954
2024-05-17,1112.8096108108375,1125.5507181902365,1102.528065843281,1112.2684326171875,8641784,387.08216474486596,391.64764839572535,383.9489785643487,390.57342529296875,11894830
2024-05-21,1104.1022778238569,1115.5153011731006,1098.2482812745363,1102.8724365234375,10452900,390.30487284063116,391.28958447059944,387.7983238293244,389.2306213378906,11175153
2024-05-22,1106.857133236162,1107.742642963088,1080.3909253188892,1093.1812744140625,17527411,391.51338645338825,395.63128444260855,389.7677560924288,393.796142578125,11036895
2024-05-23,1097.5596331640875,1118.6636621265907,1093.4765359706398,1116.2039794921875,13787687,395.13891666458176,398.2721029063194,390.79722586221516,395.0941467285156,27244733
2024-05-24,1111.7764420624583,1116.6958068503454,1106.0208092809664,1113.6949462890625,6312670,394.78083588666976,396.0788519270615,389.67822648183704,390.48388671875,13252938
2024-05-27,1113.6459433951586,1129.2895491082788,1103.4628812192523,1111.579833984375,11599857,392.8113936754333,392.900905170469,385.56031003732085,386.2764587402344,12282545
2024-05-28,1114.2361779831701,1116.8925870555686,1106.8571304468578,1108.775634765625,9311718,386.81362516359485,387.17169955273744,383.3671059718784,384.03851318359375,9668761
2024-05-29,1097.067741329381,1105.4306626270395,1080.7845935856149,1084.2281494140625,19268547,380.905302219086,387.08216305407205,380.905302219086,385.78411865234375,10832067
2024-05-30,1079.308747806472,1102.9217012680538,1079.2103845207203,1095.7393798828125,15255387,383.59092107640083,385.78413731361627,378.0854671434653,379.4282531738281,21314885
2024-05-31,1099.970086377496,1112.366862972861,1093.328943190512,1102.970947265625,26197718,382.02430017549347,384.53084914126174,379.7863140805311,381.7557373046875,29300711
2024-06-03,1151.1314549939386,1154.0830741093077,1117.974981638635,1141.292724609375,25699977,388.514477016602,389.3201656528504,383.725200249957,385.24700927734375,16116836
2024-06-04,1139.2266772303517,1140.70248686833,1036.5595441020037,1054.1707763671875,43476837,388.3822180405629,388.6557312027862,367.2764561221505,378.535888671875,47791986
2024-06-05,1067.5022525173526,1105.1353964425034,1034.0998107211954,1090.7708740234375,42172104,384.7353989949108,397.4991534256846,381.13421955458244,392.302490234375,28197030
2024-06-06,1099.9699641517404,1099.9699641517404,1078.9150588855664,1092.4925537109375,18574162,397.49917476941124,399.0490345527086,393.03186047876784,396.9521484375,32318523
2024-06-07,1092.4926581643756,1110.104009770429,1085.8022733872265,1103.6103515625,17197635,393.3053706719897,402.6502400373076,393.03185750810144,400.3710021972656,29543660
2024-06-10,1098.0022563128857,1114.9248236920885,1097.1167466019742,1105.676513671875,10851455,401.14593572253284,402.05763661284067,397.36240447731143,398.3196716308594,11872688
2024-06-11,1101.691799247928,1110.8418662508757,1093.0829104393374,1100.166748046875,12250002,398.4108722591482,399.1402214325666,394.0803145887873,394.7640686035156,13158571
2024-06-12,1102.9216850641683,1115.1217348604168,1094.0668276461688,1101.4951171875,16096514,392.5303996702627,396.04041761505835,392.2112913693166,394.1258544921875,10751658
2024-06-13,1104.1023123749185,1105.0861854460427,1087.1797435922592,1089.4918212890625,12494254,398.31966398522343,398.31966398522343,391.801059088471,392.302490234375,9641349
2024-06-14,1096.0345294527124,1096.0345294527124,1081.719129164698,1087.8192138671875,11377979,392.9406665240471,393.7611770597148,391.1628599867876,393.0774230957031,9572809
2024-06-18,1095.9853271941342,1116.7451444635597,1083.4409459075023,1104.7418212890625,18306176,394.7640665251691,395.8581191738071,390.38794261342787,390.8893737792969,14641141
2024-06-19,1109.75950368303,1146.75322461017,1107.9886043418487,1125.993408203125,34309514,392.0290022211883,392.71275624893684,385.6927197561344,386.23974609375,11329972
2024-06-20,1135.4387582520144,1141.2927549457575,1117.1878648628515,1138.1444091796875,15475933,386.6044066765355,388.8380493170652,384.2795737201941,385.9206237792969,15147549
2024-06-21,1144.7856018547059,1151.0331720647125,1132.0936147522461,1139.964599609375,69259425,387.47051347196447,387.74402663160475,381.5900672225091,382.54736328125,26176371
2024-06-24,1136.0290674652065,1156.6904019928488,1134.0613213197169,1151.2298583984375,12210295,382.9120368199867,386.5132163607238,382.9120368199867,385.9206237792969,9723008
2024-06-25,1151.3775003551193,1186.550963835312,1148.819454304172,1178.6307373046875,27309845,385.64711062040146,386.5588115186297,382.68411881899715,385.9206237792969,10655609
2024-06-26,1182.6154524579229,1203.1291823342124,1174.59686276576,1198.357421875,25403461,385.6470779268525,388.74685493918827,384.780972259955,386.51318359375,11511714
2024-06-27,1208.5404862113423,1215.0832662808862,1189.600929226802,1200.226806640625,20516632,386.5131947998345,389.52181048558475,383.9148777238095,388.01751708984375,38438054
2024-06-28,1207.2121725758393,1207.2121725758393,1177.0564410661386,1180.2540283203125,12507092,387.9263614555754,390.2055993306075,386.1029884921122,387.3793640136719,18554411
2024-07-01,1180.25407382428,1195.7500741919466,1172.8259044392062,1192.3065185546875,8636894,388.6557165788598,392.25689602791135,387.1513942432347,391.1628723144531,13391362
2024-07-02,1197.37356592243,1197.37356592243,1166.430804884834,1171.3992919921875,16153925,392.02896997249417,392.6215625266498,385.23682315339903,387.92633056640625,11177863
2024-07-03,1177.54840489326,1196.24199235147,1160.428990253299,1182.2218017578125,22330897,388.4733708395652,391.70987576739714,387.9263445272619,390.4790954589844,7435499
2024-07-04,1209.179986290108,1215.033982934888,1194.7171004020095,1213.115478515625,15275791,392.0289780327245,393.3965148981146,389.33947056442025,391.1628723144531,9478861
2024-07-05,1205.2444756355717,1222.5606171427328,1201.1613784936928,1213.509033203125,9535575,391.1172630223574,395.6757383384228,389.84088762231767,395.3566589355469,13427543
2024-07-08,1209.0816030717467,1219.5106332770943,1197.2751265898385,1215.1324462890625,6617190,396.72422041086423,405.29414529158566,395.3566835098957,404.42803955078125,21311436
2024-07-09,1215.0339475267522,1230.038011199292,1209.4751610015549,1228.1195068359375,13366874,408.07479488064865,414.8213465379182,404.79269491641344,412.6332702636719,27489709
2024-07-10,1232.5470372074883,1232.5470372074883,1216.4114942007566,1223.1510009765625,18226503,413.6361603295421,415.1404827339749,407.0719599600082,411.5848693847656,12065662
2024-07-11,1226.2501602309792,1237.5155787915146,1205.2937361837155,1218.4775390625,11307116,410.2629071737522,418.9240227196027,409.07769306817414,418.1490783691406,19556596
2024-07-12,1215.9687089511149,1232.6945505595163,1210.2621973028672,1213.01708984375,12208290,418.14905833228465,422.3428593192128,415.5963073929136,418.51373291015625,19693114
2024-07-15,1213.213848187686,1218.4775450466864,1204.309869041595,1210.1146240234375,15612671,418.5137615167691,425.2603139042144,416.82711619633983,422.4796447753906,16876907
2024-07-16,1210.1638079399554,1224.9219031587354,1209.1799349253702,1219.9041748046875,12320605,422.5251950379047,425.5338109620082,420.6562269340028,424.43975830078125,13497253
2024-07-18,1214.984806208363,1236.187197550179,1211.8363405098085,1230.136474609375,10999632,422.1149345797316,429.31732238979913,421.7958262702707,428.7247009277344,21907158
2024-07-19,1223.9381496090357,1230.333324828054,1220.2486254442174,1228.51318359375,7958817,429.40848412543824,437.0667368269077,427.94975694190003,432.6449890136719,25939326
2024-07-22,1220.002555200142,1225.2171302912695,1213.0170807189304,1221.134033203125,9958965,432.6905848326919,437.11230375842484,424.71325270358847,425.3514404296875,18762384
2024-07-23,1221.1341050565184,1228.5131532036169,1192.9461171142627,1206.96630859375,19369832,425.3514491191427,453.4772470105013,425.21469253973703,448.7364196777344,56125835
2024-07-24,1205.2444794873966,1213.7550053424823,1182.6646411572679,1203.2767333984375,20122521,452.2008718247006,465.55721919731405,447.3233168036432,450.4230651855469,43693692
2024-07-25,1186.0589540798987,1198.6033353860112,1171.3992217096722,1178.58154296875,14154461,446.7307164122864,452.20089316741996,441.853161161021,446.6851501464844,18567567
2024-07-26,1170.808877642708,1200.3250678353813,1166.824143926023,1187.7314453125,19309265,450.42308880903994,461.6825218161174,444.36031941248064,457.8534240722656,21534703
2024-07-29,1195.5532610278044,1222.708130922957,1184.7306583803272,1193.1427001953125,28458261,460.8619798639512,461.5001675935918,450.423058192173,452.2464599609375,12978187
2024-07-30,1193.4379877337221,1211.0000973333736,1184.976703679443,1189.9451904296875,23972277,452.4744082624718,453.84194523349976,445.4999379265304,446.6395568847656,13891052
2024-07-31,1199.341350948273,1204.9002581785046,1191.4703658723204,1195.3074951171875,22297629,448.9643640042543,453.97867557287424,447.1865573764219,451.6082763671875,11982586
2024-08-01,1192.946036063854,1202.9323712314479,1187.4363711753606,1190.584716796875,8725046,452.155294892808,452.88467297760064,447.59681911064166,450.10400390625,12114803
2024-08-02,1177.69611282763,1182.271146810082,1170.9073643473816,1177.25341796875,10735395,441.9898988909283,455.3462174298525,441.9898988909283,445.9101867675781,22141163
2024-08-05,1162.937883324056,1169.7266310287719,1148.1797883580148,1153.689453125,14306771,437.6593419676077,448.4629384481495,437.20347706841375,443.08392333984375,25022076
2024-08-06,1156.0508158159441,1168.5459553164283,1142.768529846995,1148.0322265625,13575619,443.31185723274336,448.28060277815945,441.3061325083515,443.3574523925781,14251363
2024-08-07,1159.9371674712932,1160.7735557051485,1142.8669928495083,1153.5419921875,15753644,446.730673221321,451.83617488506997,444.99846182580694,449.14666748046875,11320399
2024-08-08,1148.13068131111,1155.4606080648502,1140.210574811538,1145.818603515625,10806438,450.3774947823807,454.02426944874264,449.00992900000904,451.0612487792969,21349889
2024-08-09,1157.5758097480823,1161.9047548052447,1150.1475206629223,1152.70556640625,8687307,454.02427391323624,454.02427391323624,449.55695973352357,452.1097106933594,9556181
2024-08-12,1162.0336803927066,1169.228167312303,1147.1485350418181,1163.8199462890625,10860455,448.5541002742936,455.84764972526483,448.5541002742936,450.92449951171875,9425644
2024-08-13,1174.1402001247322,1180.143923785119,1154.6903013699869,1159.4039306640625,13117927,452.15529444292224,453.8875348865262,445.1352579261627,446.730712890625,8056478
2024-08-14,1158.0642597488902,1161.090954297597,1144.1714580038308,1152.7552490234375,13431801,448.5085016768149,454.93597422607183,446.6395336172972,448.7364196777344,9609981
2024-08-16,1161.0412636212889,1183.8651517095705,1156.7245959708455,1178.1591796875,10961370,450.833335370804,459.67677341741495,449.1466901515516,458.2636413574219,13643352
2024-08-19,1181.8804727263328,1186.5941018157116,1164.3160506791048,1166.8961181640625,6686394,460.1782036565068,464.32640951224664,455.4829714833437,457.16961669921875,10591508
2024-08-20,1165.2091443736933,1180.6897926432184,1161.041352076898,1170.4189453125,10427061,456.7593562708698,458.9474326908904,453.7507692522604,454.7536315917969,6888634
2024-08-21,1167.9876876109618,1169.625077755297,1156.178781920312,1165.8541259765625,17234142,455.8476340497613,464.0529130177818,454.9815283328472,460.77081298828125,8801221
2024-08-22,1172.9494391539793,1183.468250844818,1167.5907626667606,1181.979736328125,8564142,463.0044670797505,463.5970596598946,457.16961601684477,459.9958801269531,8686423
2024-08-23,1183.8651886303296,1195.7733045260243,1179.449310773257,1194.2847900390625,7518309,460.45171515256504,462.18392662579055,455.80207815406663,461.135498046875,8195369
2024-08-26,1196.3191076607097,1205.647034605679,1191.8535643266057,1204.009765625,10920226,461.31782468341106,463.1412264870548,457.67104997039354,461.0443115234375,8126402
2024-08-27,1204.0098351320562,1223.0627726699063,1199.6435016150756,1216.9598388671875,16295325,462.73096622811397,462.7765613871338,455.84765750673535,456.3946838378906,8260450
2024-08-28,1213.2882407138438,1217.009527109644,1207.9792296829603,1214.47900390625,12291305,456.2123437617104,457.94458422323976,452.65675920109425,453.3861083984375,8081932
2024-08-29,1209.6164607584685,1225.5436144859966,1207.681440347739,1212.5439453125,10806748,454.0242455191415,462.86768300960847,453.43162407992503,460.4972839355469,19389694
2024-08-30,1220.5818867193016,1226.0894388087463,1209.5669036760319,1219.7879638671875,21211148,457.6254612839912,464.1896905333773,456.0300063539427,457.57989501953125,15523349
2024-09-02,1229.5129791826912,1229.7113993287953,1213.1393196536237,1220.5322265625,12516759,459.49445011058486,467.6085389871661,458.8562623710469,465.01019287109375,16497266
2024-09-03,1217.8033299887798,1241.371477184039,1211.055469999512,1238.1463623046875,19114907,465.0101951235504,470.3892102248928,463.0500656317912,464.4176025390625,12481552
2024-09-04,1230.3565014424944,1234.176997942738,1223.3605556490777,1226.88330078125,13505843,455.8476174113433,465.0101631809234,455.80205115060204,461.63690185546875,8739052
2024-09-05,1228.5206798050983,1235.3182053814185,1221.8720299114532,1226.486328125,9142811,463.4603086443522,466.6968425307686,462.27512346983656,466.05865478515625,11318636
2024-09-06,1216.5628019074484,1224.4520011114125,1195.7732653744783,1198.899169921875,10170479,466.78798605768634,466.78798605768634,453.2493162323431,457.39752197265625,14245025
2024-09-09,1193.6893937018356,1228.8183593866072,1191.2580807218426,1225.5435791015625,13863250,457.67105577087847,467.38059970737794,456.16676226622855,466.5600891113281,14265060
2024-09-10,1227.4786328440832,1231.844966297702,1217.6048683884173,1227.8260498046875,15545130,466.69687637152293,469.52311182622276,463.8250168608902,468.24676513671875,11332248
2024-09-11,1222.0704612349368,1229.8107854485313,1217.009535927106,1226.88330078125,11993242,467.69970063527967,473.6257131371341,466.7424045783741,468.93048095703125,15497555
2024-09-12,1228.520699503871,1247.3752175091806,1216.9598787103319,1242.5623779296875,15376442,469.6142829762266,474.5374333579599,463.6426750732821,473.625732421875,19085324
2024-09-13,1242.4133910945052,1246.333097348584,1232.5396270556282,1240.7760009765625,9877288,473.6257080193676,474.0815440167886,466.7879946924352,468.4746398925781,9165077
2024-09-16,1241.4210578615323,1255.9092410243197,1235.169248684242,1253.1802978515625,8973335,470.34362273274417,471.3464850740398,464.69112327323506,465.9674987792969,7821668
2024-09-17,1250.302517024621,1262.508384404533,1248.7644580527592,1258.39013671875,11513121,465.9219171896321,468.20115510336865,461.545764214466,462.913330078125,10889862
2024-09-18,1252.3368930345305,1285.4315085718288,1252.3368930345305,1278.485107421875,12466597,463.0044794093549,467.15268536936793,460.4973235485926,462.5486145019531,5638729
2024-09-19,1278.4851014958492,1290.0459218689532,1275.5080724453824,1282.107177734375,13172268,464.96459551918156,469.34074825372676,462.685357730768,463.369140625,14461616
2024-09-20,1285.0841618950908,1351.9184375163336,1281.6606270608918,1328.201416015625,73257767,466.78799784894,471.6655817468218,463.14122316210313,468.97607421875,24725118
2024-09-23,1320.80849505564,1321.60241788708,1298.4807781970735,1311.7781982421875,11380409,469.93336635185545,473.580141232498,468.2467499449426,471.3009033203125,8105508
2024-09-24,1310.8850653274296,1321.2054564579635,1305.377513381459,1308.50341796875,13886037,471.3464925584321,472.0758417465427,468.7481752404364,469.75103759765625,7015487
2024-09-25,1300.7135877579847,1317.583418764573,1300.0685405806087,1313.7132568359375,8728019,469.978932353214,473.44338416672934,467.061506850851,471.847900390625,8802667
2024-09-26,1309.892782398436,1323.1405374478413,1306.8165432729581,1318.87353515625,11100869,471.93904887084426,477.50041546177516,471.3464563128574,476.5887145996094,16086557
2024-09-27,1322.793216287465,1322.793216287465,1293.8663936696585,1296.5953369140625,17117379,474.30950915137026,481.83097676370437,474.30950915137026,476.54315185546875,17916386
2024-09-30,1282.2064133181361,1286.870498271365,1261.168789397214,1263.252685546875,12622212,474.6285705979751,478.047427263378,468.6569629993216,472.3949279785156,10936940
2024-10-01,1260.0772141126831,1270.4471502080723,1257.8939867892805,1264.6419677734375,10972413,472.3949331059205,473.85363142974245,468.6114018224536,470.61712646484375,5285319
2024-10-03,1244.0011592918727,1256.0581509565811,1238.5929384016897,1246.7301025390625,17648551,463.6426448944806,470.161249819359,463.2323751658065,467.4717712402344,16481353
2024-10-04,1237.5508987809962,1254.7184806872842,1226.734336136113,1230.2572021484375,13488887,464.9646155648812,471.6656015344404,457.260796130997,459.0841979980469,18930962
2024-10-07,1232.0434743858432,1253.2795172340534,1215.6201496244253,1224.4520263671875,20667247,462.2295469719965,469.47753046957075,462.00162895956305,465.14697265625,17114457
2024-10-08,1231.4976811477177,1238.245662101406,1220.3338222332038,1227.13134765625,12219259,464.964610200732,467.28944322025905,461.317835402975,463.09564208984375,9868331
2024-10-09,1233.5319821121263,1255.4130720043904,1223.2115909568488,1234.62353515625,14765997,464.7822693286866,464.7822693286866,447.2321211477684,448.28057861328125,24874940
2024-10-10,1237.2036303622588,1245.0927087268437,1228.520629146562,1233.978515625,9118195,451.6083186682918,451.88183185115764,446.2293031233235,448.5997314453125,13292273
2024-10-11,1227.528300150437,1231.299252032795,1212.6431550394777,1213.635498046875,8472512,449.4658135509857,450.3319193215231,444.3603114582125,445.08966064453125,14949380
2024-10-14,1211.6507942721546,1228.4214150784755,1208.0783837250117,1222.3184814453125,11833929,447.6423744907658,454.9359524306525,445.49989337508043,453.06695556640625,6970606
2024-10-15,1229.4632721003522,1248.6652054451272,1225.9405272443164,1245.8865966796875,11657338,454.0242951345452,455.3006706741215,450.8333562856044,454.5257263183594,8347216
2024-10-16,1238.9402364127245,1245.340800313192,1232.0930454805564,1233.6312255859375,7869727,452.2008833474638,454.79922952979206,448.87318798542856,449.64813232421875,6939430
2024-10-17,1239.8829828601924,1247.3255557801638,1215.024861988864,1221.8223876953125,8459497,451.28915139858844,451.28915139858844,444.9073031735123,445.7278137207031,7669729
2024-10-18,1218.547563181441,1259.1840825393742,1215.8682854811916,1254.8177490234375,11018126,445.5910749882809,448.1438259382292,436.1550443992969,443.72210693359375,22616838
2024-10-21,1254.8177669815936,1262.607635574402,1240.9746301061532,1249.4095458984375,7742775,443.72210571019014,444.54264518224113,435.1977471460307,440.9414367675781,7680088
2024-10-22,1256.9016668439735,1275.0615928812024,1250.1041412654479,1257.7947998046875,20090801,440.94143646609285,445.27199403454927,438.34309036731116,439.2547912597656,12772970
2024-10-23,1251.3445279562577,1258.2412633793258,1233.5320194899548,1242.0164794921875,14055447,438.5254539217694,440.62234002608295,437.15791699336745,437.932861328125,10553961
2024-10-24,1240.6768573006573,1250.7987076222266,1231.547349996325,1243.15771484375,12223031,439.43712529179584,439.8017998552316,428.49677281164986,430.0466613769531,13596626
2024-10-25,1237.6998715609657,1259.184122863092,1224.7497462785968,1245.8370361328125,13546055,433.78462139783363,449.92163786751,432.3259230631333,439.7106628417969,32154050
2024-10-28,1275.6569864282283,1297.7862848220739,1270.794481272672,1282.95068359375,24096412,439.3915531808061,442.9927616367931,433.96697181201,441.39727783203125,8946214
2024-10-29,1291.3855165608227,1325.1251779791885,1289.3016205238707,1321.6519775390625,20656117,442.1722173304157,446.00134374693727,438.7989558078247,444.8617248535156,7131161
2024-10-30,1313.8621457191011,1320.7093367177222,1295.6030101013187,1302.1029052734375,15055031,444.861729212034,449.6937179905663,443.5397585692342,448.1438293457031,6640080
2024-10-31,1297.2403694104125,1308.8507339009743,1278.6836040126998,1282.355224609375,23497314,448.55411388015784,449.46581481275115,441.89872307707066,445.6366882324219,8111694
2024-11-01,1280.0727600114117,1286.2749035463628,1276.4011394929669,1281.90869140625,1007022,447.6423991695266,448.6452614962307,446.09251052124927,447.00421142578125,1517892
2024-11-04,1280.221658871375,1281.908714624808,1260.3252547322475,1267.42041015625,14309121,449.87601899719573,449.87601899719573,437.2034550817817,441.8075256347656,8754385
2024-11-05,1263.2526375453915,1291.3359928673021,1253.4284176295798,1286.7711181640625,16431920,440.30326795355165,442.21783124301106,434.8330912542778,437.7961120605469,7610046
2024-11-06,1290.2940335374446,1304.9310933295442,1282.8017951557133,1292.3779296875,12037405,437.79609708104795,441.6252235289505,435.79037243527137,438.6166076660156,11749720
2024-11-07,1287.2177364325325,1292.824498565034,1265.4854006783698,1268.908935546875,9909035,439.20920454261847,440.0753102371216,434.0581077425567,435.69915771484375,9267980
2024-11-08,1260.2755859661174,1265.2373008714958,1243.108003939261,1249.2109375,11195808,435.6991809205033,438.2519318787487,432.69059396011545,435.8359375,6325023
2024-11-11,1252.3369021242906,1266.1304944492979,1237.1044608620273,1259.5810546875,8387780,435.83593115318143,438.9812746472622,432.2347516635963,434.83306884765625,5700343
2024-11-12,1266.3785236970411,1285.084164724792,1254.817703702316,1260.8709716796875,13486168,435.42568073005793,435.7447601410333,429.5452347095868,431.0951232910156,5236095
2024-11-13,1260.8709623351128,1266.477724382224,1240.4287212362626,1244.100341796875,12260404,428.54240340663677,432.7817708396454,426.9013532883317,430.5025329589844,11548660
2024-11-14,1244.149990424334,1257.993126310203,1233.5319691696748,1247.325439453125,9506892,429.59086608166643,431.1863210595827,421.4311816574202,424.804443359375,12087836
2024-11-18,1250.3521900785158,1252.9322576721884,1239.8333784208526,1243.852294921875,6195554,424.85000928020037,426.4910593052737,421.2032346571783,425.3514404296875,8448573
2024-11-19,1247.4248442373848,1251.3445507199667,1231.3488145998942,1239.53564453125,11537317,426.67340147942747,431.9156308531127,425.0779177527912,426.0807800292969,7121472
2024-11-21,1238.9899233393824,1247.2759633109613,1223.1124350544421,1240.974609375,9593870,420.2915427797919,423.0722117400087,415.1860408616483,416.7815246582031,20313155
2024-11-22,1248.3675121917486,1271.588362957257,1246.3828261628269,1268.2640380859375,11604338,415.9153768353446,434.4227918075198,415.27718911581206,432.7361755371094,20214206
2024-11-25,1286.0765977985961,1301.160163762971,1280.1225394754547,1290.9886474609375,22717581,436.7020748832458,439.61950063345034,430.684900526477,434.69635009765625,14427013
2024-11-26,1300.5647702425501,1304.1868465830694,1292.4771502005863,1294.9580078125,7646955,437.6137665685303,440.0297610711077,432.2347801116228,434.8786926269531,6791715
2024-11-27,1288.5573723920809,1300.812784090288,1287.9123252215186,1290.740478515625,21938082,435.3345000004188,437.70492808099607,431.2318893580711,434.83306884765625,7339184
2024-11-28,1291.0878806767676,1300.4654733696732,1272.4814498292426,1276.5003662109375,22803745,434.8786745654213,441.0782002838839,428.9982282727063,432.964111328125,14967609
2024-11-29,1273.275310189296,1293.2710463550777,1273.275310189296,1290.1451416015625,11397228,431.4141926563706,436.6108556833616,430.867166371129,434.6507263183594,8668142
2024-12-02,1289.946649219065,1300.5151260626694,1279.2789623057151,1294.6602783203125,9626400,433.966980868156,436.9755679077777,431.5965815849029,435.0610046386719,5689595
2024-12-03,1293.9655928118616,1302.747925178162,1286.1757245707627,1298.381591796875,11509276,424.85001711458597,431.5965690728606,421.886996425715,430.8216247558594,23073942
2024-12-04,1292.625936747851,1309.8927287632168,1291.7328038420255,1305.9730224609375,11570281,432.50829621423856,435.97271937779976,425.2147174968439,425.8529052734375,13957078
2024-12-05,1306.171532833215,1332.6174992065928,1298.5800843127004,1326.2664794921875,19210697,426.26315497287504,431.0039534664892,421.6590841659863,426.2175598144531,27432375
2024-12-06,1332.2205223736623,1336.7852761002946,1316.5414539912906,1318.5758056640625,8942672,428.49680007286037,433.009709482812,426.3999139761327,429.5452575683594,7842234
2024-12-09,1311.9766296210685,1318.8734860133875,1310.1408193352056,1312.1751708984375,8000764,429.86430754264455,430.3201724154078,422.0693273870647,423.8927001953125,12154116
2024-12-10,1308.9004164217674,1321.8008754160685,1305.1791301734115,1320.2626953125,8218214,424.2574408700793,425.26030322616083,421.75025608560446,424.3486022949219,9163636
2024-12-11,1314.5567183054773,1321.0566133833202,1305.9233826947975,1317.3353271484375,8138066,425.94403586168113,426.8557367471317,423.6647980951895,424.1662292480469,7005617
2024-12-12,1311.4309069614158,1328.4991576758143,1311.4309069614158,1319.0718994140625,9076896,424.3941941854832,426.5822417304775,418.6049092085582,419.9268798828125,13380617
2024-12-13,1315.201818050664,1336.8349446817394,1303.4425773055236,1334.6021728515625,13536684,419.3798443995844,432.508273854474,411.76718663458706,428.4967956542969,32976794
2024-12-16,1334.6020835708346,1340.1095143687996,1329.7892443970975,1335.7928466796875,9071006,428.72473876610616,432.50829918536283,426.67344772907313,428.5879821777344,9354160
2024-12-17,1331.7243053318298,1337.7775734016686,1315.8964829440192,1323.5374755859375,9879257,428.4967565200235,433.78458083019905,422.16047482091517,428.08648681640625,20608409
2024-12-18,1315.1026301384318,1324.728309292061,1297.4388753521955,1304.087646484375,8510595,430.9584225808034,431.96128499425197,425.6705684348433,428.95269775390625,12841386
2024-12-19,1276.1531316977298,1293.0229631431896,1274.614951552865,1277.0462646484375,11517304,427.58508302389953,432.4626668364285,424.2118215541013,425.3514404296875,15161531
2024-12-20,1274.1187908536028,1287.8131731856893,1262.657301485049,1278.5347900390625,58491181,425.3058791172928,426.17201380284894,418.74167849464,423.6192626953125,20231570
2024-12-23,1284.736921667357,1296.992333800165,1277.1951389037538,1286.8704833984375,6827512,429.590821673927,435.5168338433801,426.3086928429072,432.3714904785156,19562956
2024-12-24,1286.8705106850512,1294.5115036860577,1280.3706152786017,1287.3170166015625,7138516,432.96411751939024,437.84167265770424,430.9127976719345,436.20062255859375,12009880
2024-12-26,1296.9922716557783,1302.6982437766815,1279.3285182011693,1287.4161376953125,7338444,438.1151689192422,439.30038295953085,433.96696311963626,434.83306884765625,9188830
2024-12-27,1288.6071205266592,1305.8737927483876,1288.6071205266592,1297.5382080078125,4756066,437.38582931183106,439.3459877026604,433.96697258814555,436.3373718261719,16906420
2024-12-30,1294.957999087405,1316.343040012265,1279.576681997175,1284.7369384765625,14207425,438.2975495010603,438.93573727333114,433.96699168167027,434.8786926269531,13578360
2024-12-31,1277.0462265132433,1280.0727999714104,1270.2982456823183,1271.83642578125,8449607,436.20060946013535,441.853137660656,432.6449962031207,440.9414367675781,13787501
2025-01-01,1271.8364809130148,1283.0995501851953,1257.3978412327829,1273.8211669921875,4705399,443.08390329032954,443.85884757904995,439.5738853072878,441.2149353027344,18931186
2025-01-02,1275.26000882058,1283.4965044573805,1268.6113589467466,1280.7178955078125,7433222,442.491362222012,446.73072983094727,439.71069304798334,445.8646240234375,27131131
2025-01-03,1276.3514823434055,1278.1377481475479,1252.5849166143184,1255.363525390625,11194997,446.9586213713376,447.6424042811121,437.47699542332975,439.0724792480469,38500784
2025-01-06,1258.3406039432266,1267.9662826986646,1247.3751652140256,1254.4207763671875,7504047,431.36547703293587,437.18833703154587,417.77878443999913,419.10430908203125,22009958
2025-01-07,1256.8024602237333,1279.0805130186131,1256.8024602237333,1269.454833984375,7539758,421.8027268642203,423.7910283252627,416.7373011331246,417.63677978515625,14294780
2025-01-08,1270.7448974492877,1275.1607754157394,1242.7607517198803,1254.073486328125,7566309,419.43569096537107,428.0042866384456,413.84953291421215,425.63726806640625,13482926
2025-01-09,1248.3675530849682,1255.0658686519982,1238.543332692866,1252.73388671875,8684920,425.4952737464954,436.1468578467629,422.32346292445044,426.1580505371094,19732649
2025-01-10,1249.359870144571,1255.264262696962,1233.5815917988612,1240.2799072265625,7854524,426.01601399088287,427.95695766150703,418.96228709118776,421.234619140625,9145729
2025-01-13,1225.4444532249365,1234.4250851207983,1215.5210227528514,1220.3338623046875,9669336,411.8612119173213,420.3824783707832,411.8612119173213,415.6957702636719,17799607
2025-01-14,1223.9062438907645,1235.3181886617992,1218.0513958245872,1230.8031005859375,10342698,417.54210688295797,418.0155106322584,412.66605404401815,413.37615966796875,18048459
2025-01-15,1224.551219155373,1234.8716102214069,1220.5818472942535,1228.7686767578125,5355382,413.37613709061446,418.2995184778754,412.19262778200317,414.08624267578125,9786805
2025-01-16,1235.56627244332,1245.8866640990627,1230.1580514277643,1239.53564453125,11895924,414.74900410675934,416.0745576911416,408.1687094723871,409.82562255859375,15774070
2025-01-17,1233.8296138721637,1239.4363759086416,1208.6737436803246,1216.066650390625,9790533,409.96764249427747,418.2995368348359,409.4942387500577,416.78466796875,11270061
2025-01-20,1214.5286456993424,1232.2419443689244,1205.944854354206,1223.50927734375,7676418,415.6484405775987,417.7314283751026,412.8080184324215,414.4176025390625,8742771
2025-01-21,1227.4786100806577,1229.4632960558952,1183.567432878532,1186.9910888671875,20520898,414.7016791747707,423.22294655507415,412.0979585863446,414.2756042480469,15686500
2025-01-22,1191.8038937223043,1198.2541229556057,1182.6743869540314,1191.258056640625,10377123,416.50058809880306,418.4415606921262,413.32877738816876,413.7548522949219,9619648
2025-01-23,1188.0826742078204,1198.6511515402387,1176.9188152937772,1192.5482177734375,8770650,411.8612574711563,418.3468945458208,411.00913651041515,416.78466796875,8888248
2025-01-24,1193.8878937592276,1208.6738293636251,1192.7963406363526,1199.941162109375,9216792,416.0272109109435,421.3293387049614,415.6958225061414,418.1101989746094,9665384
2025-01-27,1185.8499521739243,1225.1963785798748,1183.9644761399952,1218.547607421875,16164687,417.3526892479191,421.3292918750087,413.3287578086634,416.68994140625,10480203
2025-01-28,1237.7990449684048,1254.3215805212242,1226.535975889425,1237.3525390625,18066499,416.5952545780571,418.2994963345326,411.3878138958314,412.28729248046875,20813072
2025-01-29,1242.4134579383835,1246.1844098592185,1233.5320363858045,1242.066162109375,7666777,412.76071636128813,414.2282563403287,407.221887040512,410.29901123046875,15158510
2025-01-30,1240.428743300886,1250.203297570973,1230.0091418571585,1245.98583984375,11921041,409.9676410136649,414.701678438765,408.50010096959244,412.9974365234375,22496695
2025-01-31,1244.8943321590757,1246.3828467053002,1229.6122252573796,1243.2073974609375,10195417,413.2814379814617,424.3590963304251,411.9559133750371,423.6963195800781,13546181
2025-02-01,1241.5699459496786,1251.6917959101459,1224.3528194419691,1245.936279296875,3011914,424.16973355524414,446.41970841807506,416.16919912132676,437.9457702636719,30393007
2025-02-03,1237.3028281264465,1250.3521626222068,1228.3221967826344,1243.40576171875,6176831,437.4250476268326,440.4548430642073,428.24100368388565,430.1819763183594,16991730
2025-02-04,1253.1308244391428,1270.6952475836679,1250.3522155059911,1258.4893798828125,14839077,433.6377990198034,435.86280223904276,424.8798303714777,430.93939208984375,18923681
2025-02-05,1260.4740215455731,1267.966259598702,1255.462762111137,1257.9931640625,6840709,430.9393889625346,431.6021657104411,422.7495106053608,424.3117370605469,12836283
2025-02-06,1265.2372940723083,1269.2066659752802,1253.5275985042942,1262.6572265625,8396554,426.06336046890937,426.06336046890937,414.8910439076552,417.63677978515625,17469129
2025-02-07,1262.2603567708522,1265.2373859141799,1239.9823038025354,1247.2760009765625,7382039,416.5952582972785,421.8026990259945,405.6122866178601,407.9319763183594,18875982
2025-02-10,1247.5735745348811,1255.3138984101563,1239.7837061908433,1252.9322509765625,5740361,404.2867622150675,410.25163731299205,403.8133585122395,404.47613525390625,12227140
2025-02-11,1246.2339539700604,1252.188012073483,1238.8410469458931,1243.15771484375,6586627,405.9910391677168,407.64795227119043,395.2921261144242,396.049560546875,14288751
2025-02-12,1247.5735208959845,1260.0274734986122,1235.119689428972,1242.2149658203125,8809352,397.34792371808146,397.97305679084684,392.01021063862936,394.22222900390625,13884574
2025-02-13,1242.9592342670746,1256.3061987457909,1236.3601292961446,1239.337158203125,7263785,394.27031475204564,398.1173234410263,393.35663844827394,394.0298767089844,12989029
2025-02-14,1242.5126718509223,1253.8254065127483,1234.9212235163006,1250.451416015625,10368438,396.0014661827297,400.2812751894459,392.77959046029304,394.558837890625,14124236
2025-02-17,1241.5699462890625,1248.5163471638045,1223.8069826822411,1241.5699462890625,8386151,394.12603937418936,395.6648487625189,391.1927069076455,392.9719543457031,11975265
2025-02-18,1243.3065364897366,1247.9705000138076,1227.5779245772142,1233.531982421875,8135042,392.39491018757707,395.1359099155748,388.54790126416947,389.7500915527344,12998403
2025-02-19,1225.3947820253827,1254.7681118615644,1220.8300282561831,1251.9896240234375,10683412,389.3172697473528,393.1642784577035,389.02875583421536,390.8560791015625,7079032
2025-02-20,1245.7378271028595,1254.3216187366877,1237.203701075922,1240.379150390625,8398849,384.65279872265523,388.45170224904115,381.0462280233567,386.6724548339844,15355585
2025-02-21,1231.5968971791747,1235.1693078219741,1215.173692889092,1223.50927734375,7786428,386.6724764914858,387.8265909200422,383.93150608677536,385.56646728515625,8240986
2025-02-24,1217.3071583182455,1222.467414805944,1200.9831637697991,1209.0211181640625,11522480,384.700874956215,387.97082652327333,383.4986847219768,386.5281982421875,7037625
2025-02-25,1217.2079253456668,1222.2193060560244,1211.6508286551266,1214.7767333984375,11059417,386.62438730224534,391.43314833834296,385.1817589914161,389.3653869628906,15760891
2025-02-27,1215.769120615194,1225.3947998146707,1209.1203494513463,1213.0897216796875,12008162,389.3654104380863,390.9522958056036,384.2200299491726,386.2397155761719,19051003
2025-02-28,1206.6891556122284,1215.620243112648,1190.9108768010287,1194.8802490234375,20215075,383.73912917511376,387.10526188717614,377.1992259318174,379.8921203613281,31954776
2025-03-03,1201.2312348006667,1207.6814644794808,1194.929880803104,1196.964111328125,8158881,380.8057848257319,383.7391172146777,376.23746200174764,382.2484130859375,10702826
2025-03-04,1197.9068433475454,1207.334101585249,1197.0137104452713,1201.1319580078125,9574490,380.2768157418011,382.00798731989397,377.82435936077115,379.74786376953125,13404774
2025-03-05,1207.6814517983407,1216.5628733470458,1202.0251450551775,1206.391357421875,9052846,379.4112349821189,396.9632122658291,379.4112349821189,389.5577087402344,15665018
2025-03-06,1218.5476101118768,1218.5476101118768,1199.7427576093883,1208.7235107421875,11949475,393.5009194323491,394.0299007695933,385.22984437591543,390.1828918457031,17869996
2025-03-07,1201.8265880949464,1208.5249033729367,1197.0634143564148,1205.250244140625,6620284,388.11510203965406,390.3271497866334,386.33588388818345,388.45172119140625,11180761
2025-03-10,1198.7503263397664,1216.4140799337886,1198.7503263397664,1205.5478515625,7363437,385.7107105996322,391.2888910064267,385.0855775356017,389.5096435546875,9785018
2025-03-11,1207.8798680000234,1238.4440812807522,1207.8798680000234,1235.864013671875,10927950,386.1435403860541,392.77962524740065,385.8550264422196,390.6637878417969,11099475
2025-03-12,1237.4020778822246,1242.3637929723905,1225.8413786306357,1234.425048828125,11548372,390.85607392496263,397.4921579923581,388.547874599392,396.6265869140625,13844306
2025-03-13,1241.4707365370484,1245.9858244254206,1235.7647643884725,1240.4783935546875,8132940,397.2036849356402,398.55013223484355,392.5872858097,396.2900085449219,8196569
2025-03-17,1247.4248742515454,1264.1953748180651,1245.1424367918191,1259.2833251953125,11164812,397.20363838043716,400.32933287132437,391.43312547418384,392.3468017578125,5257805
2025-03-18,1259.2833251953125,1259.2833251953125,1259.2833251953125,1259.2833251953125,0,394.31842149451984,396.1938501173774,392.1544789375377,393.4528503417969,13861897
2025-03-19,1295.6029599370165,1308.2057883620175,1292.1794251380722,1303.0455322265625,11278014,394.3184059049263,395.0397200620695,387.20144542451675,387.63421630859375,12830387
2025-03-20,1309.8927772461004,1314.1102350516276,1301.0113557334153,1311.5797119140625,10886735,389.50964497469676,391.0965302508203,386.5282072542035,388.49981689453125,16994037
2025-03-21,1305.923445707521,1338.6707661545943,1301.5571120874529,1332.81591796875,60494318,390.4233291082126,391.9140333230442,386.3358821349048,390.0386047363281,25302035
2025-03-24,1345.5675050388625,1362.4870024308004,1334.7510627437973,1347.750732421875,9352280,391.4331323758087,397.05938842867533,390.08668521067875,395.1839599609375,14362572
2025-03-25,1348.5941513991709,1353.3574463042776,1319.8658696966822,1333.4112548828125,16419207,396.2419041658655,399.36759879824183,393.06813366389935,394.12603759765625,20338110
2025-03-26,1333.7586400786652,1347.6017762925185,1321.304687138062,1325.6710205078125,10859639,394.60692684899476,395.47252733324694,390.71184207125464,391.769775390625,13891436
2025-03-27,1322.9420827344788,1341.1515523929718,1322.9420827344788,1326.415283203125,15109614,392.3948763562974,394.99161889585264,390.1347529385877,393.7894287109375,18642328
2025-03-28,1325.7702231722565,1347.5521031600986,1317.0375564815454,1338.025634765625,8266544,395.18398159578936,399.7042287729926,392.5391629889967,394.0779724121094,12981873
2025-04-01,1329.739654923708,1341.995067068455,1305.328040709696,1308.3546142578125,14288024,394.1260406660441,398.55010666561213,390.08669902758044,391.0965270996094,15206240
2025-04-02,1312.026343402594,1327.705290380845,1312.026343402594,1321.056640625,8042214,391.4812500970324,394.31843103609066,390.51949782621267,393.4047546386719,8001323
2025-04-03,1311.8278468858045,1322.7932860458366,1311.1332552048473,1319.3697509765625,4591008,391.4812095354885,394.51075235495847,391.1446197558559,393.7413330078125,7059566
2025-04-04,1319.3697112264526,1328.3007984100484,1311.9766830431024,1325.07568359375,8648542,391.91401018990615,397.01128496266676,389.0287536731707,394.0298767089844,18627592
2025-04-07,1285.3322768617725,1314.854481252151,1255.3139009690346,1277.6912841796875,19185012,375.2276160600784,392.49107984083315,375.2276160600784,390.51947021484375,26762866
2025-04-08,1289.8969896705237,1300.0189606799747,1277.4927025037578,1289.9466552734375,13085762,396.14571046934793,399.89653803876325,391.6735687769548,396.7708435058594,18600796
2025-04-09,1294.9579703581671,1295.106846037701,1274.6646041339118,1290.83984375,13005622,397.20367078899557,403.02226003741157,395.5206043873473,400.37744140625,21785572
2025-04-11,1295.1067945023049,1314.8544439632922,1295.1067945023049,1301.606689453125,13064247,403.9359315444841,406.292236218633,401.05067489059496,405.4266357421875,8939356
2025-04-15,1340.655373037739,1343.9301533432258,1325.9686484021752,1339.8614501953125,15202603,412.78405461806295,412.78405461806295,402.97417047029376,404.32061767578125,11685880
2025-04-16,1346.6094196449503,1349.2886972283168,1332.6174078978706,1346.0140380859375,14039073,402.01244544834776,409.754539416005,402.01244544834776,408.21575927734375,13034594
2025-04-17,1351.5711498907554,1398.112060263163,1349.6856739861041,1395.9288330078125,17490424,408.7446879057106,411.48568756526555,405.4266310519838,410.90863037109375,22410217
2025-04-21,1425.004587897116,1425.004587897116,1393.9442026732427,1399.0052490234375,16882426,411.6780349602343,412.6878924233474,405.3785695227371,406.67694091796875,27388236
2025-04-22,1401.9823098324273,1407.9363681338637,1388.1887172069748,1405.6539306640625,16135274,409.6583488347964,418.169832064902,407.3501201449234,417.0157470703125,32031936
2025-04-23,1418.0581618237188,1418.9512947601793,1400.4937389943566,1413.493408203125,13990764,419.5163213012109,420.7185115509847,412.4474367624713,414.3709411621094,19566317
2025-04-24,1405.4554343163697,1410.3178180904442,1388.0894318786184,1391.95947265625,15678099,415.3327035949578,419.372045323511,412.88021781478574,413.6015319824219,26064089
2025-04-25,1399.2035920369979,1403.966886762009,1377.769008045682,1394.04345703125,11705093,413.60153406654683,416.1502009519827,407.10970652510946,411.4375915527344,22944377
2025-04-28,1394.8373106964493,1424.0122194189871,1393.0511659597357,1417.8597412109375,10948561,410.3315915600767,414.0343435923546,408.5042681552906,412.39935302734375,6287095
2025-04-29,1417.8597077945897,1427.2869661678633,1411.7071085959242,1418.85205078125,10786910,412.49552702272155,413.16876532622075,408.7446991826447,409.7064514160156,11189930
2025-04-30,1422.0275444346203,1422.7221360927958,1389.2802248488963,1416.073486328125,14192027,411.05290860172727,412.88023201920157,405.8594522861451,409.51409912109375,10026546
2025-05-02,1415.9742091510598,1435.5233172200462,1413.6917718641512,1419.149658203125,8842434,407.87911477952554,414.99607520497585,407.87911477952554,413.07257080078125,9263372
2025-05-05,1428.9738894731652,1435.7218701832576,1415.081087769954,1418.455078125,4565705,413.7938888263413,421.72834456792714,412.92831770641976,420.2376403808594,11525305
2025-05-06,1418.0581160771362,1422.7220796211836,1409.5239906903596,1420.63818359375,6301690,420.7666029152538,422.834364350939,416.43871785669694,418.89117431640625,15026568
2025-05-07,1414.0887881642996,1430.9586193213472,1410.119416127347,1424.4091796875,10480453,416.823396791454,418.362206178502,413.2649312686502,414.6594543457031,9710361
2025-05-08,1427.5846620245352,1437.8058437113664,1415.1803741209164,1424.5084228515625,15306490,412.59168381124715,414.9960642530376,407.350122708005,414.1304931640625,19937960
2025-05-09,1404.3638078003796,1409.0278927234135,1376.379782804671,1378.2652587890625,13491197,409.6583569091965,412.73594630577514,406.8211762096756,407.3501281738281,8226512
2025-05-12,1398.6082269981746,1441.8743569081432,1393.249550653154,1437.4088134765625,9925445,413.072565475096,419.5163168862086,411.7741941489348,418.84307861328125,8031891
2025-05-13,1429.0731325397105,1436.8134564073198,1416.4704248722041,1419.6458740234375,12475424,418.2660177094136,421.1993794721109,409.08129611962823,411.53375244140625,14976369
2025-05-14,1418.9512828044426,1429.6685145448027,1406.4477852062123,1415.279541015625,8026837,410.7643618513902,415.332684705315,409.6102474955229,412.6878662109375,9557309
2025-05-15,1414.9819190581854,1445.3475908699352,1404.6615275498752,1439.6912841796875,18209264,412.6878727466996,418.74689983509177,409.7064350721147,416.1020812988281,24263510
2025-05-16,1442.172107583965,1447.5306627908633,1435.920298328426,1442.86669921875,6439208,418.26604202592637,419.51633754430964,415.573147502307,419.03546142578125,16402035
2025-05-19,1435.4241717584057,1448.5230511072755,1432.7448940711074,1437.905029296875,6005334,418.362202884726,421.72833555161463,416.10207936688846,418.6988220214844,7543854
2025-05-20,1439.0957378026826,1447.8284044606678,1424.5083444847762,1427.1876220703125,11352383,420.28573786333305,423.9403847133091,416.3425477249801,418.26605224609375,9868414
2025-05-21,1431.8517946649677,1440.1875004165765,1427.485461067875,1433.637939453125,5510460,419.90103464370577,421.4398441006694,415.4769684613164,416.438720703125,5776672
2025-05-22,1430.0655182967434,1434.2334317099203,1416.867428660744,1431.057861328125,7245933,416.43869651769444,416.43869651769444,406.7249935694986,409.8026123046875,19451749
2025-05-23,1431.1570706662649,1440.6836606711147,1423.4168677068544,1438.698974609375,5203706,417.40046939575757,422.20923056391143,412.59170822760365,419.61248779296875,18536884
2025-05-26,1446.8360701649403,1460.331910515487,1443.8590412139838,1449.4161376953125,5608725,421.48791053602,426.58518556334417,420.0452822056058,425.9600524902344,13107662
2025-05-27,1441.3782192942826,1451.7978208795425,1424.7068083036186,1435.324951171875,14842959,425.9600297748,427.2103252046928,414.37092787863105,417.30426025390625,26986022
2025-05-28,1436.5157355383742,1446.836127202333,1431.454810349359,1442.6683349609375,8618343,409.12572033536514,413.92513013654184,404.5221871211176,411.57440185546875,431851622
2025-05-29,1445.4467442494526,1451.698553407669,1433.9355900375203,1445.3475341796875,15545514,413.337430183069,414.12099629331436,408.04828421108533,410.1541442871094,21478547
2025-05-30,1448.7216268807567,1449.7139699197687,1433.2410996992944,1434.7296142578125,11803975,410.49697001748797,411.4274510468685,407.85238205791916,409.468505859375,30656239
2025-06-02,1430.9586389930196,1448.8208134048605,1421.8291316367724,1439.3935546875,9458990,409.7133679967952,411.8192579553598,406.0403458241328,410.6928405761719,14973380
2025-06-03,1443.7598455387374,1443.8590556109682,1421.035166759386,1426.8900146484375,11167345,410.3990201585084,413.04360813984886,407.1177809642176,408.39111328125,13216486
2025-06-04,1426.3938661679927,1429.0731438395549,1415.4780930628378,1420.0428466796875,8025388,408.586978384479,410.39900862513116,407.4116292300163,408.4400634765625,12598933
2025-06-05,1419.9436226094324,1447.8284366760695,1416.3712120373557,1443.66064453125,11385668,409.9092587388879,412.30897842272395,407.2157092489669,410.4969482421875,13212523
2025-06-06,1437.5080878919146,1450.2101271201,1431.0578582020253,1448.5230712890625,11580994,411.67231694542346,412.6517895338172,410.39901453696416,412.40692138671875,8774988
2025-06-09,1453.7825541382838,1455.5688200651953,1422.4245382897982,1423.8138427734375,11022031,413.33744096123485,414.9046031137218,411.86823204786555,414.3658752441406,10473123
2025-06-10,1427.9815809293386,1430.660858582463,1405.6538633679,1412.0048828125,12905272,415.78612073411426,419.75297282706833,414.3658735007135,418.23480224609375,13041075
2025-06-11,1410.9133394459884,1423.5160472131458,1407.737769134025,1420.0428466796875,7136877,419.2142518774774,419.312205110815,416.12891931968926,417.4022216796875,20789182
2025-06-12,1419.5466979345517,1425.5007560873705,1409.127096167119,1414.2872314453125,7953247,418.2347759328376,418.43068239792314,410.9376935297822,412.3579406738281,18508835
2025-06-13,1392.8526699787633,1410.6156346634868,1392.8526699787633,1405.2569580078125,7573103,406.48111231744474,410.7418239308055,405.01190347774315,405.4036865234375,17873926
2025-06-16,1405.7530618658518,1418.0581392255135,1403.3714144517853,1415.9742431640625,5451137,406.4321620890675,410.30106087453294,404.7670467340719,409.6154479980469,7006629
2025-06-17,1415.9742319665809,1418.8520508551696,1406.9439350146247,1412.302490234375,6970098,409.5174909056936,410.44797192026425,407.1667626963428,408.83184814453125,9028406
2025-06-18,1406.150024814166,1421.0351697486842,1399.402043989603,1401.78369140625,6751745,408.4400661979771,409.86031339660474,406.3831678000489,407.3626403808594,8036215
2025-06-19,1397.2189939427594,1403.8676438261634,1393.9442134714564,1400.4937744140625,8849883,407.11778041824044,409.66441515775824,406.2852227295919,407.4606018066406,12601006
2025-06-20,1400.4937821267788,1422.3253290273638,1399.4021078732494,1416.1727294921875,12408178,407.46057840418473,410.8887323090276,407.46057840418473,409.9582214355469,13203184
2025-06-23,1406.1500791810931,1412.3025575376569,1401.0891539348067,1409.226318359375,5514384,408.4400574370469,408.9297937169475,403.2978264980913,405.4036865234375,14839890
2025-06-24,1416.7680893764307,1424.9053748687675,1405.6538959425357,1413.1956787109375,11188438,408.3421256239387,412.0151479158747,405.25679287693885,405.844482421875,16690068
2025-06-25,1411.1117385952273,1417.9589294864209,1404.463088984364,1414.8826904296875,7527388,407.85236743319786,409.5664444107915,406.5790650634376,407.80340576171875,9946718
2025-06-26,1413.8903780949927,1436.4165161110168,1410.814017835929,1428.080810546875,13617435,408.635961243395,412.25999175637196,407.70545036119364,411.67230224609375,13703918
2025-06-27,1427.882386711014,1454.774858156496,1426.0961208320166,1451.00390625,22532899,412.3579493645105,413.3374219283217,409.2236252038625,410.0561828613281,21409935
2025-06-30,1450.6071028820047,1450.706312958781,1431.2564136212704,1434.7296142578125,6325073,411.18257641188427,412.1130873177171,407.26468609870335,407.9013671875,12317124
2025-07-01,1434.6302067068036,1436.5156826077227,1418.653508855977,1421.03515625,7761449,408.4400629554616,410.25209319380195,406.38316457386264,406.5790710449219,13670465
2025-07-02,1421.2336440793872,1439.8897415628453,1411.707175185214,1416.867431640625,13372280,408.3421042433258,408.3421042433258,403.2488648665335,404.47320556640625,15990899
2025-07-03,1421.1344118511029,1435.027214103107,1412.798706272776,1414.98193359375,10177738,405.5016414226337,407.4605865502793,402.80809187212105,404.864990234375,14185298
2025-07-04,1416.0734952431667,1433.3402880878325,1410.2186471744621,1431.7525634765625,5066503,406.383156862037,406.48111009570783,403.2978242937535,404.0813903808594,8256733
2025-07-07,1425.9968814549877,1429.8670433562065,1418.6535190770169,1424.706787109375,5177477,404.52218073930493,408.63597758463175,403.54270814671577,407.6075134277344,6845218
2025-07-08,1421.035188079707,1433.935647189369,1419.050502062836,1430.9586181640625,5315847,407.60752214922184,409.5175057020906,406.1383132289018,408.635986328125,6807192
2025-07-09,1425.2030375827696,1427.683895203639,1415.6765685457565,1420.93603515625,8827347,407.65649685248883,411.6723104890166,406.9218924227146,410.83978271484375,9930533
2025-07-10,1425.7985078190466,1427.981614021397,1411.2109926594833,1413.1956787109375,7795964,411.67231432927395,411.67231432927395,407.8523772370402,408.29315185546875,6220360
2025-07-11,1411.111783317687,1417.0658414751456,1403.7684206963636,1411.0125732421875,7158015,408.44007762067145,409.4685119028319,406.9708687083669,408.2441711425781,8578844
2025-07-14,1413.9896019530586,1413.9896019530586,1405.2569348701418,1412.1041259765625,5846154,408.4890354163033,411.3295298660291,407.9992991168515,410.7908020019531,6896989
2025-07-15,1410.218682168871,1422.8215115677394,1408.134785993891,1419.844482421875,6041457,412.26001519971453,413.72922411339215,410.3990232206159,413.4353942871094,8532755
2025-07-16,1415.081187967311,1418.25663727007,1408.2339967016344,1415.4781494140625,5649093,413.43538226908703,416.7166213924788,411.67231368924485,415.8840637207031,9780773
2025-07-17,1410.1194736013367,1412.3025798563917,1398.7075285299677,1407.8370361328125,12927394,417.05940633871836,417.1573595734722,414.3168951123935,415.2474060058594,7240795
2025-07-18,1404.9592604817603,1418.0581395587762,1397.7151081655259,1414.8826904296875,11297246,416.4717411939595,416.4717411939595,411.4764251990089,414.072021484375,6730256
2025-07-21,1436.9126621837045,1456.4617708047458,1425.9968891975022,1454.576416015625,13867136,413.3374323697135,414.0720368111289,409.8113250726935,411.4764404296875,4822343
2025-07-22,1462.8128219007424,1470.6523559877205,1458.4464883845856,1462.316650390625,8930165,411.47644544690354,411.77027527059994,406.6770356826959,407.4606018066406,9869507
2025-07-23,1471.5454755170424,1478.5910866693491,1461.3242940475627,1477.2017822265625,11974174,408.53801949465566,409.32158560296745,405.5016485154682,406.4321594238281,12196187
2025-07-24,1476.3086281822896,1477.3009711792895,1466.782159638216,1472.0416259765625,6700578,407.3136721952123,407.3136721952123,401.04505375648824,401.5347900390625,9005157
2025-07-25,1488.5144734435703,1488.5144734435703,1462.31659448384,1465.789794921875,8696077,401.58375275125957,401.8286208931811,399.3799394739661,400.9960632324219,5824089
2025-07-28,1465.7898930637602,1482.3620946590604,1465.7898930637602,1477.00341796875,7507479,402.36732868040224,402.41632024466196,400.21250691352043,401.4858093261719,8123337
2025-07-29,1468.5685019046516,1478.3927223132807,1464.1029581857863,1474.8201904296875,9776027,401.5837527990323,402.9550084157297,399.62480766342725,400.0655822753906,6811772
2025-07-30,1476.308661728485,1477.1025845983731,1465.9883912336757,1471.04931640625,7238625,400.60428786940514,400.898117688896,397.4210019633524,399.2330322265625,10915863
2025-07-31,1458.6450618514623,1483.0566764606926,1452.7902136757805,1470.0570068359375,12406146,397.61690837848414,405.50165074201533,397.2250954310459,403.4937438964844,19364174
2025-08-01,1469.0645758820863,1473.7285394467383,1458.5457644921182,1460.3319091796875,4416771,403.9344853107258,410.74183168633,403.34679578552243,407.9013671875,14324065
2025-08-04,1465.492177404952,1467.4768633867377,1450.1108610461113,1451.9962158203125,6140054,411.57439098396185,413.8271659664987,406.5790748366726,408.29315185546875,18352458
2025-08-05,1441.8743352750153,1450.3092505192255,1429.96621963613,1433.3402099609375,14799343,408.6359688485212,409.37057327725813,404.522172091142,405.6485595703125,8495104
2025-08-06,1431.2564134495642,1442.866778550362,1430.561700640964,1432.54638671875,7805252,405.6485541142926,406.4811117672226,402.07348525408406,403.5426940917969,9080543
2025-08-07,1430.0655302659995,1436.8135113901221,1418.1574137897542,1429.271728515625,7432535,403.542701181929,406.2362507650608,403.1998798022133,405.10986328125,11514878
2025-08-08,1434.8288259088201,1436.5157606227415,1421.0352334242946,1424.9053955078125,5415511,405.40370450279846,406.82395173394906,404.4732234643995,405.99139404296875,9814361
2025-08-11,1416.9666396615337,1427.3862414978396,1409.5240669213151,1425.5999755859375,8492484,405.99138530914485,408.4400667645679,405.5016490180602,408.29315185546875,8514272
2025-08-12,1431.0,1433.800048828125,1420.0999755859375,1422.0,5913947,408.44005694659893,411.1825681542966,406.77494164048437,407.80340576171875,13635738
2025-08-13,1424.5999755859375,1427.699951171875,1415.199951171875,1420.800048828125,9009465,408.6359804112558,408.92981023461243,405.1098730753178,405.599609375,10874910
2025-08-14,1412.0,1431.0999755859375,1412.0,1427.300048828125,7577793,405.74650902132066,406.5300751148795,402.563223193151,403.0039978027344,9580361
2025-08-18,1450.0,1452.4000244140625,1431.0,1434.5999755859375,6908844,404.5221643400549,405.207807083524,396.5394690122968,397.9596862792969,30950814
2025-08-19,1431.0999755859375,1438.5,1426.300048828125,1436.300048828125,6709554,398.00869038492266,400.99606980890684,396.19666012675947,400.7022399902344,16681331
2025-08-20,1432.5999755859375,1435.9000244140625,1423.0,1430.5999755859375,5817858,400.7022224165175,401.82860986020313,397.1271536208501,397.7148132324219,18188129
2025-08-21,1440.0999755859375,1447.800048828125,1436.4000244140625,1446.0,6238645,397.7148339521601,398.49842996029514,395.07027588892424,397.22509765625,15028966
2025-08-22,1444.300048828125,1446.0,1429.4000244140625,1436.4000244140625,6657207,397.6658518940437,398.1555881648492,389.34033529035065,390.1239013671875,13087624
2025-08-25,1435.9000244140625,1435.9000244140625,1424.0,1433.199951171875,6738427,390.8095528920783,392.327723409267,388.1160033420702,391.1523742675781,10440286
2025-08-26,1427.9000244140625,1427.9000244140625,1413.0999755859375,1416.5999755859375,8720155,391.1033999896865,397.07818887017044,390.22188062167817,395.0702819824219,13715752
2025-08-28,1408.0,1411.800048828125,1396.300048828125,1399.0999755859375,12990789,396.19667011274,396.19667011274,391.78904337477377,392.6705627441406,12471719
2025-08-29,1392.0999755859375,1405.0,1392.0999755859375,1397.800048828125,8519507,393.74798505781916,402.02454048128317,393.6500318196282,401.3388977050781,25255050
2025-09-01,1398.0999755859375,1412.4000244140625,1398.0999755859375,1411.0,4927348,401.3388884886885,401.77966310485994,396.68639374720885,397.5189514160156,12268090
2025-09-02,1413.9000244140625,1413.9000244140625,1390.0,1394.199951171875,7163073,398.20457570023547,399.4779080217149,396.14770714215564,398.4004821777344,19808255
2025-09-03,1389.0,1400.0,1384.199951171875,1397.0,9813382,400.114535268611,404.76702986475766,398.9391562562904,403.2978210449219,12936588
2025-09-04,1409.9000244140625,1415.0999755859375,1401.9000244140625,1405.5,10564859,415.24741259106247,418.2347920060821,406.4811210363561,407.3626403808594,27274123
2025-09-05,1411.0,1411.5,1387.699951171875,1402.800048828125,6621077,408.3421103092152,408.4400635448862,396.09870312861307,398.9881591796875,16000675
2025-09-08,1402.199951171875,1410.5999755859375,1397.5999755859375,1402.699951171875,5880943,399.08612816526716,402.1224693529809,398.44944705384466,399.1840515136719,7419022
2025-09-09,1399.0,1407.5,1395.199951171875,1403.699951171875,6470679,400.1145503991436,402.51427018540727,399.0371245789613,401.6327209472656,8825896
2025-09-10,1410.0,1413.699951171875,1402.0999755859375,1403.9000244140625,7452347,402.56322964572416,405.2078175633528,400.555322816839,404.5711364746094,9252397
2025-09-11,1398.0,1408.0,1396.0,1401.5999755859375,10192026,404.5711451336769,408.1462440335788,403.9834854870758,406.53009033203125,8274406
2025-09-12,1405.0999755859375,1419.699951171875,1400.0999755859375,1417.699951171875,7770038,406.82393698895356,408.48902241943284,404.37525556960406,405.25677490234375,7803379
2025-09-15,1422.0,1426.800048828125,1416.300048828125,1419.4000244140625,5845637,404.5711348581344,405.7954755760093,403.29783246799684,404.1793518066406,5707331
2025-09-16,1414.0,1424.9000244140625,1413.699951171875,1421.5999755859375,8213151,404.7180704209207,405.8444578774336,403.54269140213233,404.6201171875,8239087
2025-09-17,1420.0999755859375,1426.0999755859375,1416.4000244140625,1419.199951171875,7484283,405.45267306623015,406.08932424399245,399.6737611220478,400.8981018066406,14113882
2025-09-18,1431.0999755859375,1432.800048828125,1415.300048828125,1421.699951171875,8130537,402.90605212943706,404.5711375822802,401.68171140331816,403.1019287109375,15647808
2025-09-19,1416.0999755859375,1418.0,1400.199951171875,1402.199951171875,13457344,403.101917268776,404.13038138420126,400.55531254363956,402.22039794921875,19505321
2025-09-22,1403.9000244140625,1409.9000244140625,1397.199951171875,1401.5,8847948,402.2204050878021,402.56322646569487,397.7148252853857,398.59637451171875,8930779
2025-09-23,1391.0,1403.300048828125,1391.0,1394.300048828125,12827524,398.7433075819584,399.7227801970498,393.8459445065011,394.9233703613281,14936357
2025-09-24,1386.4000244140625,1390.9000244140625,1376.5,1382.699951171875,9735678,394.9233452248436,396.34356249165154,392.4746638429711,392.76849365234375,12380865
2025-09-25,1377.0,1391.5,1371.800048828125,1375.800048828125,21613389,393.209287397003,394.7274579712088,389.83009496908466,391.8869934082031,22006368
2025-09-26,1368.0,1372.699951171875,1357.0,1359.5999755859375,18342280,391.8869695711551,397.5678983516164,391.59310987422305,396.7843322753906,14414044
2025-09-29,1359.5999755859375,1366.5,1346.199951171875,1348.0999755859375,20563163,398.5473763816621,399.6248021696593,394.9233458652918,398.89019775390625,19717660
2025-09-30,1353.699951171875,1356.5999755859375,1342.5999755859375,1348.0,20166871,398.4004591506758,398.4004591506758,392.1808024887207,393.30718994140625,9465490
2025-10-01,1348.0,1379.4000244140625,1347.0999755859375,1372.0,20952632,394.0907925326749,397.665861416941,391.5441578852763,397.2740783691406,17643039
2025-10-03,1371.9000244140625,1371.9000244140625,1361.300048828125,1365.199951171875,12163695,396.58845248171,397.1761420239669,394.04181772601805,396.0007629394531,16987141
2025-10-06,1371.0,1372.5999755859375,1359.0999755859375,1363.4000244140625,14314283,394.7274338215943,395.60895312981853,391.5931097355416,392.52362060546875,13989077
2025-10-07,1363.5999755859375,1383.0999755859375,1363.5999755859375,1375.9000244140625,16126464,394.237727666254,394.3356809060124,391.29930982029435,391.5931396484375,12298968
2025-10-08,1372.300048828125,1381.5999755859375,1364.300048828125,1370.300048828125,8100832,391.7890270774703,393.5031040709342,389.8300819420829,391.5441589355469,8402463
2025-10-09,1369.800048828125,1378.699951171875,1365.0999755859375,1376.199951171875,7909575,390.80955123133737,393.1602793958562,390.7605895598157,391.6910705566406,15656267
2025-10-10,1370.300048828125,1385.0,1370.300048828125,1380.300048828125,7673816,392.22981845621223,395.5600193505022,391.299307520674,394.53155517578125,15085738
2025-10-13,1373.0999755859375,1386.4000244140625,1373.0999755859375,1379.4000244140625,8923018,391.78901724913896,392.71952812155763,390.36877010515894,391.0544128417969,9508594
2025-10-14,1389.0,1389.0,1375.0999755859375,1384.0999755859375,10610855,391.78901770158024,392.6215753424221,388.0670339898672,388.6546936035156,10291102
2025-10-15,1386.5,1400.4000244140625,1385.5,1398.4000244140625,8988550,389.83007867186035,392.62158144459596,389.0954742522526,391.6910705566406,16043867
2025-10-16,1401.0,1418.9000244140625,1399.4000244140625,1417.300048828125,12185032,392.7685077269394,397.665870666178,391.3482605181077,396.83331298828125,22962049
2025-10-17,1412.0,1439.5999755859375,1410.9000244140625,1436.5999755859375,17037215,397.0292043259007,405.35472100520315,396.9312510926241,403.6896057128906,21071344
2025-10-20,1442.0,1445.0,1389.199951171875,1390.300048828125,23330227,404.0814001855026,406.3342050500721,402.85705946273583,404.5711364746094,13083621
2025-10-21,1384.5,1387.5999755859375,1375.9000244140625,1382.0,3415560,405.0119258790611,405.4527005118031,403.88553835121513,404.3752746582031,1142130
2025-10-23,1385.0,1389.800048828125,1360.0999755859375,1363.699951171875,21124942,407.46058276503413,411.8192475900064,405.0608630495091,407.41162109375,24305990
2025-10-24,1368.0999755859375,1381.5999755859375,1368.0999755859375,1377.699951171875,10570263,407.411643338511,409.3705885549171,404.96296181800335,408.2441711425781,14935678
2025-10-27,1382.0999755859375,1386.800048828125,1374.0,1377.5999755859375,11499836,408.4400677633165,414.02307345178554,408.048284707717,412.01513671875,11603679
2025-10-28,1373.0,1375.800048828125,1356.199951171875,1363.0999755859375,26477914,411.86822898071654,412.9946164943518,407.3626490350436,409.32159423828125,17163147
2025-10-29,1364.5999755859375,1371.699951171875,1358.4000244140625,1370.4000244140625,16129382,409.61544737952806,413.53333772312516,407.5095574069397,412.9456481933594,11470661
2025-10-30,1362.4000244140625,1370.199951171875,1361.300048828125,1362.4000244140625,9324401,412.94564712794636,413.04360036450976,407.60750959211543,410.1541442871094,12938674
2025-10-31,1357.0,1362.0,1343.300048828125,1345.300048828125,15926798,411.8682283883677,417.64711075138126,409.615453364337,411.7213134765625,18599864
2025-11-03,1340.5,1351.5999755859375,1337.9000244140625,1346.4000244140625,11071450,411.3295333977877,412.9946188955417,404.816016646247,405.45269775390625,7635440
2025-11-04,1342.5999755859375,1349.800048828125,1333.199951171875,1336.9000244140625,15211183,405.50163308974254,405.99136936159005,399.96761919609156,400.5063171386719,10085404
2025-11-06,1330.0,1342.199951171875,1317.4000244140625,1320.4000244140625,24221853,401.58375221673697,404.8159997293463,398.20455990626584,399.13507080078125,10095563
2025-11-07,1320.4000244140625,1344.300048828125,1318.5999755859375,1343.0,7719245,397.71483508178255,400.70224442999825,394.82540886238485,395.7558898925781,8411611
2025-11-10,1342.9000244140625,1349.5999755859375,1341.0,1348.0,8542340,395.75588876851964,398.7432981082502,395.3641057100178,397.22509765625,6650003
2025-11-11,1349.0,1360.4000244140625,1346.199951171875,1358.300048828125,8305184,397.6658554399186,399.673762211673,396.2945998476621,398.4984130859375,12005318
2025-11-12,1370.0,1370.0,1355.4000244140625,1358.9000244140625,9736761,399.624797249309,399.7227504817627,397.22507756427666,398.64532470703125,7987236
2025-11-13,1358.9000244140625,1390.4000244140625,1358.5,1385.9000244140625,18296626,398.64534219930255,399.1350784919307,396.1966607361619,397.3720397949219,6617185
2025-11-14,1374.0,1381.199951171875,1363.199951171875,1373.0,9694498,396.3925660411311,400.3594180432725,391.8869861840081,399.771728515625,64020258
2025-11-17,1375.0999755859375,1382.5,1373.5999755859375,1379.0,7660717,401.3388824449565,403.542695710365,397.6658603359422,398.7432861328125,7855399
2025-11-18,1380.199951171875,1382.800048828125,1369.0999755859375,1373.4000244140625,9529560,399.8696796229581,401.3878501610938,396.2456191310374,397.5189514160156,7661681
2025-11-19,1373.5,1384.0,1371.5999755859375,1383.0999755859375,10393918,396.5394760749311,397.2250889394812,394.5315393710832,395.2661437988281,7882450
2025-11-20,1380.0999755859375,1388.300048828125,1375.4000244140625,1383.0,10131863,395.2661449461201,398.64533728000737,394.97231513062155,397.1271667480469,6693410
2025-11-21,1373.0,1376.0,1364.5999755859375,1369.5,11483595,396.68640238950724,400.1145564842314,396.39257256641207,399.4779052734375,5808131
2025-11-24,1373.300048828125,1377.0,1361.5,1368.4000244140625,15896003,400.01659174313806,400.4083747930425,394.580530934278,395.2661437988281,11037491
2025-11-25,1365.0,1376.9000244140625,1354.300048828125,1357.800048828125,12235000,395.26615093538965,396.1966618504526,391.8869884414304,392.5726013183594,8199785
2025-11-26,1360.0,1377.0,1359.9000244140625,1375.0,9659004,392.7685066776832,395.6579627605675,392.71954500487413,394.04180908203125,11443953
2025-11-27,1379.0,1394.0,1375.699951171875,1392.199951171875,15158741,395.21719681053185,397.61691665344256,393.8459411393536,396.0007629394531,8679529
2025-11-28,1392.0,1398.5,1385.5999755859375,1388.800048828125,7683986,396.0007438980914,396.68638664627787,394.23770524722676,395.9517822265625,6883500
2025-12-01,1394.0,1400.0,1385.4000244140625,1390.0999755859375,8867593,394.5315350586607,397.17612292608806,390.025985197311,395.9517822265625,13442658
2025-12-02,1381.800048828125,1381.800048828125,1370.5999755859375,1373.0,12126396,395.95179101910213,397.1761317458155,392.27876883896204,392.71954345703125,8093808
2025-12-03,1367.0,1394.199951171875,1367.0,1391.5,7955933,393.45415715794644,393.94389346016385,390.66265425708065,392.2787780761719,10772192
2025-12-04,1387.0,1391.5999755859375,1379.9000244140625,1386.699951171875,7373909,391.8869716290837,395.26613397807347,390.85850752111554,394.7763977050781,8057989
2025-12-05,1381.0,1395.300048828125,1381.0,1392.5,4942638,394.7763988983853,397.0292036956514,393.7479646784384,396.6374206542969,4419747
2025-12-08,1387.0,1394.9000244140625,1383.300048828125,1389.5999755859375,7826227,396.6374353457986,396.93126516491554,392.32773205787674,394.04180908203125,6056866
2025-12-09,1379.9000244140625,1384.300048828125,1373.4000244140625,1375.199951171875,10492030,393.7479852919042,396.19666679247575,391.78904009144696,392.8174743652344,9426717
2025-12-10,1377.9000244140625,1379.4000244140625,1357.9000244140625,1363.5999755859375,8725381,392.86645232636994,396.09869983875063,392.7684990915125,394.8743591308594,6969146
2025-12-11,1363.699951171875,1366.5999755859375,1352.800048828125,1360.0,6734750,394.8743542225189,395.70691187176226,392.86644744298803,394.6294860839844,6980147
2025-12-12,1368.0,1370.699951171875,1363.300048828125,1366.0,3890885,394.62950473294,395.7069305716336,391.6421252580969,391.8869934082031,12407516
2025-12-15,1356.0999755859375,1370.0,1356.0999755859375,1365.199951171875,5342530,391.8869873292014,395.07027323120263,391.29929779983655,394.04180908203125,7756564
2025-12-16,1364.0,1368.699951171875,1355.5,1366.0,12359741,393.16027238279855,397.4209839187486,392.81745101487064,393.4541320800781,12347384
2025-12-17,1365.0,1365.0,1343.0999755859375,1352.4000244140625,9440391,392.76851874327417,394.8254172136723,390.9075267523928,391.5931396484375,8087490
2025-12-18,1346.300048828125,1369.5,1345.5,1356.800048828125,7314573,391.7890335950218,393.69901709025,391.6421186856499,392.1808166503906,7227668
2025-12-19,1354.0,1360.4000244140625,1350.800048828125,1354.0999755859375,14318512,392.0339082415041,394.38463650382647,392.0339082415041,392.8174743652344,10654835
2025-12-22,1358.0,1371.300048828125,1354.800048828125,1368.5,9375294,393.35619843948285,395.3641052941498,392.96441538139317,394.4336242675781,6847871
2025-12-23,1361.0999755859375,1365.0,1357.0,1363.0,9105467,394.2377112153877,400.50632971362984,393.5520684568217,398.9881591796875,10081997
2025-12-24,1363.800048828125,1368.199951171875,1357.5999755859375,1359.800048828125,8955140,399.5758645628573,401.09403515706003,397.323059617528,398.2535705566406,5777430
2025-12-26,1356.5,1362.0,1348.5,1350.4000244140625,2812144,398.1556179415121,398.7922691629462,395.5600214903535,395.8538513183594,3152453
2025-12-29,1352.0999755859375,1355.699951171875,1341.5,1343.300048828125,6057201,395.80487169747335,396.4904845621106,393.2092753640043,394.3356628417969,6647710
2025-12-30,1343.300048828125,1347.0999755859375,1338.0999755859375,1342.5,18621277,394.7274371230106,395.1682117263742,392.0828492850893,392.376708984375,12340527
2025-12-31,1342.800048828125,1350.0,1339.5,1342.9000244140625,6150634,392.8664555965065,395.462051940615,392.62158745289,394.7274475097656,9945109
2026-01-01,1343.9000244140625,1348.4000244140625,1336.0,1338.0,4179311,394.4336191525785,394.4336191525785,355.2547160290497,356.381103515625,282626710
2026-01-02,1338.0,1356.9000244140625,1336.300048828125,1355.4000244140625,8226205,352.6101130575833,352.6101130575833,338.1628931475851,342.8643493652344,118790358
2026-01-05,1354.199951171875,1375.5,1352.5999755859375,1371.5,6920565,343.0113122216596,346.68433442609853,338.9464770691755,342.5215759277344,48358124
2026-01-06,1372.0,1413.5999755859375,1366.0,1411.199951171875,17260416,343.06028462397126,343.50105925874186,330.816876892923,335.42041015625,72582738
2026-01-07,1408.0,1429.9000244140625,1404.199951171875,1427.699951171875,15813795,335.9591026893029,337.4772732668689,332.33504210325714,334.2450256347656,29440734
2026-01-08,1429.0,1442.199951171875,1423.300048828125,1435.0,14861699,334.48988067886347,338.06494956001615,332.09016094008854,333.9021911621094,36706319
2026-01-09,1427.0999755859375,1429.5,1401.5,1404.300048828125,12555636,333.9022093273418,334.0001625673181,329.20075271979715,330.22918701171875,35193201
2026-01-12,1399.9000244140625,1424.300048828125,1391.699951171875,1413.0999755859375,10923811,331.306606816801,332.5309475663088,328.9068869913131,331.4535217285156,16156143
2026-01-13,1420.0,1441.800048828125,1411.0999755859375,1437.0,14295581,332.0412186059658,332.5309549165941,326.8500256697591,327.8294982910156,24922339
2026-01-14,1425.5999755859375,1443.9000244140625,1414.9000244140625,1418.4000244140625,13832255,329.1027892200336,329.1027892200336,326.6051460797269,327.8784484863281,14913422
2026-01-15,1418.4000244140625,1418.4000244140625,1418.4000244140625,1418.4000244140625,0,327.8784484863281,327.8784484863281,327.8784484863281,327.8784484863281,0
2026-01-16,1417.9000244140625,1429.0,1400.199951171875,1410.800048828125,12530886,330.5719932075216,330.5719932075216,321.805701727492,322.4423828125,30526898
2026-01-19,1399.9000244140625,1400.0,1360.0,1380.5999755859375,23302883,323.22593594715954,327.7804772481891,320.58134815114005,326.3602600097656,15507440
2026-01-20,1374.699951171875,1387.800048828125,1371.5,1375.800048828125,15012785,327.1928108616433,327.6335854891576,318.81833206792464,319.6018981933594,18771011
2026-01-21,1367.5,1371.5,1339.5,1349.0,21766068,319.3080504008492,322.54029785029536,317.6919266761261,318.0837097167969,14177965
2026-01-22,1355.0999755859375,1358.0,1338.0,1345.5,17179765,319.4060118581559,321.9526465247838,314.4596574325432,318.1816711425781,18622852
2026-01-23,1340.5,1355.199951171875,1335.699951171875,1343.4000244140625,14056524,318.86727355776696,319.69983119529894,316.0758007306446,316.76141357421875,11950089
2026-01-27,1340.0,1369.0999755859375,1328.5999755859375,1361.4000244140625,25263634,316.95731824004827,318.034744006556,311.32535116493864,312.1089172363281,47847784
2026-01-28,1362.5999755859375,1380.4000244140625,1362.5999755859375,1367.699951171875,13242696,313.38226801086364,317.0552902337236,312.7945784769798,314.5576171875,28400238
2026-01-29,1359.0,1387.699951171875,1354.4000244140625,1383.5999755859375,23118234,315.97785732428986,315.97785732428986,311.52123919238704,312.0599670410156,17719420
2026-01-30,1368.199951171875,1381.9000244140625,1353.199951171875,1355.0,24013717,312.25583980702623,318.4754965339916,309.95410320661756,315.5370788574219,41975824
2026-02-02,1329.9000244140625,1354.4000244140625,1329.0999755859375,1352.800048828125,12800245,303.09778990932085,308.92563359629287,295.8007075190383,308.2400207519531,35227572
2026-02-03,1412.0,1417.0,1373.4000244140625,1389.699951171875,24896698,314.60661217674976,318.08372796245794,305.2036692056378,310.1499938964844,33168353
2026-02-04,1387.0,1414.0,1386.9000244140625,1408.4000244140625,11080683,312.5,314.95001220703125,311.3500061035156,313.8500061035156,11196759
2026-02-05,1414.0,1414.0,1393.199951171875,1396.5,8982761,313.95001220703125,315.3500061035156,309.29998779296875,310.20001220703125,15816704
2026-02-06,1396.699951171875,1410.5,1394.699951171875,1406.0999755859375,10851190,310.0,327.70001220703125,308.29998779296875,325.79998779296875,68057745
