,ICICIBANK.NS,ICICIBANK.NS,ICICIBANK.NS,ICICIBANK.NS,ICICIBANK.NS,SBIN.NS,SBIN.NS,SBIN.NS,SBIN.NS,SBIN.NS
,Open,High,Low,Close,Volume,Open,High,Low,Close,Volume
Date,,,,,,,,,,
2024-01-30,998.5819848189448,1007.338419115052,991.7440549694523,1000.5005493164062,16085742,603.0259172029118,610.7872908979857,601.8207331245812,604.279296875,16966577
2024-01-31,1000.4020967435955,1022.2440902784828,987.070629039353,1011.569091796875,25627447,603.9418631812425,620.1395252720102,599.6995917267393,617.5363159179688,23270745
2024-02-01,1017.2755035530364,1017.2755035530364,1000.9924764517363,1008.6174926757812,13058880,619.7056475917949,629.5399613532924,610.5462486775638,624.4299926757812,26587707
2024-02-02,1020.3746743205556,1033.0666601657867,1005.1738843616477,1007.4859619140625,14774650,628.623998836513,636.8674459475857,623.5140302472481,626.3582763671875,27471811
2024-02-05,1006.0102065272255,1009.8964570838909,995.7779026556566,1006.9940795898438,12948430,623.8996743944258,631.3236201370446,615.8490682349207,619.8984985351562,28339525
2024-02-06,1007.0432159063025,1018.2102106949073,1000.3037097510473,1009.8472900390625,12886927,621.3447251345781,631.5164671490533,614.8367310074694,626.936767578125,14079390
2024-02-07,1011.4214656725248,1014.9142629380416,996.6633703562916,1005.6658325195312,16410895,631.5646198105808,653.6436145166939,631.5164242193285,651.0404052734375,41696232
2024-02-08,1007.5843506463148,1011.6674477599702,969.3609072749921,973.3455810546875,20565502,656.0058526209428,693.1255240196265,654.1739491949825,674.46923828125,74222434
2024-02-09,972.9028503266528,997.401313514954,969.6068995994941,994.4005126953125,12799837,678.4222453850707,702.2366357119648,669.3110419771705,699.247802734375,43235061
2024-02-12,994.105320862232,995.876280283492,969.360890452768,980.035888671875,8050066,699.9708774628965,699.9708774628965,679.2417123589678,682.5198364257812,22873137
2024-02-13,989.7762629977263,1010.4868382114652,984.1681747459204,1003.3536987304688,18706292,683.1465652829623,692.2577691391986,676.9760578021069,687.8709106445312,23351472
2024-02-14,993.2690157159769,1018.997259686499,991.3012696355923,1006.2069702148438,17878720,680.2540625529531,721.6641976192514,680.2540625529531,716.7470703125,36782182
2024-02-15,1006.3544812043777,1010.0932466717068,990.3665448403932,1000.2545166015625,10069878,720.8928694462425,736.6084569548306,715.0597906860668,734.3909301757812,33941282
2024-02-16,1006.6989262673613,1009.650485394361,1000.5005380040549,1006.7481079101562,7159395,736.0782565173563,746.8284634371934,726.3403336305333,727.6419677734375,27365121
2024-02-19,1006.8464465307476,1029.1311947979043,1006.8464465307476,1026.91748046875,9388255,731.4985393690836,737.5726553496461,723.1104464212216,732.02880859375,13979584
2024-02-20,1024.2610180558977,1035.6739206502066,1016.5867607398595,1031.8367919921875,11293528,731.8359847570562,736.1264519437863,726.967052738199,732.8483276367188,12528399
2024-02-21,1039.7569873370444,1046.8408245754547,1031.0988572886058,1034.985107421875,15946325,733.3786255385841,749.6244830800896,732.3662238537067,743.839599609375,21465311
2024-02-22,1038.969987954932,1048.808718901475,1023.5232284095382,1045.5618896484375,13432573,745.2857902765477,745.2857902765477,729.8594349797497,738.4403686523438,18799244
2024-02-23,1052.744218252001,1052.744218252001,1040.5934094728898,1044.1845703125,13142759,738.4403812825284,742.8754349674641,727.9311530180862,731.8359375,14143636
2024-02-26,1036.1166162761153,1045.1683197973161,1033.558570535963,1037.1988525390625,7875941,727.9312082579945,738.8742565255047,725.7136812472469,731.69140625,11355186
2024-02-27,1033.8046204513494,1049.0054112267308,1029.6231599356051,1043.1021728515625,10580973,731.6914003457339,735.0176614115741,715.590128867995,722.9658203125,13969393
2024-02-28,1045.8569952406344,1047.6771362637548,1025.3432672847086,1029.327880859375,7730332,722.965792248516,729.6184318157158,714.4331126203441,715.8793334960938,11263318
2024-02-29,1026.22885861961,1043.5941223069317,1021.7521880889905,1035.231201171875,20944844,717.2291322182092,726.8706043069235,710.721138558327,721.2785034179688,19217113
2024-03-01,1037.986009477885,1072.3723226042753,1037.0021364831193,1069.37158203125,14909562,725.0387042946561,744.3216485578118,724.9905087033734,741.5738525390625,17348526
2024-03-04,1063.5667080999103,1077.3409300364494,1062.6811983836533,1074.733642578125,11424581,746.635654393883,749.1424137066598,741.4292357019581,744.369873046875,9789141
2024-03-05,1068.6829125129027,1081.7684727754213,1059.1393914895327,1070.503173828125,9222544,741.9113219415058,758.7357035196916,741.525639495962,755.84326171875,18088847
2024-03-06,1062.878109231162,1095.5918883060335,1062.878109231162,1079.4071044921875,21796484,755.5540071356407,761.9655509647814,745.1894243197579,755.7950439453125,26710525
2024-03-07,1077.2917746056637,1077.3410163000535,1065.2393294461426,1070.4046630859375,9963926,761.6763024583448,764.954426539321,754.9272719302329,759.7962036132812,15497868
2024-03-11,1070.404535791999,1070.404535791999,1059.3852067115477,1061.3037109375,13310362,761.6763431224929,764.375943708488,742.9236669559873,745.9607543945312,16778340
2024-03-12,1059.6804892440682,1077.1442354316735,1038.625582496139,1059.483642578125,21785435,742.3934128308799,749.8655543236582,730.1969260813347,732.4627075195312,21529705
2024-03-13,1059.77885170946,1072.0772645081547,1055.8433596138777,1066.4691162109375,24855870,731.450347794911,736.3192797248611,716.3614195245849,720.4590454101562,27950252
2024-03-14,1062.5828370894137,1079.4070413229927,1057.7127137934276,1066.124755859375,14231421,723.0140618967187,723.8817591322932,707.7322923467271,714.4813232421875,19730882
2024-03-15,1054.7119299877845,1068.7321212212976,1052.7441838497475,1062.92724609375,66192734,712.7458828582031,719.7841462932436,697.0784894237145,705.659423828125,29792241
2024-03-18,1057.7128263089558,1067.3055890531218,1042.9547297794695,1063.7635498046875,8769440,701.0314668855465,711.4443046336356,696.2107304639793,704.7434692382812,18145126
2024-03-19,1061.0578145795118,1071.1917547663113,1057.9094689437209,1066.4691162109375,16708715,703.8275174114212,708.0215345586139,695.294837485665,697.8497924804688,15205043
2024-03-20,1062.5829470306016,1072.4216780216257,1050.2845332918216,1067.0103759765625,18725251,699.1514430237444,712.4566640874273,693.9932196245381,709.8534545898438,25405455
2024-03-21,1074.3893386064215,1082.2603227720363,1061.7465943107402,1064.3538818359375,19992607,715.3972193126948,723.6888616581621,713.999194109353,717.61474609375,15161161
2024-03-22,1063.7143347625467,1076.061869046459,1061.303773813482,1072.716796875,17214415,717.1809169690966,721.9534576831707,714.8188032557894,719.9287719726562,15535921
2024-03-26,1063.5667354159368,1071.585324555275,1059.58200164128,1066.22314453125,13367635,716.4096538721063,721.0375492356,712.0227953384497,713.5172119140625,14678342
2024-03-27,1066.223219242338,1074.8813504721743,1062.1402420015347,1066.2724609375,26907245,716.3614570597734,719.1092533764988,704.0203831624405,707.0092163085938,30088789
2024-03-28,1067.5022626495677,1087.2289654055658,1067.5022626495677,1075.66845703125,22070566,711.299633363139,732.3180316341789,710.480131739764,725.3761596679688,21705116
2024-04-01,1078.3740966909645,1085.162724605495,1076.7998037410023,1081.916015625,10848191,731.8359644474378,734.1981369990166,725.1351292346699,731.1128540039062,9949971
2024-04-02,1076.7998684057336,1076.7998684057336,1061.845045296533,1063.7635498046875,14380396,731.0164660314755,741.1882078791733,726.3403165012812,738.9224853515625,15713063
2024-04-03,1057.6634084362693,1066.1739333709988,1054.9577578565486,1059.827880859375,15477184,737.4762911492417,744.9001782599978,732.8965914876521,743.40576171875,19136981
2024-04-04,1067.2562910312008,1068.2894057744195,1046.2997470246664,1061.451416015625,21419689,747.2141506069232,747.5033830248789,730.9200378484845,732.0770263671875,15889530
2024-04-05,1052.7441775200211,1068.4861465296663,1050.235253168432,1065.9281005859375,15340637,730.7754145215962,740.1758501398218,725.6171914639816,737.3316040039062,9939620
2024-04-08,1060.9594232885527,1074.1433454810406,1058.9425557038237,1069.6175537109375,8023461,738.5850021452578,742.3933956194346,734.4873762603453,740.7543334960938,9797174
2024-04-09,1074.340076856861,1097.2643658518941,1070.7490364796934,1089.1966552734375,12298463,740.8989563252226,744.7555452746966,733.8124388224375,736.8013305664062,7465892
2024-04-10,1093.0337202336968,1098.5435054120717,1087.3273285870816,1091.5087890625,10598000,739.0188603767406,752.7097629710994,736.2710642780829,751.118896484375,14530669
2024-04-12,1085.7038457563601,1093.9191612122947,1078.1280717650227,1086.58935546875,12216657,749.3834123957522,751.5527435992136,737.3797679672235,738.8259887695312,14408722
2024-04-15,1082.4570746408115,1088.3111913118553,1059.2376948297706,1060.95947265625,10526597,732.5590796729715,735.9335950981468,721.9052641714367,730.341552734375,11356572
2024-04-16,1053.2853525855292,1057.2699664181264,1045.561852981989,1049.841796875,11278092,724.315633679616,727.8347947397396,717.7112484453821,724.74951171875,13338991
2024-04-18,1056.67972736376,1060.66446152718,1033.5094674241823,1038.4288330078125,16564216,725.0869303823578,732.7037172254089,715.3972622519597,718.0968627929688,14589648
2024-04-19,1035.9691407376135,1054.7119714804403,1031.1973801854901,1050.03857421875,11284433,708.166151201757,725.0387279832828,705.8039786829678,723.5443115234375,10886554
2024-04-22,1061.4023525762484,1071.1426002239434,1053.088552786897,1069.125732421875,10346714,727.1116662441453,741.4292292520696,723.5443096786286,738.6331787109375,17452186
2024-04-23,1082.2603648639933,1082.2603648639933,1065.239312903183,1072.6676025390625,9848215,742.7308138738571,749.8173315016863,738.1029188222026,745.2858276367188,12292429
2024-04-24,1074.6353155118281,1080.686158658188,1071.4377281688085,1079.062744140625,5461309,750.5886207443748,750.5886207443748,742.5862104814081,745.3822021484375,7842615
2024-04-25,1072.4215900322672,1107.4966871577883,1072.3723483406734,1095.78857421875,19905338,743.0201189674838,785.2015621323537,742.0559716951439,783.5625,36732974
2024-04-26,1094.2144193811591,1101.9377986819404,1084.9659888361693,1090.032958984375,14190059,786.6478140668245,787.611961377191,770.257309790593,772.5712280273438,14964358
2024-04-29,1090.1313056288498,1144.6870165205935,1090.032942347235,1141.4403076171875,28578063,778.0668646229158,801.4474364532822,770.0644538689087,796.8677368164062,27302732
2024-04-30,1141.2434493596547,1150.6887263324581,1128.2563736745785,1131.8475341796875,29568491,796.8677458100889,804.91835225018,790.5043971499949,796.626708984375,27449073
2024-05-02,1124.5668940413143,1136.8653071432534,1114.9741318218018,1121.0740966796875,25118334,797.2534375772727,804.0024687760509,795.4215341417088,800.2904663085938,19943724
2024-05-03,1122.8944193922243,1138.7347523146345,1117.1386656639672,1123.63232421875,19933604,804.8700673212338,806.2198969341655,790.6007005921169,801.6401977539062,22667634
2024-05-06,1123.1403237344898,1139.767682131019,1119.7458896646774,1127.813720703125,14970524,805.0629516671522,806.0270989146577,774.2102397469739,778.838134765625,35283557
2024-05-07,1129.4369636309043,1134.1596020771042,1108.1362092373274,1113.6458740234375,15097728,782.8875213212029,785.4425349233778,764.7615658481657,773.149658203125,16725013
2024-05-08,1108.3823240237211,1113.7443845482246,1098.0516561458446,1104.8895263671875,19913090,773.8245110587671,792.5289900811847,770.8356783088896,781.7305297851562,27908322
2024-05-09,1102.4790338657724,1110.6451084134283,1092.0991247743116,1097.7071533203125,12229853,782.7911700385396,809.5462560286481,774.7405052523084,790.4078979492188,49290254
2024-05-10,1099.9700317150034,1110.6942716080541,1094.1160353113987,1099.035400390625,8573656,797.3498214011286,802.2187535230167,786.3585185830859,788.0457763671875,20543142
2024-05-13,1094.4604418124766,1112.4161255815404,1088.8522931770124,1109.808837890625,9707983,790.456122787604,790.456122787604,769.9679931182314,779.8023071289062,15398505
2024-05-14,1107.7427007496667,1109.7104468669584,1100.5112577889583,1102.47900390625,8944262,783.8517179173241,792.9147256484775,778.9345904580701,788.8652954101562,10912462
2024-05-15,1104.003936981434,1109.612085486358,1095.5426526828924,1106.2176513671875,10743423,791.5648684373534,795.7106897182591,788.7206223660413,790.8899536132812,9755062
2024-05-16,1114.7281968433215,1118.2209943092364,1094.8540087178606,1112.8096923828125,14265565,795.7107594941345,796.5303200119738,768.7628305348695,782.8394165039062,20536990
2024-05-17,1112.8096108108375,1125.5507181902365,1102.528065843281,1112.2684326171875,8641784,785.2979013861104,792.9628834636741,782.1162273671808,788.5277709960938,12492509
2024-05-21,1104.1022778238569,1115.5153011731006,1098.2482812745363,1102.8724365234375,10452900,791.5649127770058,806.3163543151672,790.2150830532505,800.8689575195312,14037801
2024-05-22,1106.857133236162,1107.742642963088,1080.3909253188892,1093.1812744140625,17527411,810.2799344229562,810.3780018937406,797.5358302513197,802.6334838867188,19239277
2024-05-23,1097.5596331640875,1118.6636621265907,1093.4765359706398,1116.2039794921875,13787687,808.4663420586099,819.0537392891404,805.8194777925474,815.7206420898438,17497488
2024-05-24,1111.7765639224867,1116.6959292495774,1106.0209305101291,1113.695068359375,6312670,813.6620166705683,824.6905681013441,810.7210696223614,812.28955078125,12252075
2024-05-27,1113.6459433951586,1129.2895491082788,1103.4628812192523,1111.579833984375,11599857,816.2108014350272,822.876995845969,806.7997949535047,817.2891845703125,12295193
2024-05-28,1114.2361779831701,1116.8925870555686,1106.8571304468578,1108.775634765625,9311718,819.2498532378913,824.151431802395,807.093914464433,814.7894287109375,13818893
2024-05-29,1097.067741329381,1105.4306626270395,1080.7845935856149,1084.2281494140625,19268547,812.0935412900568,818.0244392460639,803.1726326134542,806.4567260742188,14518232
2024-05-30,1079.308747806472,1102.9217012680538,1079.2103845207203,1095.7393798828125,15255387,805.2313320096405,819.5439171556648,803.1726331596147,809.5936889648438,17818705
2024-05-31,1099.970086377496,1112.366862972861,1093.328943190512,1102.970947265625,26197718,814.3482733523172,818.5636189442075,801.0159437782618,814.005126953125,22267336
2024-06-03,1151.1314549939386,1154.0830741093077,1117.974981638635,1141.292724609375,25699977,846.5516101706216,894.0479177688353,839.8854753820721,887.8229370117188,64269020
2024-06-04,1139.2265453107807,1140.702354777864,1036.5594240710273,1054.170654296875,43476837,879.3431739398783,879.3431739398783,717.542081270305,759.9407348632812,122381193
2024-06-05,1067.5022525173526,1105.1353964425034,1034.0998107211954,1090.7708740234375,42172104,775.1846003180706,779.3509418310036,729.4038474915685,774.2042846679688,74256082
2024-06-06,1099.970087057546,1099.970087057546,1078.9151794387894,1092.49267578125,18574162,784.2525339544707,816.9460375302097,780.3312712846982,800.868896484375,40555649
2024-06-07,1092.4926581643756,1110.104009770429,1085.8022733872265,1103.6103515625,17197635,803.7608761709042,815.1325144961712,794.545884544975,813.613037109375,25061284
2024-06-10,1098.0022563128857,1114.9248236920885,1097.1167466019742,1105.676513671875,10851455,817.7303524667053,828.8079077389773,812.877777859861,815.4265747070312,16725508
2024-06-11,1101.6919214874545,1110.8419895056586,1093.0830317236544,1100.1668701171875,12250002,819.5439372413512,823.0730498797147,812.730731059502,819.102783203125,14754408
2024-06-12,1102.9216850641683,1115.1217348604168,1094.0668276461688,1101.4951171875,16096514,820.5242466911467,828.905934018559,816.6029838634709,822.5828857421875,15071442
2024-06-13,1104.1021886675976,1105.0860616284854,1087.1796217809997,1089.49169921875,12494254,828.3667754966601,829.2490835697314,819.6419417384134,827.2884521484375,12523972
2024-06-14,1096.0345294527124,1096.0345294527124,1081.719129164698,1087.8192138671875,11377979,828.3667270254315,833.1702976600134,818.6615781244269,822.680908203125,12903496
2024-06-18,1095.9853271941342,1116.7451444635597,1083.4409459075023,1104.7418212890625,18306176,824.9846443812804,834.7387973148866,823.7102459704445,828.2687377929688,14929083
2024-06-19,1109.75950368303,1146.75322461017,1107.9886043418487,1125.993408203125,34309514,830.1313196004876,843.6596642417119,824.4455005291003,835.817138671875,32925140
2024-06-20,1135.4386364718932,1141.2926325377728,1117.1877450402078,1138.144287109375,15475933,836.209277488426,836.3072851232247,825.7688915323681,827.141357421875,13985352
2024-06-21,1144.7854792681483,1151.033048809149,1132.0934935247788,1139.9644775390625,69259425,828.2687636644131,831.3567222370788,812.2895697948148,819.8380126953125,18990090
2024-06-24,1136.0289470067053,1156.6902793435293,1134.0612010698649,1151.229736328125,12210295,815.1325081138934,819.543928783181,804.8881970373593,816.3088989257812,12715254
2024-06-25,1151.3773811074136,1186.5508409447048,1148.8193353214021,1178.630615234375,27309845,820.5242410117988,829.2000110244921,817.8773766546938,825.6708984375,20917530
2024-06-26,1182.6154524579229,1203.1291823342124,1174.59686276576,1198.357421875,25403461,823.3181026095383,832.0919399410025,819.5439111626723,828.7098388671875,16281760
2024-06-27,1208.5403632954783,1215.083142699582,1189.6008082372055,1200.2266845703125,20516632,827.288405942117,830.7195107377448,821.7495985528304,827.3864135742188,20378887
2024-06-28,1207.2122974343558,1207.2122974343558,1177.0565628057336,1180.254150390625,12507092,830.2293784821371,846.992752780768,827.386439058991,832.239013671875,23636388
2024-07-01,1180.25407382428,1195.7500741919466,1172.8259044392062,1192.3065185546875,8636894,832.6311314704473,833.7585184800706,823.4161996179325,825.3768310546875,10967797
2024-07-02,1197.3734411453652,1197.3734411453652,1166.4306833322826,1171.399169921875,16153925,827.3864282167037,829.6411422984175,806.9468703630849,809.8878173828125,21142840
2024-07-03,1177.54840489326,1196.24199235147,1160.428990253299,1182.2218017578125,22330897,812.6817296590598,827.2393941277866,808.760466789776,823.4161987304688,23598009
2024-07-04,1209.179986290108,1215.033982934888,1194.7171004020095,1213.115478515625,15275791,826.4061106133324,828.2687343216311,817.8773523092979,822.7789306640625,13372587
2024-07-05,1205.2444756355717,1222.5606171427328,1201.1613784936928,1213.509033203125,9535575,821.5045497192135,844.2968895533086,820.5242340274244,842.826416015625,24873722
2024-07-08,1209.0816030717467,1219.5106332770943,1197.2751265898385,1215.1324462890625,6617190,842.8264296839359,847.9730871492928,836.6994565108919,839.3953247070312,10359800
2024-07-09,1215.0339475267522,1230.038011199292,1209.4751610015549,1228.1195068359375,13366874,842.9734801738035,852.8256408262188,839.1502250746712,844.3458862304688,13585081
2024-07-10,1232.5469141994527,1232.5469141994527,1216.4113728030459,1223.15087890625,18226503,843.1695051813592,843.3165764690709,826.8962885808327,832.2880249023438,17343236
2024-07-11,1226.2501602309792,1237.5155787915146,1205.2937361837155,1218.4775390625,11307116,837.5817726337938,841.4049680302959,833.0232806157347,839.8364868164062,8501366
2024-07-12,1215.9687089511149,1232.6945505595163,1210.2621973028672,1213.01708984375,12208290,839.8364577356562,846.0124345728623,838.4639918457344,842.7774047851562,11446064
2024-07-15,1213.213848187686,1218.4775450466864,1204.309869041595,1210.1146240234375,15612671,842.7774216383809,869.8831149197468,842.7774216383809,864.001220703125,25392820
2024-07-16,1210.1638079399554,1224.9219031587354,1209.1799349253702,1219.9041748046875,12320605,864.9324947942838,870.6183136551655,857.0899695148005,863.364013671875,11893692
2024-07-18,1214.9849267751276,1236.1873202209238,1211.8364607641408,1230.1365966796875,10999632,863.315023261012,877.2845216320075,860.2270049507774,875.9610595703125,19435183
2024-07-19,1223.9380279933182,1230.3332025768846,1220.2485041951068,1228.5130615234375,7958817,877.3825576774864,881.3038205050954,865.912851939986,871.84375,14562742
2024-07-22,1220.0026771573469,1225.2172527697476,1213.0172019778342,1221.1341552734375,9958965,864.0992633045507,877.382528728047,850.914005515022,859.540771484375,14614111
2024-07-23,1221.1341050565184,1228.5131532036169,1192.9461171142627,1206.96630859375,19369832,865.618719345537,867.0891928212089,832.385994861864,846.8947143554688,18279212
2024-07-24,1205.2444794873966,1213.7550053424823,1182.6646411572679,1203.2767333984375,20122521,847.1888058977289,850.9139934414429,830.5234396667329,835.2289428710938,19624845
2024-07-25,1186.0589540798987,1198.6033353860112,1171.3992217096722,1178.58154296875,14154461,830.8175358859385,834.0035618347636,824.6415590903446,831.7978515625,9522375
2024-07-26,1170.808877642708,1200.3250678353813,1166.824143926023,1187.7314453125,19309265,828.0236595382181,847.2378228513442,827.386430415429,845.4732666015625,12081506
2024-07-29,1195.5533833447412,1222.7082560181059,1184.7307795900044,1193.142822265625,28458261,849.0023752250042,871.5986394833856,846.208499495082,854.443115234375,26582781
2024-07-30,1193.4379877337221,1211.0000973333736,1184.976703679443,1189.9451904296875,23972277,857.4821305468374,863.2169532964333,851.8943192478578,855.6195068359375,13528447
2024-07-31,1199.3412284660044,1204.9001351285349,1191.4702441938732,1195.307373046875,22297629,856.6488268509507,857.727209991399,850.9140040978348,855.2274169921875,11636874
2024-08-01,1192.946036063854,1202.9323712314479,1187.4363711753606,1190.584716796875,8725046,860.5211196893349,864.0502921513843,842.5323503146797,845.6693725585938,11787203
2024-08-02,1177.6959907114142,1182.2710242194773,1170.9072429350965,1177.2532958984375,10735395,839.8364743996533,841.4049555903533,829.494155703777,831.16064453125,12609331
2024-08-05,1162.937883324056,1169.7266310287719,1148.1797883580148,1153.689453125,14306771,813.6620483537691,814.9854506435058,784.2525767265245,795.6732788085938,27676951
2024-08-06,1156.0508158159441,1168.5459553164283,1142.768529846995,1148.0322265625,13575619,806.4567530115417,810.2799484288843,779.988228505242,781.9978637695312,17900930
2024-08-07,1159.9370447242293,1160.7734328695763,1142.8668719088475,1153.5418701171875,15753644,793.0753863597355,794.7419349850848,784.7917068840424,792.7322998046875,17692355
2024-08-08,1148.1305589944793,1155.4604849673224,1140.2104533386794,1145.8184814453125,10806438,796.01636305695,801.7021822548979,786.9974464841414,792.1441040039062,14769069
2024-08-09,1157.5758097480823,1161.9047548052447,1150.1475206629223,1152.70556640625,8687307,799.9376104147318,813.6130263830515,793.6145621891944,808.07421875,15320885
2024-08-12,1162.0336803927066,1169.228167312303,1147.1485350418181,1163.8199462890625,10860455,804.4470175738744,806.799799123275,795.2320861451166,796.6044921875,16120449
2024-08-13,1174.1402001247322,1180.143923785119,1154.6903013699869,1159.4039306640625,13117927,797.4868163142143,803.8588683191833,779.3999798102883,781.8507690429688,17585172
2024-08-14,1158.0642597488902,1161.090954297597,1144.1714580038308,1152.7552490234375,13431801,785.183846292551,793.2224467373169,784.6446846418667,787.1934814453125,11788665
2024-08-16,1161.0412636212889,1183.8651517095705,1156.7245959708455,1178.1591796875,10961370,787.1934703278642,798.85925054641,787.1934703278642,796.1143188476562,11427335
2024-08-19,1181.8804727263328,1186.5941018157116,1164.3160506791048,1166.8961181640625,6686394,798.9572597142997,809.1525664711355,796.6044782061931,797.682861328125,10151482
2024-08-20,1165.2091443736933,1180.6897926432184,1161.041352076898,1170.4189453125,10427061,801.8492361476191,806.7998184496117,797.3397480422,804.1529541015625,10347493
2024-08-21,1167.9876876109618,1169.625077755297,1156.178781920312,1165.8541259765625,17234142,804.1529595522029,804.8391925113443,795.2321105845307,799.4964599609375,14607257
2024-08-22,1172.9494391539793,1183.468250844818,1167.5907626667606,1181.979736328125,8564142,802.8785556624933,807.6821265102021,801.0159319051235,804.1529541015625,7832917
2024-08-23,1183.8651886303296,1195.7733045260243,1179.449310773257,1194.2847900390625,7518309,805.3293192807621,805.8194771135562,798.4671096216442,799.3003540039062,5537747
2024-08-26,1196.3191076607097,1205.647034605679,1191.8535643266057,1204.009765625,10920226,801.8982298568817,807.2409623037237,797.7808920155667,799.0062866210938,8523795
2024-08-27,1204.0098351320562,1223.0627726699063,1199.6435016150756,1216.9598388671875,16295325,801.702163529934,803.3197083604263,795.0850325876467,799.839599609375,12833290
2024-08-28,1213.2882407138438,1217.009527109644,1207.9792296829603,1214.47900390625,12291305,798.7121942115388,801.1139795760346,790.6245899129868,793.467529296875,10371300
2024-08-29,1209.6164607584685,1225.5436144859966,1207.681440347739,1212.5439453125,10806748,793.6145275853862,799.937575535221,791.0657308125117,798.4671020507812,18247268
2024-08-30,1220.5818867193016,1226.0894388087463,1209.5669036760319,1219.7879638671875,21211148,801.0650084127782,804.5451172254517,798.3200765507661,799.5454711914062,8911426
2024-09-02,1229.5129791826912,1229.7113993287953,1213.1393196536237,1220.5322265625,12516759,801.2119858304522,809.1525786646832,797.04564422928,805.966552734375,11813750
2024-09-03,1217.8033299887798,1241.371477184039,1211.055469999512,1238.1463623046875,19114907,805.966591337859,809.6917790988241,800.3297759604034,808.5643920898438,10548350
2024-09-04,1230.3565014424944,1234.176997942738,1223.3605556490777,1226.88330078125,13505843,799.3984149013352,802.5354369721819,797.6338586845211,800.427734375,10789570
2024-09-05,1228.5206798050983,1235.3182053814185,1221.8720299114532,1226.486328125,9142811,802.2413336710257,805.9665812189434,798.369134501237,802.6334838867188,8395074
2024-09-06,1216.5628019074484,1224.4520011114125,1195.7732653744783,1198.899169921875,10170479,795.5262015930762,796.8986675256167,761.7053094735923,767.0970458984375,40220096
2024-09-09,1193.6893937018356,1228.8183593866072,1191.2580807218426,1225.5435791015625,13863250,769.5477977846319,772.6848198824725,755.8233784610844,768.8125610351562,21322103
2024-09-10,1227.4786328440832,1231.844966297702,1217.6048683884173,1227.8260498046875,15545130,772.4887444671417,773.2729850328517,762.1954299786836,767.2440795898438,12824701
2024-09-11,1222.0704612349368,1229.8107854485313,1217.009535927106,1226.88330078125,11993242,764.6952691046852,772.4887910829905,750.3336796377038,753.4706420898438,20060665
2024-09-12,1228.520699503871,1247.3752175091806,1216.9598787103319,1242.5623779296875,15376442,759.7446278215249,774.3513549221617,757.5389176117205,772.24365234375,17578964
2024-09-13,1242.4133910945052,1246.333097348584,1232.5396270556282,1240.7760009765625,9877288,775.429725098296,779.3509879306515,769.6458384870828,775.2826538085938,12950936
2024-09-16,1241.4210578615323,1255.9092410243197,1235.169248684242,1253.1802978515625,8973335,775.2826362662203,779.3509702962235,768.9596479590956,770.0869750976562,9553736
2024-09-17,1250.302517024621,1262.508384404533,1248.7644580527592,1258.39013671875,11513121,770.1360013393838,771.9986251303302,765.1854189481497,767.4891967773438,10665630
2024-09-18,1252.3368930345305,1285.4315085718288,1252.3368930345305,1278.485107421875,12466597,768.3714262748396,779.1058950529456,766.6068699986203,777.145263671875,18324412
2024-09-19,1278.4851014958492,1290.0459218689532,1275.5080724453824,1282.107177734375,13172268,779.3999767062683,785.5759535812824,768.6165041254203,774.400390625,10645478
2024-09-20,1285.0841618950908,1351.9184375163336,1281.6606270608918,1328.201416015625,73257767,779.203920907502,779.203920907502,764.1560986394321,766.3128051757812,21372244
2024-09-23,1320.80849505564,1321.60241788708,1298.4807781970735,1311.7781982421875,11380409,770.5281215390131,789.1541193879206,769.0576480246257,786.0661010742188,17309545
2024-09-24,1310.8850653274296,1321.2054564579635,1305.377513381459,1308.50341796875,13886037,783.5173029793567,788.4188813527027,780.8214348740164,782.5369873046875,15180653
2024-09-25,1300.7135877579847,1317.583418764573,1300.0685405806087,1313.7132568359375,8728019,782.1939054186181,782.2919130531816,773.1749891911104,777.4883422851562,18465571
2024-09-26,1309.892782398436,1323.1405374478413,1306.8165432729581,1318.87353515625,11100869,780.331278301596,787.193488035404,776.0178653925714,786.0661010742188,23198842
2024-09-27,1322.793216287465,1322.793216287465,1293.8663936696585,1296.5953369140625,17117379,786.0661024227028,792.095067775522,782.7330650179391,786.8504028320312,15193681
2024-09-30,1282.2064133181361,1286.870498271365,1261.168789397214,1263.252685546875,12622212,786.1151665701419,786.8013396781569,770.9692773696576,772.3907470703125,15484573
2024-10-01,1260.0772141126831,1270.4471502080723,1257.8939867892805,1264.6419677734375,10972413,772.4887361629332,784.5956105690549,772.4887361629332,781.2625732421875,13280535
2024-10-03,1244.0011592918727,1256.0581509565811,1238.5929384016897,1246.7301025390625,17648551,774.3514108096929,788.1738385219239,768.861606879953,778.4686889648438,15944135
2024-10-04,1237.5508987809962,1254.7184806872842,1226.734336136113,1230.2572021484375,13488887,776.4100140404223,793.9086248930724,769.7928832389414,780.968505859375,20097454
2024-10-07,1232.0434743858432,1253.2795172340534,1215.6201496244253,1224.4520263671875,20667247,784.2525262685198,788.1737888998624,750.3336284408941,755.4802856445312,24267990
2024-10-08,1231.4976811477177,1238.245662101406,1220.3338222332038,1227.13134765625,12219259,757.0487719081607,768.9596311652928,757.0487719081607,766.0676879882812,8560960
2024-10-09,1233.5319821121263,1255.4130720043904,1223.2115909568488,1234.62353515625,14765997,771.214345767345,788.5168813576186,766.6558539907494,781.7037353515625,18758697
2024-10-10,1237.2036303622588,1245.0927087268437,1228.520629146562,1233.978515625,9118195,783.2722306646576,788.6149631033948,779.3509679329196,781.4096069335938,10241015
2024-10-11,1227.528300150437,1231.299252032795,1212.6431550394777,1213.635498046875,8472512,781.5076533317213,786.8993894424932,777.3903156076607,784.0074462890625,14322720
2024-10-14,1211.6507942721546,1228.4214150784755,1208.0783837250117,1222.3184814453125,11833929,786.2131901126612,793.3204789260238,785.036799307843,789.3012084960938,8967564
2024-10-15,1229.4632721003522,1248.6652054451272,1225.9405272443164,1245.8865966796875,11657338,789.6442795500336,791.6049109083206,785.821024467886,788.81103515625,6252104
2024-10-16,1238.9402364127245,1245.340800313192,1232.0930454805564,1233.6312255859375,7869727,786.9974153952073,793.0753845737652,786.2621786357137,789.5952758789062,6494240
2024-10-17,1239.8829828601924,1247.3255557801638,1215.024861988864,1221.8223876953125,8459497,793.5655446321986,803.3687014528558,790.1344397449686,795.0850219726562,18580553
2024-10-18,1218.547563181441,1259.1840825393742,1215.8682854811916,1254.8177490234375,11018126,795.1340535689559,806.4076843065691,787.0955125621578,804.2510375976562,11704698
2024-10-21,1254.8177669815936,1262.607635574402,1240.9746301061532,1249.4095458984375,7742775,808.4663723240905,810.1819248045383,793.0754038184709,797.927978515625,10359618
2024-10-22,1256.9016668439735,1275.0615928812024,1250.1041412654479,1257.7947998046875,20090801,797.9769793065807,800.7708551163644,771.9986132726441,774.841552734375,16645356
2024-10-23,1251.3445279562577,1258.2412633793258,1233.5320194899548,1242.0164794921875,14055447,774.4493999917999,776.9981968684108,764.4501679238956,770.5281372070312,13866198
2024-10-24,1240.6768573006573,1250.7987076222266,1231.547349996325,1243.15771484375,12223031,770.5771069894755,781.3115753553931,769.2047009756573,778.9097900390625,5607500
2024-10-25,1237.6998715609657,1259.184122863092,1224.7497462785968,1245.8370361328125,13546055,782.2919467905059,784.9878150281925,756.8037379978327,765.5775756835938,9717125
2024-10-28,1275.6569864282283,1297.7862848220739,1270.794481272672,1282.95068359375,24096412,768.3714408102454,788.1248262816986,768.1263618829754,776.4590454101562,13757251
2024-10-29,1291.3855165608227,1325.1251779791885,1289.3016205238707,1321.6519775390625,20656117,780.3313006117369,818.4165417897631,774.9395642381633,816.3088989257812,28274791
2024-10-30,1313.8621457191011,1320.7093367177222,1295.6030101013187,1302.1029052734375,15055031,811.701360020144,816.6029382811352,804.8881542706223,806.2606201171875,15977682
2024-10-31,1297.2403694104125,1308.8507339009743,1278.6836040126998,1282.355224609375,23497314,803.8588565381399,811.7013819677803,797.5358084437482,804.054931640625,13402324
2024-11-01,1280.0727600114117,1286.2749035463628,1276.4011394929669,1281.90869140625,1007022,806.2116691468042,809.3486315724846,802.7805641392085,805.0352783203125,1637141
2024-11-04,1280.221658871375,1281.908714624808,1260.3252547322475,1267.42041015625,14309121,806.5057323110566,821.0143925955531,791.2127716054617,813.5149536132812,14498161
2024-11-05,1263.2526375453915,1291.3359928673021,1253.4284176295798,1286.7711181640625,16431920,813.5149259169897,834.6407762413705,809.9858134770826,832.4840698242188,26254561
2024-11-06,1290.2940335374446,1304.9310933295442,1282.8017951557133,1292.3779296875,12037405,832.48407214421,844.4439351874554,829.543125158185,837.9738159179688,15002433
2024-11-07,1287.2177364325325,1292.824498565034,1265.4854006783698,1268.908935546875,9909035,844.0517871528804,845.4242530166981,830.0332851169691,842.6793212890625,15283847
2024-11-08,1260.2755859661174,1265.2373008714958,1243.108003939261,1249.2109375,11195808,842.6793683716584,846.5026236103943,817.7793850018238,826.55322265625,26139105
2024-11-11,1252.3369021242906,1266.1304944492979,1237.1044608620273,1259.5810546875,8387780,829.3470548242794,837.1895801654074,825.4257921537154,830.964599609375,12621337
2024-11-12,1266.3785236970411,1285.084164724792,1254.817703702316,1260.8709716796875,13486168,835.7191350712344,836.6014431355901,808.0742203373242,810.427001953125,11350729
2024-11-13,1260.8709623351128,1266.477724382224,1240.4287212362626,1244.100341796875,12260404,807.1428924562375,815.3775681145983,788.8110370785578,792.7322998046875,13756706
2024-11-14,1244.149990424334,1257.993126310203,1233.5319691696748,1247.325439453125,9506892,792.732297195377,801.8982248540469,785.2818621400214,788.4188842773438,9461484
2024-11-18,1250.3521900785158,1252.9322576721884,1239.8333784208526,1243.852294921875,6195554,795.0360273075926,800.623838726437,783.5173179107193,798.2710571289062,9322451
2024-11-19,1247.4248442373848,1251.3445507199667,1231.3488145998942,1239.53564453125,11537317,802.8785321341356,804.1529305358586,784.3505420744752,787.1934814453125,13677029
2024-11-21,1238.9899233393824,1247.2759633109613,1223.1124350544421,1240.974609375,9593870,782.7820731049121,782.7820731049121,746.5593966407021,765.3814697265625,29486577
2024-11-22,1248.3675121917486,1271.588362957257,1246.3828261628269,1268.2640380859375,11604338,770.5281578092952,803.8098885516449,768.6165301838633,799.9866333007812,20665405
2024-11-25,1286.0765977985961,1301.160163762971,1280.1225394754547,1290.9886474609375,22717581,810.721055354177,832.8761654605977,809.3976531392633,827.8275756835938,23434605
2024-11-26,1300.5647702425501,1304.1868465830694,1292.4771502005863,1294.9580078125,7646955,827.3864424008906,830.0333067307656,819.1027628532369,822.8770141601562,8893744
2024-11-27,1288.5573723920809,1300.812784090288,1287.9123252215186,1290.740478515625,21938082,821.9946872850031,825.9159499554146,815.7206430788567,817.6812744140625,8375108
2024-11-28,1291.0878806767676,1300.4654733696732,1272.4814498292426,1276.5003662109375,22803745,817.6812691634748,829.1509743675217,814.1521567162539,822.3377685546875,13505677
2024-11-29,1273.275310189296,1293.2710463550777,1273.275310189296,1290.1451416015625,11397228,824.5434948634407,827.4354380874087,815.181492082223,822.4358520507812,10822949
2024-12-02,1289.946649219065,1300.5151260626694,1279.2789623057151,1294.6602783203125,9626400,822.4358281017708,825.4257788732257,816.308855277593,819.93603515625,6651119
2024-12-03,1293.9655928118616,1302.747925178162,1286.1757245707627,1298.381591796875,11509276,821.5045173305319,839.7383645454308,820.4261940455666,837.1405639648438,12186182
2024-12-04,1292.625936747851,1309.8927287632168,1291.7328038420255,1305.9730224609375,11570281,837.1405896069477,846.9927502560289,833.562413429901,842.7774047851562,10749716
2024-12-05,1306.171532833215,1332.6174992065928,1298.5800843127004,1326.2664794921875,19210697,843.0715130039896,854.2961398822408,838.7580999342011,848.4142456054688,14716036
2024-12-06,1332.2205223736623,1336.7852761002946,1316.5414539912906,1318.5758056640625,8942672,848.2181393525192,858.2173712226388,840.1305350189066,846.649658203125,14520568
2024-12-09,1311.9766296210685,1318.8734860133875,1310.1408193352056,1312.1751708984375,8000764,842.0911629301171,849.7866170280626,840.0815277676334,841.1598510742188,9630346
2024-12-10,1308.9004164217674,1321.8008754160685,1305.1791301734115,1320.2626953125,8218214,844.8360169417576,851.8452977871689,841.1598332466929,850.423828125,7379849
2024-12-11,1314.5567183054773,1321.0566133833202,1305.9233826947975,1317.3353271484375,8138066,850.4238399742597,852.7275578551114,844.0027843308235,844.6399536132812,7006973
2024-12-12,1311.4309069614158,1328.4991576758143,1311.4309069614158,1319.0718994140625,9076896,844.5419581482005,847.2868300848979,834.3957147957527,836.8955078125,8845103
2024-12-13,1315.201818050664,1336.8349446817394,1303.4425773055236,1334.6021728515625,13536684,835.8171052852829,845.91440442009,818.5635736543202,844.5909423828125,9379370
2024-12-16,1334.6020835708346,1340.1095143687996,1329.7892443970975,1335.7928466796875,9071006,842.8754206370667,849.3455401092758,840.9147892516194,844.0028076171875,6432713
2024-12-17,1331.7243053318298,1337.7775734016686,1315.8964829440192,1323.5374755859375,9879257,841.6500206085419,845.6202871717958,830.37639021472,833.8074951171875,8791216
2024-12-18,1315.1026301384318,1324.728309292061,1297.4388753521955,1304.087646484375,8510595,834.2486438857434,835.2289595659852,820.5242243623587,821.651611328125,8295338
2024-12-19,1276.1531316977298,1293.0229631431896,1274.614951552865,1277.0462646484375,11517304,808.3682600646816,821.5045136920517,804.0549071102052,816.4068603515625,9453398
2024-12-20,1274.1187908536028,1287.8131731856893,1262.657301485049,1278.5347900390625,58491181,818.4656111397987,819.5439344885314,794.0557259996536,796.016357421875,10244198
2024-12-23,1284.736921667357,1296.992333800165,1277.1951389037538,1286.8704833984375,6827512,801.2120157160039,807.780142922531,796.2124295415985,804.9862670898438,4933200
2024-12-24,1286.8705106850512,1294.5115036860577,1280.3706152786017,1287.3170166015625,7138516,808.0252324059893,809.9368600271976,793.2714927831553,796.0653686523438,10602771
2024-12-26,1296.9922716557783,1302.6982437766815,1279.3285182011693,1287.4161376953125,7338444,796.9966812110812,806.6527671299033,792.0951026058469,796.45751953125,8318714
2024-12-27,1288.6071205266592,1305.8737927483876,1288.6071205266592,1297.5382080078125,4756066,800.2317056059302,802.1923370345046,781.507699396533,783.9094848632812,10649800
2024-12-30,1294.957999087405,1316.343040012265,1279.576681997175,1284.7369384765625,14207425,786.2131736679016,792.0460639180922,769.5478071437691,772.7828369140625,21515438
2024-12-31,1277.0462265132433,1280.0727999714104,1270.2982456823183,1271.83642578125,8449607,771.4594156879419,783.4682824464205,770.5281038501324,779.3019409179688,9086044
2025-01-01,1271.8364809130148,1283.0995501851953,1257.3978412327829,1273.8211669921875,4705399,779.8901437444632,782.9291583169418,773.9592457218257,777.58642578125,7273098
2025-01-02,1275.26000882058,1283.4965044573805,1268.6113589467466,1280.7178955078125,7433222,779.3509857383269,786.6053458912669,771.508460095677,785.428955078125,11398319
2025-01-03,1276.3514823434055,1278.1377481475479,1252.5849166143184,1255.363525390625,11194997,785.4289209052785,793.5655289387714,776.557076124776,777.782470703125,13336514
2025-01-06,1258.3406039432266,1267.9662826986646,1247.3751652140256,1254.4207763671875,7504047,781.7037559768974,781.8997712481304,757.9311004689307,761.1171264648438,11419367
2025-01-07,1256.8024602237333,1279.0805130186131,1256.8024602237333,1269.454833984375,7539758,764.4991607191188,768.4204234473491,759.5975823088309,763.4208374023438,9669152
2025-01-08,1270.7448974492877,1275.1607754157394,1242.7607517198803,1254.073486328125,7566309,765.5285368443842,768.5184876953866,745.1379228760546,755.970458984375,15641490
2025-01-09,1248.3675530849682,1255.0658686519982,1238.543332692866,1252.73388671875,8684920,755.9704689607948,756.1664842319951,711.9542705064919,745.4810791015625,15351029
2025-01-10,1249.359870144571,1255.264262696962,1233.5815917988612,1240.2799072265625,7854524,745.3830030949237,748.3730137848589,727.4432381239155,728.61962890625,11779296
2025-01-13,1225.4444532249365,1234.4250851207983,1215.5210227528514,1220.3338623046875,9669336,726.9041084985033,729.3058939862478,708.2781097642194,715.1403198242188,10414733
2025-01-14,1223.9062438907645,1235.3181886617992,1218.0513958245872,1230.8031005859375,10342698,718.5224071080802,742.0989878190752,718.5224071080802,733.4232177734375,11960975
2025-01-15,1224.551219155373,1234.8716102214069,1220.5818472942535,1228.7686767578125,5355382,738.3247909702291,743.9616062267667,735.2367725918546,738.8639526367188,7792299
2025-01-16,1235.56627244332,1245.8866640990627,1230.1580514277643,1239.53564453125,11895924,745.4320548303559,761.4111881866247,745.4320548303559,751.2158813476562,11816079
2025-01-17,1233.8296138721637,1239.4363759086416,1208.6737436803246,1216.066650390625,9790533,751.215910613101,752.8334554551853,744.4517681682984,749.0592041015625,5766573
2025-01-20,1214.5286456993424,1232.2419443689244,1205.944854354206,1223.50927734375,7676418,753.8627747972309,769.5478260283826,752.735387806503,763.9110107421875,9198929
2025-01-21,1227.4786100806577,1229.4632960558952,1183.567432878532,1186.9910888671875,20520898,769.3517095093413,769.4497769744905,741.1676345954302,744.1085815429688,13751780
2025-01-22,1191.8038937223043,1198.2541229556057,1182.6743869540314,1191.258056640625,10377123,747.0005222558178,747.9808379018228,723.4729467516976,738.6188354492188,9908339
2025-01-23,1188.0826742078204,1198.6511515402387,1176.9188152937772,1192.5482177734375,8770650,735.2367384986907,740.7755458622017,728.4725365710152,731.2174682617188,10986405
2025-01-24,1193.8878937592276,1208.6738293636251,1192.7963406363526,1199.941162109375,9216792,735.138768408009,738.8639561065576,724.4533033293378,729.501953125,10579213
2025-01-27,1185.8499521739243,1225.1963785798748,1183.9644761399952,1218.547607421875,16164687,725.4335984843208,740.4814201410142,721.4143281559363,734.4525146484375,11433353
2025-01-28,1237.7990449684048,1254.3215805212242,1226.535975889425,1237.3525390625,18066499,742.0989667504426,744.7948348595096,730.7273288420482,737.5895385742188,14140860
2025-01-29,1242.4134579383835,1246.1844098592185,1233.5320363858045,1242.066162109375,7666777,738.1777143020389,745.8241647145189,735.0406921284334,743.5204467773438,9251973
2025-01-30,1240.428743300886,1250.203297570973,1230.0091418571585,1245.98583984375,11921041,743.6184784127346,749.9415267817568,739.8932906386025,747.5887451171875,11085824
2025-01-31,1244.8943321590757,1246.3828467053002,1229.6122252573796,1243.2073974609375,10195417,749.8435094869757,762.2444673012822,744.5497807267266,757.68603515625,10083763
2025-02-01,1241.5699459496786,1251.6917959101459,1224.3528194419691,1245.936279296875,3011914,759.548580017539,763.4208389361906,737.3444656745553,750.9218139648438,9363077
2025-02-03,1237.3028281264465,1250.3521626222068,1228.3221967826344,1243.40576171875,6176831,747.7848125737272,747.7848125737272,738.3248018604113,745.9712524414062,7862190
2025-02-04,1253.1308244391428,1270.6952475836679,1250.3522155059911,1258.4893798828125,14839077,751.9021360972733,765.8716347144651,750.5787338459753,763.8619995117188,12020807
2025-02-05,1260.4740215455731,1267.966259598702,1255.462762111137,1257.9931640625,6840709,764.6462410892296,766.6068724766379,749.9415056836675,750.9708251953125,13419162
2025-02-06,1265.2372940723083,1269.2066659752802,1253.5275985042942,1262.6572265625,8396554,753.8627308990996,755.6762909086074,735.2857374622155,737.4424438476562,32745391
2025-02-07,1262.2603567708522,1265.2373859141799,1239.9823038025354,1247.2760009765625,7382039,744.8438308139157,744.9418982807152,717.3459883584466,722.688720703125,37240692
2025-02-10,1247.5735745348811,1255.3138984101563,1239.7837061908433,1252.9322509765625,5740361,725.4335919181764,729.256846944206,718.963532464286,722.2965698242188,12667049
2025-02-11,1246.2339539700604,1252.188012073483,1238.8410469458931,1243.15771484375,6586627,722.9338420118377,725.5807064311172,712.2483766958933,716.7088012695312,13017060
2025-02-12,1247.5735208959845,1260.0274734986122,1235.119689428972,1242.2149658203125,8809352,718.7184448242188,724.1591847308209,703.0333943785369,718.7184448242188,12697743
2025-02-13,1242.9592342670746,1256.3061987457909,1236.3601292961446,1239.337158203125,7263785,719.9438519637431,722.9828066071801,711.8562476864424,713.3267211914062,12370571
2025-02-14,1242.5126718509223,1253.8254065127483,1234.9212235163006,1250.451416015625,10368438,716.5617636405941,718.4733911976853,702.1021072520733,707.9349975585938,10417539
2025-02-17,1241.5699462890625,1248.5163471638045,1223.8069826822411,1241.5699462890625,8386151,704.8959778549706,714.4050519193028,697.5436102537428,713.375732421875,9093600
2025-02-18,1243.3065364897366,1247.9705000138076,1227.5779245772142,1233.531982421875,8135042,713.3757463206829,713.9149079885333,703.2294429330741,711.5131225585938,8562003
2025-02-19,1225.3947820253827,1254.7681118615644,1220.8300282561831,1251.9896240234375,10683412,707.8369242269698,720.3849529544706,707.8369242269698,712.9835815429688,6766606
2025-02-20,1245.7378271028595,1254.3216187366877,1237.203701075922,1240.379150390625,8398849,710.6308614417115,717.100921006022,709.1113242684337,715.3363647460938,7423268
2025-02-21,1231.5968971791747,1235.1693078219741,1215.173692889092,1223.50927734375,7786428,712.983563836215,717.2969766512275,705.8272715222472,707.7879028320312,6571602
2025-02-24,1217.3071583182455,1222.467414805944,1200.9831637697991,1209.0211181640625,11522480,696.5142704603655,705.5821902376468,696.5142704603655,702.2981567382812,6912148
2025-02-25,1217.2079253456668,1222.2193060560244,1211.6508286551266,1214.7767333984375,11059417,704.7979622750793,704.7979622750793,696.0241250697796,696.9064331054688,8599635
2025-02-27,1215.769120615194,1225.3947998146707,1209.1203494513463,1213.0897216796875,12008162,701.9060466163252,703.5725952859297,687.2993186401222,690.0442504882812,12033139
2025-02-28,1206.6891556122284,1215.620243112648,1190.9108768010287,1194.8802490234375,20215075,687.1033111747046,687.5444053811439,669.1634856554016,675.241455078125,15780609
2025-03-03,1201.2312348006667,1207.6814644794808,1194.929880803104,1196.964111328125,8158881,676.5648746220754,683.6721631354309,666.6146467698901,681.6134643554688,10598479
2025-03-04,1197.9068433475454,1207.334101585249,1197.0137104452713,1201.1319580078125,9574490,679.3587530706169,704.3077986097232,678.4764450422322,701.9550170898438,14386214
2025-03-05,1207.6814517983407,1216.5628733470458,1202.0251450551775,1206.391357421875,9052846,703.425482394221,716.9048225760387,702.8863207536921,715.9735107421875,10409805
2025-03-06,1218.5476101118768,1218.5476101118768,1199.7427576093883,1208.7235107421875,11949475,721.5123345545368,722.2475713084986,712.6894935069948,717.6400756835938,10928847
2025-03-07,1201.8265880949464,1208.5249033729367,1197.0634143564148,1205.250244140625,6620284,717.6400610222238,720.3849328808595,713.6697945986864,718.3262939453125,7246729
2025-03-10,1198.7503263397664,1216.4140799337886,1198.7503263397664,1205.5478515625,7363437,718.3263154629034,723.9631306303024,712.2973500895013,714.5521240234375,7400109
2025-03-11,1207.8798680000234,1238.4440812807522,1207.8798680000234,1235.864013671875,10927950,710.6308835302965,719.6007363944591,708.4741769972491,715.4833984375,5538789
2025-03-12,1237.4020778822246,1242.3637929723905,1225.8413786306357,1234.425048828125,11548372,716.2186323712558,722.4926768362947,704.8959979099689,708.8172607421875,5547762
2025-03-13,1241.4707365370484,1245.9858244254206,1235.7647643884725,1240.4783935546875,8132940,711.6111983443574,717.0519385721029,710.2387324158618,713.5227661132812,5908337
2025-03-17,1247.4248742515454,1264.1953748180651,1245.1424367918191,1259.2833251953125,11164812,714.5520981665495,716.8558160007225,708.0819790039528,708.915283203125,5149563
2025-03-18,1259.2833251953125,1259.2833251953125,1259.2833251953125,1259.2833251953125,0,708.915283203125,708.915283203125,708.915283203125,708.915283203125,0
2025-03-19,1295.6029599370165,1308.2057883620175,1292.1794251380722,1303.0455322265625,11278014,725.0414304316936,734.5505041985215,724.551272606947,730.4331665039062,7604850
2025-03-20,1309.8927772461004,1314.1102350516276,1301.0113557334153,1311.5797119140625,10886735,733.2761159507572,737.8836115337692,729.5509283979652,734.7955932617188,6963197
2025-03-21,1305.923445707521,1338.6707661545943,1301.5571120874529,1332.81591796875,60494318,735.1877533491547,740.7265010195747,732.2958101375568,738.373779296875,9577327
2025-03-24,1345.5675050388625,1362.4870024308004,1334.7510627437973,1347.750732421875,9352280,743.0792951283579,767.5381836299999,740.236355685803,765.4304809570312,12095064
2025-03-25,1348.5941513991709,1353.3574463042776,1319.8658696966822,1333.4112548828125,16419207,768.4694992151382,770.52813824643,754.05884649493,757.636962890625,15190143
2025-03-26,1333.7586400786652,1347.6017762925185,1321.304687138062,1325.6710205078125,10859639,756.8037071028305,760.7739736513279,746.4613886162912,748.961181640625,7711852
2025-03-27,1322.9420827344788,1341.1515523929718,1322.9420827344788,1326.415283203125,15109614,748.765095143516,760.528883157817,745.5300654063271,757.0977783203125,15648616
2025-03-28,1325.7702231722565,1347.5521031600986,1317.0375564815454,1338.025634765625,8266544,756.9017030647627,763.2737549045355,751.9021170931981,756.3135375976562,7628185
2025-04-01,1329.739654923708,1341.995067068455,1305.328040709696,1308.3546142578125,14288024,751.7060726537488,767.3421201573958,748.1769600397238,756.5096435546875,7011125
2025-04-02,1312.026343402594,1327.705290380845,1312.026343402594,1321.056640625,8042214,757.0977881876627,761.7052838533914,749.2552627425828,760.6759643554688,5458436
2025-04-03,1311.8278468858045,1322.7932860458366,1311.1332552048473,1319.3697509765625,4591008,754.8430831745769,769.2537358201085,754.7940793566994,763.8619995117188,7956680
2025-04-04,1319.3697112264526,1328.3007984100484,1311.9766830431024,1325.07568359375,8648542,763.7639032041603,767.4891505617313,749.9414763962274,752.34326171875,8231194
2025-04-07,1285.3322768617725,1314.854481252151,1255.3139009690346,1277.6912841796875,19185012,715.6304557983397,738.8639496862081,715.6304557983397,732.1978149414062,14923235
2025-04-08,1289.8969896705237,1300.0189606799747,1277.4927025037578,1289.9466552734375,13085762,745.0399507907015,758.764370936846,743.2263906334504,753.4706420898438,12911288
2025-04-09,1294.9579703581671,1295.106846037701,1274.6646041339118,1290.83984375,13005622,751.9021496759307,752.8334615673064,726.4139412123398,727.59033203125,11319387
2025-04-11,1295.1067945023049,1314.8544439632922,1295.1067945023049,1301.606689453125,13064247,744.0595747998677,744.7458077183372,731.3154714106737,739.0109252929688,9360327
2025-04-15,1340.655373037739,1343.9301533432258,1325.9686484021752,1339.8614501953125,15202603,754.8430601068783,755.5292930373557,742.1969641274441,748.4710083007812,7859090
2025-04-16,1346.6094196449503,1349.2886972283168,1332.6174078978706,1346.0140380859375,14039073,748.4710501178707,759.4996019368964,745.5301029661306,756.5586547851562,12536694
2025-04-17,1351.5711498907554,1398.112060263163,1349.6856739861041,1395.9288330078125,17490424,756.8037006997325,785.2328552596965,752.0491936119853,781.7527465820312,27034818
2025-04-21,1425.004587897116,1425.004587897116,1393.9442026732427,1399.0052490234375,16882426,787.1935033394458,808.1232195009724,785.6250221604275,800.6238403320312,16398507
2025-04-22,1401.9823098324273,1407.9363681338637,1388.1887172069748,1405.6539306640625,16135274,804.986275275127,819.0537818863039,797.9769939622398,806.211669921875,25117557
2025-04-23,1418.0581618237188,1418.9512947601793,1400.4937389943566,1413.493408203125,13990764,809.740755044151,814.6423334645151,794.1537117339047,797.4378051757812,12104382
2025-04-24,1405.4554343163697,1410.3178180904442,1388.0894318786184,1391.95947265625,15678099,796.7515648231008,802.8785377915959,795.1830836766543,797.3887939453125,12713521
2025-04-25,1399.2035920369979,1403.966886762009,1377.769008045682,1394.04345703125,11705093,798.9572755447768,802.8785382468371,771.508436630355,782.9291381835938,13131038
2025-04-28,1394.8373106964493,1424.0122194189871,1393.0511659597357,1417.8597412109375,10948561,782.9291312258807,806.6037186789465,781.7037366423766,801.260986328125,11317611
2025-04-29,1417.8597077945897,1427.2869661678633,1411.7071085959242,1418.85205078125,10786910,803.858844621864,812.6816855994211,793.075372315961,796.5554809570312,11283059
2025-04-30,1422.0275444346203,1422.7221360927958,1389.2802248488963,1416.073486328125,14192027,795.5261656735474,795.5261656735474,769.0576426012298,773.1259765625,25635764
2025-05-02,1415.9742091510598,1435.5233172200462,1413.6917718641512,1419.149658203125,8842434,774.7924765987593,787.5856441366993,773.4690743593894,781.0175170898438,14720184
2025-05-05,1428.9738894731652,1435.7218701832576,1415.081087769954,1418.455078125,4565705,766.606876267059,783.2722431424297,766.606876267059,774.4494018554688,23986447
2025-05-06,1418.0581160771362,1422.7220796211836,1409.5239906903596,1420.63818359375,6301690,778.3216684290833,783.4193220780548,755.9214185982945,758.8623657226562,18869468
2025-05-07,1414.0887881642996,1430.9586193213472,1410.119416127347,1424.4091796875,10480453,750.2356003532819,766.9990348823832,749.5003635713141,760.822998046875,15586266
2025-05-08,1427.5846620245352,1437.8058437113664,1415.1803741209164,1424.5084228515625,15306490,763.6658883956691,771.0182557422255,748.9611537025561,753.8627319335938,14491673
2025-05-09,1404.3638078003796,1409.0278927234135,1376.379782804671,1378.2652587890625,13491197,741.6088285228935,766.312796178702,740.6285128209466,763.9110107421875,13578216
2025-05-12,1398.6082269981746,1441.8743569081432,1393.249550653154,1437.4088134765625,9925445,783.272256608189,788.0758275471601,777.390362315762,785.8701171875,15096824
2025-05-13,1429.0731325397105,1436.8134564073198,1416.4704248722041,1419.6458740234375,12475424,782.880060357833,791.7519649275839,781.5076543371932,785.9680786132812,13909596
2025-05-14,1418.9512828044426,1429.6685145448027,1406.4477852062123,1415.279541015625,8026837,789.8893639857823,791.6049164362635,780.6253687864404,784.9387817382812,9281719
2025-05-15,1414.9819190581854,1445.3475908699352,1404.6615275498752,1439.6912841796875,18209264,788.6149458696933,793.516524177251,778.8607930709097,791.8499755859375,17058854
2025-05-16,1442.172107583965,1447.5306627908633,1435.920298328426,1442.86669921875,6439208,804.0,804.0,791.0,792.0999755859375,14733924
2025-05-19,1435.4241717584057,1448.5230511072755,1432.7448940711074,1437.905029296875,6005334,792.0999755859375,801.4000244140625,792.0999755859375,795.0,10666184
2025-05-20,1439.0957378026826,1447.8284044606678,1424.5083444847762,1427.1876220703125,11352383,798.1500244140625,799.4000244140625,783.7999877929688,785.6500244140625,11324667
2025-05-21,1431.8517946649677,1440.1875004165765,1427.485461067875,1433.637939453125,5510460,787.0,791.0,779.0999755859375,787.0999755859375,8206040
2025-05-22,1430.0655182967434,1434.2334317099203,1416.867428660744,1431.057861328125,7245933,788.0,788.2000122070312,780.2999877929688,785.25,7355826
2025-05-23,1431.1570706662649,1440.6836606711147,1423.4168677068544,1438.698974609375,5203706,787.9000244140625,794.9500122070312,786.2000122070312,790.5,5534158
2025-05-26,1446.8360701649403,1460.331910515487,1443.8590412139838,1449.4161376953125,5608725,792.0,797.5499877929688,789.2000122070312,794.4000244140625,4965466
2025-05-27,1441.3782192942826,1451.7978208795425,1424.7068083036186,1435.324951171875,14842959,794.4000244140625,801.3499755859375,790.0499877929688,793.7000122070312,11995043
2025-05-28,1436.5157355383742,1446.836127202333,1431.454810349359,1442.6683349609375,8618343,794.5,798.9000244140625,792.6500244140625,796.5499877929688,6873519
2025-05-29,1445.4467442494526,1451.698553407669,1433.9355900375203,1445.3475341796875,15545514,799.0,800.4000244140625,791.3499755859375,797.3499755859375,14034127
2025-05-30,1448.7216268807567,1449.7139699197687,1433.2410996992944,1434.7296142578125,11803975,798.0,814.5,792.5999755859375,812.2999877929688,22037314
2025-06-02,1430.9586389930196,1448.8208134048605,1421.8291316367724,1439.3935546875,9458990,812.8499755859375,822.5499877929688,809.2000122070312,813.6500244140625,26891575
2025-06-03,1443.7598455387374,1443.8590556109682,1421.035166759386,1426.8900146484375,11167345,816.2000122070312,818.4000244140625,805.1500244140625,809.7999877929688,14247597
2025-06-04,1426.3938661679927,1429.0731438395549,1415.4780930628378,1420.0428466796875,8025388,817.0,817.0,805.25,806.5,9607927
2025-06-05,1419.9436226094324,1447.8284366760695,1416.3712120373557,1443.66064453125,11385668,808.7000122070312,811.7000122070312,802.8499755859375,806.0,13595507
2025-06-06,1437.5080878919146,1450.2101271201,1431.0578582020253,1448.5230712890625,11580994,806.6500244140625,816.4500122070312,803.0999755859375,813.0499877929688,17163935
2025-06-09,1453.7825541382838,1455.5688200651953,1422.4245382897982,1423.8138427734375,11022031,817.4000244140625,824.5,815.7000122070312,820.0499877929688,12793040
2025-06-10,1427.9815809293386,1430.660858582463,1405.6538633679,1412.0048828125,12905272,821.0,822.0499877929688,814.5999755859375,817.0499877929688,6560513
2025-06-11,1410.9133394459884,1423.5160472131458,1407.737769134025,1420.0428466796875,7136877,817.0,820.5999755859375,813.0499877929688,815.0499877929688,7197825
2025-06-12,1419.5466979345517,1425.5007560873705,1409.127096167119,1414.2872314453125,7953247,816.0,816.5,801.2000122070312,805.9500122070312,13448521
2025-06-13,1392.8526699787633,1410.6156346634868,1392.8526699787633,1405.2569580078125,7573103,786.25,796.2999877929688,786.25,792.3499755859375,11377117
2025-06-16,1405.7530618658518,1418.0581392255135,1403.3714144517853,1415.9742431640625,5451137,792.5,795.4000244140625,786.1500244140625,792.5,8085001
2025-06-17,1415.9742319665809,1418.8520508551696,1406.9439350146247,1412.302490234375,6970098,794.0,798.8499755859375,790.5499877929688,792.2999877929688,7753156
2025-06-18,1406.150024814166,1421.0351697486842,1399.402043989603,1401.78369140625,6751745,792.5,795.5,788.3499755859375,791.9000244140625,5710169
2025-06-19,1397.2189939427594,1403.8676438261634,1393.9442134714564,1400.4937744140625,8849883,792.3499755859375,793.25,781.7000122070312,785.0999755859375,11824333
2025-06-20,1400.4937821267788,1422.3253290273638,1399.4021078732494,1416.1727294921875,12408178,787.5,799.4500122070312,786.0999755859375,796.1500244140625,11367669
2025-06-23,1406.1500791810931,1412.3025575376569,1401.0891539348067,1409.226318359375,5514384,790.0,794.9500122070312,788.5,790.2000122070312,5549253
2025-06-24,1416.7680893764307,1424.9053748687675,1405.6538959425357,1413.1956787109375,11188438,799.0,806.6500244140625,793.6500244140625,795.4000244140625,11402190
2025-06-25,1411.1117385952273,1417.9589294864209,1404.463088984364,1414.8826904296875,7527388,799.5,803.7999877929688,796.0999755859375,800.0499877929688,6528324
2025-06-26,1413.8903780949927,1436.4165161110168,1410.814017835929,1428.080810546875,13617435,802.0,803.3499755859375,791.4000244140625,797.0499877929688,24704402
2025-06-27,1427.882386711014,1454.774858156496,1426.0961208320166,1451.00390625,22532899,805.0,809.4500122070312,802.6500244140625,805.4000244140625,19375990
2025-06-30,1450.6071028820047,1450.706312958781,1431.2564136212704,1434.7296142578125,6325073,809.0,821.0,807.0499877929688,820.3499755859375,19652607
2025-07-01,1434.6302067068036,1436.5156826077227,1418.653508855977,1421.03515625,7761449,820.0,824.9000244140625,813.25,820.2999877929688,11456405
2025-07-02,1421.2336440793872,1439.8897415628453,1411.707175185214,1416.867431640625,13372280,821.0,824.0499877929688,809.0,812.9000244140625,6661200
2025-07-03,1421.1344118511029,1435.027214103107,1412.798706272776,1414.98193359375,10177738,813.5,814.5,805.7999877929688,807.0999755859375,7020403
2025-07-04,1416.0734952431667,1433.3402880878325,1410.2186471744621,1431.7525634765625,5066503,808.75,813.8499755859375,804.0999755859375,811.8499755859375,4319538
2025-07-07,1425.9968814549877,1429.8670433562065,1418.6535190770169,1424.706787109375,5177477,811.2000122070312,812.6500244140625,805.1500244140625,806.8499755859375,4461783
2025-07-08,1421.035188079707,1433.935647189369,1419.050502062836,1430.9586181640625,5315847,807.9000244140625,813.5499877929688,805.3499755859375,812.6500244140625,5935770
2025-07-09,1425.2030375827696,1427.683895203639,1415.6765685457565,1420.93603515625,8827347,810.0,812.4500122070312,809.0,810.9500122070312,4099112
2025-07-10,1425.7985078190466,1427.981614021397,1411.2109926594833,1413.1956787109375,7795964,811.2999877929688,815.5,806.9000244140625,808.0,12178137
2025-07-11,1411.111783317687,1417.0658414751456,1403.7684206963636,1411.0125732421875,7158015,807.5499877929688,812.5499877929688,804.5499877929688,808.6500244140625,6202372
2025-07-14,1413.9896019530586,1413.9896019530586,1405.2569348701418,1412.1041259765625,5846154,809.7999877929688,815.5,808.0,808.8499755859375,6938635
2025-07-15,1410.218682168871,1422.8215115677394,1408.134785993891,1419.844482421875,6041457,811.0,821.0,810.5,816.4500122070312,9297645
2025-07-16,1415.081187967311,1418.25663727007,1408.2339967016344,1415.4781494140625,5649093,816.0,834.2000122070312,815.2999877929688,831.7000122070312,16458920
2025-07-17,1410.1194736013367,1412.3025798563917,1398.7075285299677,1407.8370361328125,12927394,838.4000244140625,842.5,826.3499755859375,829.0,23073718
2025-07-18,1404.9592604817603,1418.0581395587762,1397.7151081655259,1414.8826904296875,11297246,832.0,832.6500244140625,820.25,823.3499755859375,15387801
2025-07-21,1436.9126621837045,1456.4617708047458,1425.9968891975022,1454.576416015625,13867136,823.0,827.3499755859375,817.9500122070312,824.2000122070312,8852594
2025-07-22,1462.8128219007424,1470.6523559877205,1458.4464883845856,1462.316650390625,8930165,827.5,828.0499877929688,814.0,815.0,7851163
2025-07-23,1471.5454755170424,1478.5910866693491,1461.3242940475627,1477.2017822265625,11974174,812.5,825.2000122070312,811.5,820.6500244140625,15470390
2025-07-24,1476.3086281822896,1477.3009711792895,1466.782159638216,1472.0416259765625,6700578,820.0,821.9500122070312,810.6500244140625,815.7000122070312,10118309
2025-07-25,1488.5144734435703,1488.5144734435703,1462.31659448384,1465.789794921875,8696077,815.0,819.2000122070312,805.5,806.5499877929688,6734439
2025-07-28,1465.7898930637602,1482.3620946590604,1465.7898930637602,1477.00341796875,7507479,806.5499877929688,808.9500122070312,796.0,797.1500244140625,7734158
2025-07-29,1468.5685019046516,1478.3927223132807,1464.1029581857863,1474.8201904296875,9776027,796.2000122070312,800.0,793.0999755859375,799.2000122070312,7833759
2025-07-30,1476.308661728485,1477.1025845983731,1465.9883912336757,1471.04931640625,7238625,798.9500122070312,803.4000244140625,796.2000122070312,801.6500244140625,8743723
2025-07-31,1458.6450618514623,1483.0566764606926,1452.7902136757805,1470.0570068359375,12406146,795.0999755859375,803.7999877929688,792.5499877929688,796.5499877929688,11359112
2025-08-01,1469.0645758820863,1473.7285394467383,1458.5457644921182,1460.3319091796875,4416771,795.7000122070312,801.0,792.0,794.0,15468391
2025-08-04,1465.492177404952,1467.4768633867377,1450.1108610461113,1451.9962158203125,6140054,794.5,797.2000122070312,786.5499877929688,795.7000122070312,8820724
2025-08-05,1441.8743352750153,1450.3092505192255,1429.96621963613,1433.3402099609375,14799343,798.0,804.0499877929688,796.2999877929688,800.5999755859375,7381537
2025-08-06,1431.2564134495642,1442.866778550362,1430.561700640964,1432.54638671875,7805252,800.9500122070312,810.2000122070312,799.0,805.1500244140625,7409396
2025-08-07,1430.0655302659995,1436.8135113901221,1418.1574137897542,1429.271728515625,7432535,801.0999755859375,806.6500244140625,793.4000244140625,805.1500244140625,7091392
2025-08-08,1434.8288259088201,1436.5157606227415,1421.0352334242946,1424.9053955078125,5415511,805.0,807.7999877929688,790.0,804.2999877929688,15708181
2025-08-11,1416.9666396615337,1427.3862414978396,1409.5240669213151,1425.5999755859375,8492484,808.0,825.0,808.0,823.4500122070312,15236297
2025-08-12,1431.0,1433.800048828125,1420.0999755859375,1422.0,5913947,824.9500122070312,825.5,820.0,820.5999755859375,7986728
2025-08-13,1424.5999755859375,1427.699951171875,1415.199951171875,1420.800048828125,9009465,822.6500244140625,824.9500122070312,820.6500244140625,821.8499755859375,4447508
2025-08-14,1412.0,1431.0999755859375,1412.0,1427.300048828125,7577793,822.0,828.0,819.0999755859375,826.5499877929688,7087573
2025-08-18,1450.0,1452.4000244140625,1431.0,1434.5999755859375,6908844,836.0,838.0,825.1500244140625,827.6500244140625,6138124
2025-08-19,1431.0999755859375,1438.5,1426.300048828125,1436.300048828125,6709554,827.5,831.0,825.7999877929688,830.4000244140625,5076681
2025-08-20,1432.5999755859375,1435.9000244140625,1423.0,1430.5999755859375,5817858,828.7000122070312,831.9000244140625,827.4000244140625,828.9500122070312,4493888
2025-08-21,1440.0999755859375,1447.800048828125,1436.4000244140625,1446.0,6238645,828.9500122070312,833.25,824.0499877929688,825.7000122070312,4402511
2025-08-22,1444.300048828125,1446.0,1429.4000244140625,1436.4000244140625,6657207,824.0,826.0,815.7000122070312,816.25,5097647
2025-08-25,1435.9000244140625,1435.9000244140625,1424.0,1433.199951171875,6738427,817.4500122070312,820.5,814.2000122070312,816.4500122070312,5672898
2025-08-26,1427.9000244140625,1427.9000244140625,1413.0999755859375,1416.5999755859375,8720155,814.8499755859375,815.8499755859375,806.75,807.8499755859375,6997817
2025-08-28,1408.0,1411.800048828125,1396.300048828125,1399.0999755859375,12990789,807.25,811.0,800.6500244140625,801.9500122070312,7898436
2025-08-29,1392.0999755859375,1405.0,1392.0999755859375,1397.800048828125,8519507,800.7000122070312,806.7000122070312,798.5,802.5,6861440
2025-09-01,1398.0999755859375,1412.4000244140625,1398.0999755859375,1411.0,4927348,803.0999755859375,808.2999877929688,802.6500244140625,806.0499877929688,5619805
2025-09-02,1413.9000244140625,1413.9000244140625,1390.0,1394.199951171875,7163073,806.2999877929688,810.5,802.6500244140625,803.9000244140625,5075460
2025-09-03,1389.0,1400.0,1384.199951171875,1397.0,9813382,804.2999877929688,813.2999877929688,803.0,812.1500244140625,4261589
2025-09-04,1409.9000244140625,1415.0999755859375,1401.9000244140625,1405.5,10564859,814.6500244140625,816.75,808.0,809.4000244140625,4471950
2025-09-05,1411.0,1411.5,1387.699951171875,1402.800048828125,6621077,811.5,812.5,803.6500244140625,806.5999755859375,5194842
2025-09-08,1402.199951171875,1410.5999755859375,1397.5999755859375,1402.699951171875,5880943,808.0,813.8499755859375,806.7999877929688,808.7999877929688,4614227
2025-09-09,1399.0,1407.5,1395.199951171875,1403.699951171875,6470679,812.0,812.3499755859375,805.5999755859375,808.8499755859375,4567272
2025-09-10,1410.0,1413.699951171875,1402.0999755859375,1403.9000244140625,7452347,812.0,824.5999755859375,810.4000244140625,818.2000122070312,7285853
2025-09-11,1398.0,1408.0,1396.0,1401.5999755859375,10192026,819.0999755859375,825.7000122070312,819.0,823.6500244140625,7425055
2025-09-12,1405.0999755859375,1419.699951171875,1400.0999755859375,1417.699951171875,7770038,824.0999755859375,825.7999877929688,819.7999877929688,823.5499877929688,5078018
2025-09-15,1422.0,1426.800048828125,1416.300048828125,1419.4000244140625,5845637,823.5499877929688,827.7999877929688,821.0999755859375,824.75,3852494
2025-09-16,1414.0,1424.9000244140625,1413.699951171875,1421.5999755859375,8213151,825.0999755859375,833.0,821.6500244140625,831.5499877929688,9467531
2025-09-17,1420.0999755859375,1426.0999755859375,1416.4000244140625,1419.199951171875,7484283,834.2999877929688,858.1500244140625,831.0,857.1500244140625,17243938
2025-09-18,1431.0999755859375,1432.800048828125,1415.300048828125,1421.699951171875,8130537,858.6500244140625,860.7999877929688,851.0999755859375,854.3499755859375,10400847
2025-09-19,1416.0999755859375,1418.0,1400.199951171875,1402.199951171875,13457344,852.0,864.4500122070312,849.2999877929688,862.3499755859375,15206426
2025-09-22,1403.9000244140625,1409.9000244140625,1397.199951171875,1401.5,8847948,862.0,868.2000122070312,854.0,855.25,6594034
2025-09-23,1391.0,1403.300048828125,1391.0,1394.300048828125,12827524,854.5999755859375,874.25,851.2000122070312,870.5999755859375,14357863
2025-09-24,1386.4000244140625,1390.9000244140625,1376.5,1382.699951171875,9735678,876.0,880.5,864.4500122070312,866.2000122070312,12840160
2025-09-25,1377.0,1391.5,1371.800048828125,1375.800048828125,21613389,866.5499877929688,870.1500244140625,859.9500122070312,861.1500244140625,8678821
2025-09-26,1368.0,1372.699951171875,1357.0,1359.5999755859375,18342280,862.0,864.3499755859375,853.0,856.9500122070312,6959545
2025-09-29,1359.5999755859375,1366.5,1346.199951171875,1348.0999755859375,20563163,858.0499877929688,873.5,856.0,870.75,22641712
2025-09-30,1353.699951171875,1356.5999755859375,1342.5999755859375,1348.0,20166871,869.9500122070312,877.5999755859375,867.5999755859375,872.4500122070312,12831593
2025-10-01,1348.0,1379.4000244140625,1347.0999755859375,1372.0,20952632,872.2999877929688,876.4500122070312,862.7999877929688,864.0999755859375,10832384
2025-10-03,1371.9000244140625,1371.9000244140625,1361.300048828125,1365.199951171875,12163695,865.1500244140625,873.0,863.7999877929688,867.2999877929688,8019442
2025-10-06,1371.0,1372.5999755859375,1359.0999755859375,1363.4000244140625,14314283,868.0,875.2999877929688,862.7999877929688,874.0499877929688,7820352
2025-10-07,1363.5999755859375,1383.0999755859375,1363.5999755859375,1375.9000244140625,16126464,874.1500244140625,877.0,863.0,864.7000122070312,9242580
2025-10-08,1372.300048828125,1381.5999755859375,1364.300048828125,1370.300048828125,8100832,866.7999877929688,867.7999877929688,857.25,858.25,7156112
2025-10-09,1369.800048828125,1378.699951171875,1365.0999755859375,1376.199951171875,7909575,861.5999755859375,865.7999877929688,858.0999755859375,862.0999755859375,7020501
2025-10-10,1370.300048828125,1385.0,1370.300048828125,1380.300048828125,7673816,862.0999755859375,883.75,861.2999877929688,880.6500244140625,13713015
2025-10-13,1373.0999755859375,1386.4000244140625,1373.0999755859375,1379.4000244140625,8923018,879.0,888.0999755859375,876.0,882.9500122070312,11923143
2025-10-14,1389.0,1389.0,1375.0999755859375,1384.0999755859375,10610855,883.0,884.1500244140625,872.0999755859375,876.9500122070312,7681973
2025-10-15,1386.5,1400.4000244140625,1385.5,1398.4000244140625,8988550,878.0999755859375,887.5,877.0499877929688,886.0999755859375,8269225
2025-10-16,1401.0,1418.9000244140625,1399.4000244140625,1417.300048828125,12185032,888.2999877929688,891.8499755859375,882.4500122070312,886.9500122070312,8493686
2025-10-17,1412.0,1439.5999755859375,1410.9000244140625,1436.5999755859375,17037215,887.5,894.75,883.0,889.1500244140625,8511854
2025-10-20,1442.0,1445.0,1389.199951171875,1390.300048828125,23330227,894.5999755859375,913.6500244140625,891.0499877929688,907.5,13546463
2025-10-21,1384.5,1387.5999755859375,1375.9000244140625,1382.0,3415560,908.0,910.0,906.4000244140625,907.8499755859375,1783576
2025-10-23,1385.0,1389.800048828125,1360.0999755859375,1363.699951171875,21124942,912.0,918.0,904.7999877929688,911.5499877929688,13382769
2025-10-24,1368.0999755859375,1381.5999755859375,1368.0999755859375,1377.699951171875,10570263,910.9500122070312,914.0999755859375,900.9500122070312,904.5,5313227
2025-10-27,1382.0999755859375,1386.800048828125,1374.0,1377.5999755859375,11499836,906.9500122070312,928.0,906.0,922.75,9150761
2025-10-28,1373.0,1375.800048828125,1356.199951171875,1363.0999755859375,26477914,927.0999755859375,935.8499755859375,917.7000122070312,930.25,22066289
2025-10-29,1364.5999755859375,1371.699951171875,1358.4000244140625,1370.4000244140625,16129382,933.9000244140625,942.0499877929688,930.25,939.75,12314222
2025-10-30,1362.4000244140625,1370.199951171875,1361.300048828125,1362.4000244140625,9324401,939.4500122070312,944.9000244140625,933.0499877929688,934.3499755859375,13044473
2025-10-31,1357.0,1362.0,1343.300048828125,1345.300048828125,15926798,934.9000244140625,946.7000122070312,930.25,937.0,12078252
2025-11-03,1340.5,1351.5999755859375,1337.9000244140625,1346.4000244140625,11071450,938.75,953.4000244140625,937.5,949.7000122070312,11744735
2025-11-04,1342.5999755859375,1349.800048828125,1333.199951171875,1336.9000244140625,15211183,951.0,959.2999877929688,941.5,957.5999755859375,19154518
2025-11-06,1330.0,1342.199951171875,1317.4000244140625,1320.4000244140625,24221853,969.6500244140625,971.4000244140625,955.2999877929688,960.75,23088096
2025-11-07,1320.4000244140625,1344.300048828125,1318.5999755859375,1343.0,7719245,958.75,964.8499755859375,944.0,955.8499755859375,13371323
2025-11-10,1342.9000244140625,1349.5999755859375,1341.0,1348.0,8542340,956.0,963.2000122070312,949.0999755859375,951.1500244140625,7343249
2025-11-11,1349.0,1360.4000244140625,1346.199951171875,1358.300048828125,8305184,953.5999755859375,954.9500122070312,945.0499877929688,953.2999877929688,8648917
2025-11-12,1370.0,1370.0,1355.4000244140625,1358.9000244140625,9736761,957.7000122070312,961.5499877929688,951.4000244140625,957.1500244140625,7043323
2025-11-13,1358.9000244140625,1390.4000244140625,1358.5,1385.9000244140625,18296626,954.25,963.9500122070312,952.4500122070312,954.0,8894441
2025-11-14,1374.0,1381.199951171875,1363.199951171875,1373.0,9694498,952.9500122070312,969.0499877929688,952.0,967.8499755859375,11032927
2025-11-17,1375.0999755859375,1382.5,1373.5999755859375,1379.0,7660717,971.0,976.0,968.5,973.3499755859375,7415026
2025-11-18,1380.199951171875,1382.800048828125,1369.0999755859375,1373.4000244140625,9529560,975.5999755859375,976.7000122070312,968.8499755859375,972.4500122070312,6594686
2025-11-19,1373.5,1384.0,1371.5999755859375,1383.0999755859375,10393918,972.4500122070312,984.4500122070312,968.7999877929688,982.75,8291226
2025-11-20,1380.0999755859375,1388.300048828125,1375.4000244140625,1383.0,10131863,986.0,986.5999755859375,979.3499755859375,981.5499877929688,6440857
2025-11-21,1373.0,1376.0,1364.5999755859375,1369.5,11483595,979.7000122070312,980.5999755859375,971.0499877929688,972.5999755859375,5377241
2025-11-24,1373.300048828125,1377.0,1361.5,1368.4000244140625,15896003,975.5499877929688,977.7000122070312,968.0499877929688,970.5999755859375,9901946
2025-11-25,1365.0,1376.9000244140625,1354.300048828125,1357.800048828125,12235000,975.5499877929688,988.9500122070312,971.3499755859375,983.5999755859375,9140201
2025-11-26,1360.0,1377.0,1359.9000244140625,1375.0,9659004,986.5999755859375,999.0,982.1500244140625,983.9000244140625,13943490
2025-11-27,1379.0,1394.0,1375.699951171875,1392.199951171875,15158741,986.7000122070312,988.5499877929688,968.9000244140625,972.8499755859375,11909168
2025-11-28,1392.0,1398.5,1385.5999755859375,1388.800048828125,7683986,976.7999877929688,983.0,973.0499877929688,979.0,8117842
2025-12-01,1394.0,1400.0,1385.4000244140625,1390.0999755859375,8867593,985.4500122070312,991.2000122070312,969.8499755859375,973.0999755859375,8808306
2025-12-02,1381.800048828125,1381.800048828125,1370.5999755859375,1373.0,12126396,976.0,980.4500122070312,964.9000244140625,967.2999877929688,13444314
2025-12-03,1367.0,1394.199951171875,1367.0,1391.5,7955933,970.4500122070312,972.5499877929688,947.5499877929688,951.0499877929688,14051968
2025-12-04,1387.0,1391.5999755859375,1379.9000244140625,1386.699951171875,7373909,951.0499877929688,952.5499877929688,944.4500122070312,948.0999755859375,13622724
2025-12-05,1381.0,1395.300048828125,1381.0,1392.5,4942638,948.8499755859375,973.2999877929688,946.7000122070312,971.5,17347847
2025-12-08,1387.0,1394.9000244140625,1383.300048828125,1389.5999755859375,7826227,970.8499755859375,972.5,951.7000122070312,956.4000244140625,15386438
2025-12-09,1379.9000244140625,1384.300048828125,1373.4000244140625,1375.199951171875,10492030,954.7999877929688,964.0,950.4500122070312,959.3499755859375,9580294
2025-12-10,1377.9000244140625,1379.4000244140625,1357.9000244140625,1363.5999755859375,8725381,960.0999755859375,963.9500122070312,955.25,959.75,6989178
2025-12-11,1363.699951171875,1366.5999755859375,1352.800048828125,1360.0,6734750,962.0999755859375,966.5,958.4500122070312,963.25,5979035
2025-12-12,1368.0,1370.699951171875,1363.300048828125,1366.0,3890885,966.0,967.0,958.0,963.1500244140625,5681930
2025-12-15,1356.0999755859375,1370.0,1356.0999755859375,1365.199951171875,5342530,957.25,968.8499755859375,957.25,967.25,4416952
2025-12-16,1364.0,1368.699951171875,1355.5,1366.0,12359741,966.0499877929688,969.0,958.0499877929688,961.1500244140625,4764786
2025-12-17,1365.0,1365.0,1343.0999755859375,1352.4000244140625,9440391,965.5499877929688,978.5,964.2999877929688,975.8499755859375,8013382
2025-12-18,1346.300048828125,1369.5,1345.5,1356.800048828125,7314573,977.9000244140625,981.4500122070312,973.5,977.5499877929688,4926879
2025-12-19,1354.0,1360.4000244140625,1350.800048828125,1354.0999755859375,14318512,979.9500122070312,982.0,977.0499877929688,980.2999877929688,5376584
2025-12-22,1358.0,1371.300048828125,1354.800048828125,1368.5,9375294,981.0999755859375,983.0,972.5499877929688,974.2999877929688,5959037
2025-12-23,1361.0999755859375,1365.0,1357.0,1363.0,9105467,976.2999877929688,977.5499877929688,970.7000122070312,971.9000244140625,5123287
2025-12-24,1363.800048828125,1368.199951171875,1357.5999755859375,1359.800048828125,8955140,973.2000122070312,977.2999877929688,967.5,968.9500122070312,4105643
2025-12-26,1356.5,1362.0,1348.5,1350.4000244140625,2812144,968.9500122070312,971.0,964.75,966.2999877929688,3286321
2025-12-29,1352.0999755859375,1355.699951171875,1341.5,1343.300048828125,6057201,966.9000244140625,968.9000244140625,961.4500122070312,965.0499877929688,5267233
2025-12-30,1343.300048828125,1347.0999755859375,1338.0999755859375,1342.5,18621277,963.0,976.2000122070312,959.5,973.4500122070312,15030644
2025-12-31,1342.800048828125,1350.0,1339.5,1342.9000244140625,6150634,975.25,985.6500244140625,973.5,982.2000122070312,5807630
2026-01-01,1343.9000244140625,1348.4000244140625,1336.0,1338.0,4179311,983.2000122070312,987.6500244140625,980.3499755859375,984.75,4328348
2026-01-02,1338.0,1356.9000244140625,1336.300048828125,1355.4000244140625,8226205,984.5,1009.5,983.9500122070312,998.9500122070312,7357435
2026-01-05,1354.199951171875,1375.5,1352.5999755859375,1371.5,6920565,1000.0,1015.5,1000.0,1005.5499877929688,11259060
2026-01-06,1372.0,1413.5999755859375,1366.0,1411.199951171875,17260416,1007.9500122070312,1024.0,1004.9500122070312,1018.9000244140625,9575742
2026-01-07,1408.0,1429.9000244140625,1404.199951171875,1427.699951171875,15813795,1022.7000122070312,1022.7000122070312,1004.0,1007.1500244140625,7896720
2026-01-08,1429.0,1442.199951171875,1423.300048828125,1435.0,14861699,1006.5999755859375,1011.5999755859375,995.8499755859375,998.0,6854268
2026-01-09,1427.0999755859375,1429.5,1401.5,1404.300048828125,12555636,996.0,1008.0,994.0,1000.5,7809460
2026-01-12,1399.9000244140625,1424.300048828125,1391.699951171875,1413.0999755859375,10923811,1008.0,1017.25,996.0,1015.1500244140625,7617922
2026-01-13,1420.0,1441.800048828125,1411.0999755859375,1437.0,14295581,1022.7999877929688,1029.5,1016.0,1028.449951171875,11016895
2026-01-14,1425.5999755859375,1443.9000244140625,1414.9000244140625,1418.4000244140625,13832255,1030.0,1030.4000244140625,1020.5,1028.3499755859375,7370514
2026-01-15,1418.4000244140625,1418.4000244140625,1418.4000244140625,1418.4000244140625,0,1028.3499755859375,1028.3499755859375,1028.3499755859375,1028.3499755859375,0
2026-01-16,1417.9000244140625,1429.0,1400.199951171875,1410.800048828125,12530886,1032.0,1047.449951171875,1028.4000244140625,1042.300048828125,11051580
2026-01-19,1399.9000244140625,1400.0,1360.0,1380.5999755859375,23302883,1035.0,1043.5999755859375,1034.0,1038.4000244140625,5460164
2026-01-20,1374.699951171875,1387.800048828125,1371.5,1375.800048828125,15012785,1039.75,1052.0,1033.050048828125,1036.4000244140625,8905718
2026-01-21,1367.5,1371.5,1339.5,1349.0,21766068,1032.0,1040.5999755859375,1022.0,1028.6500244140625,7408949
2026-01-22,1355.0999755859375,1358.0,1338.0,1345.5,17179765,1035.0,1055.5,1034.050048828125,1048.3499755859375,12001641
2026-01-23,1340.5,1355.199951171875,1335.699951171875,1343.4000244140625,14056524,1051.9000244140625,1053.0,1025.5999755859375,1029.5,10917698
2026-01-27,1340.0,1369.0999755859375,1328.5999755859375,1361.4000244140625,25263634,1034.0999755859375,1055.0,1030.25,1053.1500244140625,14420630
2026-01-28,1362.5999755859375,1380.4000244140625,1362.5999755859375,1367.699951171875,13242696,1059.4000244140625,1065.5999755859375,1044.1500244140625,1063.5,12171257
2026-01-29,1359.0,1387.699951171875,1354.4000244140625,1383.5999755859375,23118234,1063.0,1075.0,1060.300048828125,1066.199951171875,14800724
2026-01-30,1368.199951171875,1381.9000244140625,1353.199951171875,1355.0,24013717,1064.0,1082.5,1060.4000244140625,1077.1500244140625,9480769
2026-02-01,1368.199951171875,1365.9000244140625,1328.800048828125,1334.199951171875,4968773,1064.0,1083.5999755859375,988.2999877929688,1018.2000122070312,12049909
