,ITC.NS,ITC.NS,ITC.NS,ITC.NS,ITC.NS,RELIANCE.NS,RELIANCE.NS,RELIANCE.NS,RELIANCE.NS,RELIANCE.NS
,Open,High,Low,Close,Volume,Open,High,Low,Close,Volume
Date,,,,,,,,,,
2024-01-29,410.4091370302086,411.62442230982873,402.8472985559007,404.91778564453125,18557346,1354.474931519067,1441.8283899094502,1350.1817560391485,1437.4111328125,23893438
2024-01-30,402.3971972082923,408.42863094204745,393.75510841111077,394.3402404785156,45190319,1449.2235971647833,1449.2484377227322,1394.1066401470152,1397.2830810546875,14093978
2024-01-31,396.09568649125384,398.3462296781842,394.92539376306877,397.49102783203125,20648695,1393.6847810610707,1423.7125336444733,1392.195801594125,1416.1435546875,15130226
2024-02-01,397.89614860138937,403.07238102310146,395.4655493074385,398.7063293457031,19903526,1424.4569627393994,1432.745590517861,1407.631543948549,1416.1683349609375,13349362
2024-02-02,400.5967720892722,402.5772455250547,395.64558849981586,396.1856994628906,17816750,1422.6453963923934,1464.0638152243819,1422.6453963923934,1446.9901123046875,19652588
2024-02-05,397.89611107625,399.3814660761637,392.9899203450033,394.3402404785156,12505666,1450.0177530325548,1459.6961190035063,1421.007495677393,1428.452392578125,8814432
2024-02-06,396.09568709314567,396.9058678058098,386.6433885753726,388.35382080078125,19487043,1431.2565145548228,1431.2565145548228,1409.3933108861847,1417.309814453125,9047984
2024-02-07,391.5945940811647,391.5945940811647,387.8136747380817,388.7138977050781,13376903,1425.3752031215413,1438.8504181404362,1418.7491963623445,1431.554443359375,9296568
2024-02-08,392.08703057366546,392.17841802252724,373.4423399489455,378.88037109375,50039587,1439.3467435794867,1448.752105824393,1417.0368932886952,1439.4708251953125,14694634
2024-02-09,374.81326995012324,387.7000589587421,373.4423423447581,379.7486267089844,33527317,1443.31729322881,1461.1602045826953,1440.2896534634558,1450.0177001953125,12556798
2024-02-12,381.62222138780527,382.0335083512696,371.1117379944829,371.8428955078125,11326971,1450.017752117624,1450.2659153474917,1431.7529141646626,1441.679443359375,6674430
2024-02-13,371.88862153996564,375.4530507956858,368.5983836063643,371.75152587890625,16207766,1444.8063713272154,1468.1337156942297,1443.3173918995335,1454.3358154296875,7715594
2024-02-14,371.0660969640242,376.7783199362087,369.60375282087,376.1385498046875,12618012,1446.7916226083244,1472.749520552248,1446.7916226083244,1470.4912109375,7117888
2024-02-15,377.46374115666544,378.8803769826403,368.4612807413084,369.1467590332031,21169031,1472.4516121931645,1473.8165098910026,1455.750276105359,1459.7952880859375,10006782
2024-02-16,370.15210830847485,374.31059937497434,365.0339476322224,369.7865295410156,38963810,1465.6271998466532,1466.1483668657747,1447.8339689108675,1449.843994140625,9767498
2024-02-19,370.1521379280326,377.23528866691095,369.7865591313197,374.03643798828125,17602580,1451.3082561823699,1468.6300012389227,1442.8458657695369,1463.17041015625,6729828
2024-02-20,375.133187013915,375.133187013915,369.5123517065761,371.157470703125,14626643,1464.1880192365334,1464.659505178025,1451.0602075132595,1460.2174072265625,7117496
2024-02-21,371.98002129088223,374.8132930919039,366.7704728961171,368.64410400390625,20162369,1463.170510366537,1477.5888193115914,1446.8414171157522,1456.916748046875,12720292
2024-02-22,371.88862598407167,379.4287715687956,368.73548367384933,378.78900146484375,19321180,1457.3633484018678,1474.0398440634356,1447.2878974462733,1470.8634033203125,18493728
2024-02-23,380.1142172699116,380.1142172699116,375.1788603578767,376.0014343261719,11576964,1478.556551746289,1486.5474563697878,1472.4517119404402,1482.6512451171875,14438584
2024-02-26,375.7272290145601,377.5094435802666,372.254187332029,373.99072265625,8289561,1482.5768223248915,1483.5446346905887,1471.607959051116,1476.3974609375,7513106
2024-02-27,374.7218905950383,377.2352627534842,373.396642202815,375.7729187011719,8083518,1472.1291493159843,1488.9297276070065,1467.1907251784094,1474.73486328125,10826044
2024-02-28,375.77291141482976,376.86967667427535,371.7972242470729,373.16815185546875,8949664,1472.1042938560004,1480.3185210789975,1439.5205099276588,1444.930419921875,8647950
2024-02-29,373.8079334221908,375.6815355101058,369.69512150470285,371.3402404785156,15468800,1454.2365988812116,1468.1088998815815,1443.8385832706604,1450.0675048828125,23628976
2024-03-01,373.71653890782403,377.6008386718984,372.4369987339359,374.264892578125,12873024,1452.7475417409498,1488.979373154373,1451.7548888255137,1481.1622314453125,12132926
2024-03-04,376.7783024509622,377.41807255279343,373.30526061731956,373.8993225097656,7103794,1479.5243736818861,1501.337897909408,1476.2982516112518,1496.3250732421875,10024420
2024-03-05,374.4019753243948,376.00141496954745,369.1924273577834,371.203125,10108373,1494.7119691573153,1496.3250301461744,1475.1319146195472,1489.1778564453125,7107668
2024-03-06,371.5230649154743,374.67620737600237,366.22212892485004,372.75689697265625,11534613,1482.4775132325713,1497.9133152152726,1467.6373999640691,1491.9573974609375,7805676
2024-03-07,372.7568522385688,379.24594026182575,368.91823189254467,377.9664001464844,23907135,1491.9325571368477,1492.056638756749,1464.7091224345347,1468.059326171875,8315726
2024-03-11,380.93677184044,382.3076994185439,372.89395230116753,374.1734924316406,18298683,1478.060156044582,1478.060156044582,1452.7475073010382,1455.82470703125,11277130
2024-03-12,371.5230466797454,371.5230466797454,364.9882499867776,369.6494445800781,36226074,1455.8248476863198,1477.0676458601295,1454.2614676999044,1464.5850830078125,9432678
2024-03-13,397.570769566704,400.312624757367,384.9124927232159,386.1006164550781,105525827,1468.9029635812572,1472.2034859914554,1417.2850129833478,1421.6527099609375,13522134
2024-03-14,385.6436791824383,388.88820903370987,382.03354157679445,383.54156494140625,31949569,1429.1224321842872,1437.882667347047,1415.0268084821887,1420.9578857421875,18571102
2024-03-15,381.3023729581571,391.67576129877517,379.5201583123318,383.03887939453125,76074975,1415.4733954219128,1422.694969713975,1402.5193474045138,1407.80517578125,19223818
2024-03-18,382.94748912903253,384.5012206480152,381.028178834862,381.5308532714844,16547358,1409.5671563330236,1431.1325169373013,1406.1177116464064,1428.8990478515625,9169392
2024-03-19,382.03349719564545,383.45013294004895,373.53371169513395,374.3105773925781,21803126,1418.252849649116,1427.0378036957165,1406.8373411480031,1414.778564453125,8275764
2024-03-20,374.72190907693994,380.79971076564425,374.3106220763875,379.93145751953125,20364534,1417.458614341769,1434.3833942099568,1413.5625245390722,1433.142578125,8488806
2024-03-21,382.94746988018204,385.6893250392281,380.3883896165868,385.0038757324219,19968509,1441.8532357214951,1447.1887452733042,1434.060934378195,1440.3145751953125,13006936
2024-03-22,385.00389452753257,392.68110672719376,385.00389452753257,391.7214660644531,40358503,1439.321893152815,1449.2732629085037,1436.716179238339,1444.3348388671875,19527608
2024-03-26,388.93390016963383,392.26984629600133,388.93390016963383,390.85321044921875,10669833,1434.3835274360674,1441.7291835759677,1428.4276096750873,1430.983642578125,11415906
2024-03-27,390.25910380854657,391.9956391146203,389.756429396083,391.1730651855469,12698464,1437.3614966588377,1488.9794509587407,1436.368843691532,1481.8819580078125,16326644
2024-03-28,391.1730509344977,395.9713117815528,390.2590895907945,391.4929504394531,29009002,1481.90676076149,1494.8856495085238,1467.786296896486,1474.933349609375,21854364
2024-04-01,392.17842745488764,394.23483338215703,389.11667266822633,389.9849548339844,9743648,1481.509712382751,1482.9986918329437,1471.6080232736622,1473.8663330078125,5013880
2024-04-02,391.8128590335726,391.8128590335726,388.06565481612205,389.2080993652344,9194659,1473.0968689675985,1483.0233977342266,1464.1629930776332,1476.025146484375,8910166
2024-04-03,389.34520020712586,391.90428066572207,384.7754219498934,388.614013671875,13152268,1471.186101560143,1473.5436523631188,1458.1079713887636,1460.7880859375,7008292
2024-04-04,388.9338972480882,390.5790161945303,383.7700572984611,386.37481689453125,19065447,1468.878217464342,1468.878217464342,1439.3467919062653,1452.1768798828125,14490272
2024-04-05,386.1463241399223,394.55472252991405,383.81572695487466,390.7618103027344,16768902,1450.1417667351745,1459.9938949751336,1445.3025839763254,1449.3724365234375,7442298
2024-04-08,391.4472482618613,394.28051978119635,390.94457385997055,392.17840576171875,8844633,1452.226356281804,1480.0206375610207,1450.2658910334067,1475.057373046875,8357118
2024-04-09,393.412271990678,394.3719126015798,388.9338815526786,389.6650390625,6967273,1478.060211901015,1478.8543827139295,1451.7549092714805,1452.896484375,7071414
2024-04-10,391.44727259062495,400.12986258026945,389.1166753283321,399.3529968261719,14547618,1455.5766564963697,1476.0749645358123,1455.5766564963697,1468.7044677734375,9138330
2024-04-12,397.5707980604603,398.25627639020945,391.4472882010774,393.0924072265625,18785009,1465.031599863232,1475.5536963762681,1452.3255942645226,1456.3707275390625,15551012
2024-04-15,391.1730638575208,392.22412088579836,386.5118985063276,389.2537536621094,9083087,1450.2658952456557,1471.2356878788278,1435.6986653849476,1454.062744140625,12902062
2024-04-16,386.831769055941,390.2591024836234,386.7860898150879,389.2537536621094,10357752,1442.6721581376476,1460.3662698899807,1440.265047408789,1454.9810791015625,9366184
2024-04-18,389.34519094310184,390.16773594755756,381.71365795919775,382.8103942871094,22133191,1452.7475160786112,1475.0822062813913,1448.6279823176308,1453.56640625,19005692
2024-04-19,382.03354071225175,389.5736864841606,380.205646774092,388.2027587890625,17221280,1446.0720814485837,1463.1705049395248,1432.4231028577299,1459.323974609375,15741778
2024-04-22,390.2591469862357,390.80752966629024,386.9232295916741,388.7054443359375,7386048,1461.6317610616636,1471.9305352298081,1457.0160218672338,1468.9774169921875,10350362
2024-04-23,388.7054072770841,393.4579601647396,388.522603412523,392.26983642578125,12484384,1468.1337674689391,1482.5272357774581,1444.8561033979943,1448.603271484375,14605554
2024-04-24,392.31553707695537,393.73217296540156,391.4472838462077,391.99566650390625,6070285,1452.7475596039474,1457.7605053579202,1438.8504186169605,1439.5205078125,10462776
2024-04-25,393.91498347737365,400.58684707283845,392.0870605648532,399.9013977050781,30337038,1431.9018276580116,1457.189636393573,1430.9091747445573,1449.2484130859375,15943926
2024-04-26,401.4550856562055,405.1566105910282,398.850326015204,402.14056396484375,15342965,1453.1943211694756,1454.2366552962403,1439.346860190818,1441.878173828125,9413848
2024-04-29,403.96849476986824,404.3797527972421,397.20521486639313,400.4954528808594,12075706,1439.3467183436048,1457.1152296530197,1439.3467183436048,1454.2613525390625,7247974
2024-04-30,402.09483326873476,402.5975076783204,397.66215102986746,398.1648254394531,12528665,1457.2144546560796,1472.178648628076,1452.1271085524606,1456.2218017578125,11474262
2024-05-02,398.48473777993564,404.51683088911363,397.4336807202778,401.2265930175781,24123523,1461.185178797564,1466.4710074185996,1453.368036621592,1455.7752685546875,14512646
2024-05-03,402.1862629337069,402.1862629337069,394.23483059983744,398.89599609375,23786388,1460.1925152681529,1464.1134460205978,1405.7455242326487,1423.46435546875,17226958
2024-05-06,400.31265418776957,402.551864091815,396.06277543320584,397.3423156738281,10753860,1424.9533097670264,1429.4202480421582,1407.5818831415143,1409.095703125,7394208
2024-05-07,399.30727653728593,407.62428750266935,397.7535450760951,402.4604187011719,26969062,1405.571689953147,1410.311631866643,1381.772860502106,1391.17822265625,14517472
2024-05-08,403.28298749687275,406.43612962055266,400.49542413012136,403.05450439453125,10916481,1387.2325360419566,1422.4220356245855,1387.2325360419566,1408.1279296875,9439002
2024-05-09,402.18626860635175,403.5114880367474,386.92320277397204,388.5226135253906,24314298,1402.6186490602306,1413.2896685063718,1379.787630710347,1383.88232421875,11009612
2024-05-10,389.80213909836215,398.80459931623363,389.80213909836215,396.062744140625,14524604,1386.4879762578594,1399.6406275450738,1377.8766636438304,1397.0845947265625,10505096
2024-05-13,395.9713447246366,397.98207143443125,392.5440111250424,394.69183349609375,7584217,1389.6149314683873,1396.6379028351905,1373.8317248456565,1392.394287109375,8456620
2024-05-14,393.4579641744985,396.0170445089671,391.67574958198725,392.726806640625,11423749,1390.6818338615062,1416.590049599915,1389.738862101979,1409.6414794921875,7188300
2024-05-15,393.68644240363693,395.97133139310563,390.0306258136693,390.99029541015625,7856433,1410.063563528233,1419.468926315315,1402.6435067088078,1405.86962890625,5046534
2024-05-16,393.0010134485123,395.37729001022427,386.5119249062993,394.32623291015625,23911954,1408.1278405018506,1417.0120356183081,1387.75361519461,1414.8778076171875,14711774
2024-05-17,395.19451234969523,399.8556779867922,391.9956618278003,398.7589416503906,11894830,1412.5948920294334,1426.6408349602225,1402.8668442157614,1425.15185546875,10916476
2024-05-21,398.48476583327965,399.4901147555859,395.9256853161679,397.38800048828125,11175153,1415.1260338425998,1431.231803864575,1415.1260338425998,1425.57373046875,11176128
2024-05-22,399.71856660848556,403.9227658482658,397.93635202820826,402.0491638183594,11036895,1425.7226630539947,1457.9838844507517,1425.7226630539947,1449.9185791015625,10281604
2024-05-23,403.4201283779724,406.61897906710067,398.9874456251496,403.3744201660156,27244733,1447.8340020088174,1481.2615172416956,1444.3100355832012,1475.1319580078125,14608260
2024-05-24,403.05451410700533,404.3797335120663,397.84496600489564,398.6675109863281,13252938,1472.724715385057,1477.5638984586112,1465.2549777906743,1469.37451171875,7094776
2024-05-27,401.04380974465363,401.1351971930909,393.64076020528995,394.3719177246094,12282545,1469.3497180106694,1473.990419113941,1450.8119965034373,1455.4774169921875,6629010
2024-05-28,394.9203077808962,395.2858865474374,391.4015578418531,392.0870361328125,9668761,1457.2144512745626,1467.6373066821805,1442.0764946111178,1445.5010986328125,7820162
2024-05-29,388.8881674070639,395.19448048921834,388.8881674070639,393.8692321777344,10832067,1435.8724890871501,1447.287997987601,1427.8815843874524,1430.1895751953125,7383556
2024-05-30,391.63006488826727,393.86924566680193,386.009229872296,387.3801574707031,21314885,1424.9532474164846,1429.817270893488,1409.6663684202383,1414.3814697265625,13206858
2024-05-31,390.03063052557883,392.5897108592454,387.7457415085067,389.7564392089844,29300711,1420.7841589242364,1431.653659822201,1411.800601617005,1419.8907470703125,31069832
2024-06-03,396.6568386124209,397.4794126122737,391.7671897218955,393.3208923339844,16116836,1472.1043222829317,1503.3728901534053,1448.2806515244756,1499.228515625,21527942
2024-06-04,396.52177031965385,396.80101565647095,374.97368265988365,386.4690856933594,47791986,1487.0437791255476,1487.0437791255476,1349.3131842665355,1387.0091552734375,36709098
2024-06-05,392.7985512208221,405.82980402897,389.12189949981456,400.52423095703125,28197030,1411.5524616660985,1420.6352601794422,1373.9308915121778,1410.3116455078125,17464890
2024-06-06,405.829791944629,407.41213302436523,401.2688535975877,405.27130126953125,32318523,1424.4569533735907,1433.0929853880773,1410.9072166555904,1421.0819091796875,17855722
2024-06-07,401.5481002254475,411.0888154566866,401.26885488700134,408.7618103027344,29543660,1418.004611799037,1461.1850112482903,1416.0193060772324,1459.1500244140625,18558696
2024-06-10,409.5530068967988,410.48381488403055,405.6901817746213,406.6675109863281,11872688,1459.150058153404,1482.3781598703026,1457.2888339961758,1460.5894775390625,9251760
2024-06-11,406.7606160148987,407.50525061130764,402.33930016150435,403.0373840332031,13158571,1458.20717740815,1462.847878399236,1443.9874724286744,1445.9727783203125,11774902
2024-06-12,400.7569418231023,404.34052174068876,400.43114573978,402.3858337402344,10751658,1446.7916974833406,1465.1557773484808,1444.4838278075101,1452.5738525390625,10081742
2024-06-13,406.66751056673644,406.66751056673644,400.0122909895558,400.52423095703125,9641349,1461.1851486521073,1461.433311890669,1449.3725542618724,1454.4847412109375,9181160
2024-06-14,401.17580700990004,402.01351357567347,399.36074170092695,401.3154296875,9572809,1459.199879544848,1468.8038455887872,1446.518713499826,1466.6944580078125,8157998
2024-06-18,403.03737898986196,404.1543603703237,398.5695419674905,399.08148193359375,14641141,1476.4224025999808,1476.4720837189377,1460.5399547367645,1470.1439208984375,7196766
2024-06-19,400.24496579903524,400.94304962931466,393.77589043943306,394.3343811035156,11329972,1476.571240472528,1476.571240472528,1445.3026730272272,1447.9332275390625,8725874
2024-06-20,394.70671932417883,396.98717382381864,392.33316337570244,394.00860595703125,15147549,1448.280730003189,1471.9554798675892,1439.446094050177,1462.8726806640625,16113776
2024-06-21,395.59096381210924,395.87020914994883,389.58727754803,390.56463623046875,26176371,1462.7982011333013,1463.8652545834836,1429.9909727182371,1443.515869140625,31170360
2024-06-24,390.9369661412327,394.61361787534224,390.9369661412327,394.00860595703125,9723008,1434.9045699529108,1438.8503408924523,1426.9385064042085,1430.88427734375,8878386
2024-06-25,393.72936061017225,394.66016859976054,390.7042715187919,394.00860595703125,10655609,1432.3982039886682,1445.2282918111714,1430.4128980926341,1443.46630859375,7045386
2024-06-26,393.72935968027775,396.89410093743857,392.8451024171962,394.6136169433594,11511714,1435.425808927042,1507.8149506909176,1434.5075565031482,1502.9013671875,22014882
2024-06-27,394.6135952603717,397.6852643999609,391.96082361688974,396.1494445800781,38438054,1502.6283145931025,1526.2038207675607,1494.9352546835423,1519.304931640625,28383030
2024-06-28,396.05635546638285,398.38336062952527,394.19476903576367,395.4978942871094,18554411,1519.7764812043604,1569.3842873036351,1519.7764812043604,1553.89892578125,28957336
2024-07-01,396.8010483258212,400.47770023042045,395.2651988468778,399.3607482910156,13391362,1551.0450507194453,1567.7960689891884,1544.2454023527885,1548.6875,7724306
2024-07-02,400.2449871714336,400.84999908994706,393.3104927215312,396.0563659667969,11177863,1557.968834801107,1561.9394466769938,1545.5606726889605,1553.6756591796875,7749246
2024-07-03,396.6148682361784,399.919202771963,396.05637752597346,398.6626281738281,7435499,1554.8170660210362,1563.4283787351976,1531.440162014497,1541.019287109375,9049620
2024-07-04,400.24500559718945,401.64120289640215,397.4991322255142,399.3607482910156,9478861,1545.5606622734106,1555.983518377374,1539.4062623766438,1542.6075439453125,6837176
2024-07-05,399.31418163243075,403.96819211066986,398.0110563385377,403.6424255371094,13427543,1542.4088769403465,1586.755694667964,1536.6267221432645,1576.9532470703125,12269710
2024-07-08,405.0386270748445,413.78815742675266,403.64242981653535,412.9039001464844,21311436,1577.3255888697254,1596.9801663885871,1570.898185044045,1589.13818359375,9500806
2024-07-09,416.6271172393411,423.5150613210053,413.2762319022778,421.2811279296875,27489709,1585.8623208770043,1588.7410386525216,1568.887979750272,1578.5911865234375,6960002
2024-07-10,422.30497440394987,423.84082376971406,415.6032042617314,420.210693359375,12065662,1583.2814308954767,1585.7630632323035,1551.6654591589945,1572.5855712890625,7134578
2024-07-11,418.86102924280897,427.70366090287615,417.6509759051689,426.9124755859375,19556596,1575.8365135146928,1592.4634499565013,1558.9614138424095,1569.036865234375,11940946
2024-07-12,426.912503236289,431.19419667007304,424.3062524940008,427.2848205566406,19693114,1572.8586162043875,1593.3569240772113,1562.9320865975437,1584.9937744140625,12924784
2024-07-15,427.2847724121332,434.1727158121033,425.5627791871847,431.3337707519531,16876907,1592.6620057625546,1594.0517441522056,1573.8512804915936,1585.4901123046875,5329688
2024-07-16,431.3803035660824,434.4519728201184,429.47216640057155,433.3349914550781,13497253,1581.792452589091,1588.24469666931,1557.5965372882695,1564.669189453125,9386838
2024-07-18,430.9614860880629,438.31481926756675,430.63569000741666,437.70977783203125,21907158,1564.4210812674708,1582.1895936713806,1546.3795650620239,1575.0177001953125,12298374
2024-07-19,438.40785446446665,446.2266057465609,436.9185558631909,441.7121887207031,25939326,1574.3475621142547,1578.293333314245,1541.3915329908289,1543.7242431640625,13140390
2024-07-22,441.75876374646487,446.27315152086356,433.614245462781,434.26580810546875,18762384,1525.9557698439748,1526.203933085127,1488.2597977476694,1489.6495361328125,19674376
2024-07-23,434.26580514596367,462.9810529532946,434.12618247349457,458.140869140625,56125835,1489.9719903646578,1494.6870915999891,1452.2511804820083,1476.96826171875,18052044
2024-07-24,461.67791921290376,475.3141836420076,456.69814231888404,459.86285400390625,43693692,1474.0895996286229,1498.4095963901725,1465.552808673545,1484.7109375,11913362
2024-07-25,456.09309104663214,461.6779092226846,451.11331426036946,456.04656982421875,18567567,1470.1189136102262,1489.4508041915794,1466.2227025912728,1481.4351806640625,12519876
2024-07-26,459.86288665413383,471.35829062734945,453.6730560146967,467.4489440917969,21534703,1481.4352554076795,1501.3131545447015,1479.4002684339398,1497.9381103515625,9859940
2024-07-29,470.5205683407357,471.1721309915476,459.8628713024175,461.7244873046875,12978187,1500.8416167163412,1516.2774189432153,1500.6679751498336,1508.9317626953125,7538550
2024-07-30,461.9571661211897,463.3533633251995,454.8365279309325,456.0000305175781,13891052,1505.8792447159437,1513.795627121447,1498.9058340677934,1502.03271484375,8228208
2024-07-31,458.373614385957,463.49301427967293,456.55854906003475,461.07293701171875,11982586,1492.9499231376883,1499.3524857083617,1490.1208866802617,1494.364501953125,10057346
2024-08-01,461.6313905239546,462.3760546322901,456.97737997103144,459.537109375,12114803,1500.8913109431162,1506.8472288436842,1493.2479314401046,1504.1671142578125,10764222
2024-08-02,451.25298409269624,464.88922015217565,451.25298409269624,455.25543212890625,22141163,1493.9425575637474,1498.2357327232485,1482.3037269895096,1488.3092041015625,10268248
2024-08-05,446.83163592942134,457.86164997554926,446.36621719129073,452.3699035644531,25022076,1469.1262655731218,1472.9976360481728,1422.7197433328897,1436.6912841796875,17046704
2024-08-06,452.6026191959533,457.6754978281909,450.55485925262013,452.649169921875,14251363,1444.4590050773538,1466.6447748995176,1440.6620347326755,1445.3524169921875,10236186
2024-08-07,456.0930950965633,461.3055960404738,454.32458063337543,458.5597229003906,11320399,1458.2071184913539,1461.6814036613468,1450.7622216985117,1454.062744140625,8174568
2024-08-08,459.8163204658485,463.5395227307948,458.42009380414777,460.514404296875,21349889,1446.816580877676,1454.2366377811502,1435.3018303695276,1438.478271484375,12387192
2024-08-09,463.5395573573386,463.5395573573386,458.9786187546684,461.5848693847656,9556181,1449.2732763644294,1465.6520496932055,1445.3026646483625,1463.46826171875,6249776
2024-08-12,457.95473966191645,465.4011447621894,457.95473966191645,460.37481689453125,9425644,1459.199797918004,1462.1777566892652,1447.0397996020206,1449.8936767578125,8184584
2024-08-13,461.6313768042684,463.39992082169977,454.4642172856773,456.0931091308594,8056478,1450.0178268110735,1459.2742672925806,1447.28803114191,1452.8717041015625,6265064
2024-08-14,457.9081745197849,464.47035162635643,456.0000373291409,458.140869140625,9609981,1452.7973239887267,1461.1851932386814,1443.0195951522678,1451.1097412109375,6267466
2024-08-16,460.2817396441816,469.31051531176115,458.55974631588987,467.8677673339844,13643352,1457.8598362701878,1469.5235088888628,1447.3377388233519,1467.339599609375,9416902
2024-08-19,469.82246388684206,474.057606447632,465.0288306148003,466.7508239746094,10591508,1476.6025720306277,1492.3397678065596,1474.6105280885965,1482.4791259765625,13797742
2024-08-20,466.3319395570424,468.56587282373647,463.2602997527288,464.2841796875,6888634,1491.268975771349,1497.9423959482733,1484.0976661921165,1489.9990234375,8411808
2024-08-21,465.40113299398797,473.77837539474945,464.5168757294204,470.427490234375,8801221,1487.30978907883,1501.8766102174725,1484.072717714687,1492.7132568359375,7769996
2024-08-22,472.7079312298726,473.3129431304896,466.7507956705184,469.63629150390625,8686423,1497.0210123494212,1500.5070892244864,1484.720165407205,1492.1654052734375,10445782
2024-08-23,470.10172179736895,471.8702364304628,465.35463912442765,470.7998352050781,8195369,1497.768063961028,1505.3128818837536,1492.4642955105633,1494.008056640625,9249654
2024-08-26,470.9859714327483,472.8475874897276,467.26276881861634,470.70672607421875,8126402,1500.9802618699923,1516.941539085057,1497.021098650585,1506.5828857421875,8816114
2024-08-27,472.42870096422115,472.47525168876325,465.40113454893714,465.9596252441406,8260450,1504.4912711730515,1507.4544123852302,1493.485179145279,1494.481201171875,6251156
2024-08-28,465.77346700783545,467.54201110027503,462.1433658703206,462.88800048828125,8081932,1499.0131426615155,1501.4782728482842,1487.0608784010915,1492.33984375,9610286
2024-08-29,463.5395558890962,472.56833161488777,462.9345144591377,470.14825439453125,19389694,1497.1205913811584,1530.885760314005,1488.0568158159556,1514.874755859375,38335358
2024-08-30,467.21619895900704,473.91799878978713,465.58730710072587,467.169677734375,15523349,1527.89778785993,1533.599989641746,1497.3447635789732,1503.6197509765625,41620730
2024-09-02,469.12436710280446,477.40850809281204,468.47280445752887,474.7557067871094,16497266,1504.8647654458696,1520.7264647058682,1500.6316718721823,1510.2183837890625,11240852
2024-09-03,474.7556771661306,480.2474233336446,472.75446813038855,474.1506652832031,12481552,1515.1984708784905,1516.941509382377,1501.5031683479538,1503.1217041015625,10923800
2024-09-04,465.40115282136196,474.75572483416937,465.3546315948188,471.311767578125,8739052,1494.7301447200666,1511.4633627071519,1493.534966971581,1508.525146484375,11983304
2024-09-05,473.1733400299588,476.47770400804217,471.9633161786824,475.8261413574219,11318636,1513.0072347057646,1519.7054581926027,1481.1345314015284,1487.035888671875,16264168
2024-09-06,476.57078709097436,476.57078709097436,462.74837792975984,466.9835205078125,14245025,1486.5627588054047,1491.0448575756723,1455.8105811316245,1458.997802734375,19394228
2024-09-09,467.26274749161126,477.17578026799583,465.72692758962387,476.33807373046875,14265060,1460.666261949736,1464.07768593117,1449.809597840599,1456.63232421875,9010298
2024-09-10,476.477687995446,479.3631543513727,473.54564141627685,478.06005859375,11332248,1454.6901127162012,1466.1942153054945,1451.7766997689328,1455.7110595703125,10768260
2024-09-11,477.50157364424496,483.5517812694099,476.5242149395142,478.7581481933594,15497555,1457.2300550346945,1462.9073318760024,1441.7917138302157,1445.7259521484375,9760202
2024-09-12,479.4562685547481,484.4825963244237,473.3595101165837,483.5517883300781,19085324,1451.2039809867947,1480.088617533546,1440.1232367942907,1473.913330078125,22349376
2024-09-13,483.55177740140044,484.0171666381423,476.57076185132354,478.2927551269531,9165077,1470.5268529366479,1477.2500011980833,1463.6542770635715,1466.766845703125,8711328
2024-09-16,480.20089978594154,481.2247797226006,474.4299374611518,475.7330627441406,7821668,1471.6723576050656,1475.0090069946318,1458.9232273463058,1465.4969482421875,5481774
2024-09-17,475.68650794774527,478.0135131474731,471.21864144436574,472.6148681640625,10889862,1468.1364260685732,1471.5975781970765,1460.790763828237,1466.4432373046875,5935328
2024-09-18,472.7079419349947,476.94308433487333,470.1482421053882,472.2425231933594,5638729,1464.1522884024148,1476.10455198121,1454.7399294679985,1457.6282958984375,8574714
2024-09-19,474.7091530835231,479.1770196230398,472.38214786497383,473.08026123046875,14461616,1460.4171894563083,1470.6264144806405,1449.7598031867433,1463.82861328125,16955902
2024-09-20,476.5707542994241,481.5505606528095,472.8475519650138,478.8046875,24725118,1468.136427109257,1489.0528890965668,1465.5218693608433,1480.0140380859375,30897320
2024-09-23,479.7820558718561,483.50525851039043,478.0600919826822,481.1782531738281,8105508,1485.0687739665293,1495.5270047691104,1483.026880271187,1487.434326171875,8832314
2024-09-24,481.22477807872787,481.96941266651345,478.57200629730727,479.59588623046875,7015487,1482.5786761041754,1494.530939532627,1481.9561623839436,1483.4501953125,17137444
2024-09-25,479.8285876329136,483.3656462246209,476.85001973985106,481.7367248535156,8802667,1477.9970102640052,1490.5468626388433,1474.3116560624171,1488.0069580078125,7069002
2024-09-26,481.82979240141503,487.50771228617066,481.2247804832943,486.576904296875,16086557,1484.7202013028073,1498.017070530802,1482.1305684499498,1491.9910888671875,18818998
2024-09-27,484.2498800632578,491.92897929887965,484.2498800632578,486.53033447265625,17916386,1493.0369361114394,1527.3747692811157,1486.0647823070499,1520.1038818359375,20597478
2024-09-30,484.5756816249072,488.06618957500433,478.47892301876533,482.29522705078125,10936940,1513.3558880158446,1518.9086621673466,1468.5348969230117,1470.701171875,27008814
2024-10-01,482.2952288952036,483.78449813302376,478.4324036223028,480.48016357421875,5285319,1474.7599230273088,1482.0308103038055,1457.0057588364782,1458.997802734375,16431642
2024-10-03,473.3595144685611,480.0147341646593,472.94064644228075,477.2688903808594,16481353,1430.8602791168494,1443.634334423912,1396.4975195620746,1401.3780517578125,37757294
2024-10-04,474.70916243329543,481.5505850504167,466.8438893596582,468.70550537109375,18930962,1398.34020617394,1411.711728297617,1376.2782950115372,1381.0093994140625,37072876
2024-10-07,471.9167568584212,479.31664050572476,471.68406223740055,474.89532470703125,17114457,1387.9566419173104,1390.9447078848398,1355.9594355150189,1365.272216796875,22181340
2024-10-08,474.70916262824323,477.08271861882434,470.9859601036691,472.801025390625,9868331,1367.513224520688,1395.4267642320656,1359.669551595401,1391.791259765625,17020808
2024-10-09,474.52300307966124,474.52300307966124,456.6050454275096,457.67547607421875,24874940,1391.9656892391695,1395.4019165531051,1367.0402140253339,1369.1318359375,14310610
2024-10-10,461.07292157165,461.35216692010636,455.58117505154325,458.00128173828125,13292273,1374.5352199766685,1380.4864268287754,1363.9774115920343,1365.595947265625,22358646
2024-10-11,458.88553006277044,459.76978731576037,453.6730289927351,454.41766357421875,14949380,1364.5501018082973,1377.7723178051706,1363.3797273571677,1366.6417236328125,7980122
2024-10-14,457.0239270306357,464.4703615554793,454.83654444829324,462.56219482421875,6970606,1373.962442591221,1374.5849563155427,1362.8070452852592,1367.0650634765625,12221432
2024-10-15,463.5395431890202,464.84266846423816,460.2817300009753,464.0514831542969,8347216,1353.1207855156183,1366.243302159234,1335.3666207605413,1338.678466796875,33762794
2024-10-16,461.67793639321064,464.3307377203826,458.28050046536174,459.0716857910156,6939430,1334.6695151768993,1358.5740438069333,1332.3039628645522,1348.6884765625,20034438
2024-10-17,460.7471349200635,460.7471349200635,454.2315378220923,455.0692443847656,7669729,1360.2671814831224,1363.0062419523483,1346.6715786036464,1351.0291748046875,15543660
2024-10-18,454.92962162837006,457.5358722670346,445.295833910263,453.021484375,22616838,1346.796043723323,1362.9814005892638,1335.9891081789099,1353.8927001953125,12082452
2024-10-21,453.0214708169555,453.85920685423713,444.3184618732703,450.1825256347656,7680088,1361.686598848784,1368.5342502099143,1352.3239675798945,1363.7532958984375,14067408
2024-10-22,450.1825341028487,454.6038499942979,447.52973276804886,448.4605407714844,12772970,1363.7532474009167,1370.5262455038624,1334.8935348257999,1338.006103515625,15831960
2024-10-23,447.7159128151993,449.85674470503926,446.3197155392319,447.11090087890625,10553961,1332.1793705575924,1352.0748848775756,1329.689315659354,1333.2003173828125,17214742
2024-10-24,448.6466834538993,449.0190007298163,437.4770471770943,439.0594177246094,13596626,1329.9633130042932,1338.3547254831988,1317.8616212723593,1334.4703369140625,22155934
2024-10-25,442.8756969116362,459.3509061803578,441.38642779120835,448.9259338378906,32154050,1338.1555171764887,1339.002111534351,1316.7410448137834,1322.5677490234375,18597496
2024-10-28,448.6001588146549,452.27684006531985,443.0618910761679,450.6479187011719,8946214,1331.6813526124565,1347.6177038778262,1316.8406011796387,1329.0418701171875,10824350
2024-10-29,451.4390938460629,455.34846963211504,447.9951367963455,454.1849670410156,7131161,1322.8167478889227,1337.856655249044,1315.0478495098762,1334.66943359375,12008361
2024-10-30,454.184973007894,459.11822877893854,452.83529700456427,457.5358581542969,6640080,1329.6893351932274,1344.62966480214,1320.0776988278842,1338.553955078125,11984423
2024-10-31,457.9547336726039,458.8855416729211,451.1598618201317,454.9761657714844,8111694,1334.6694245700712,1337.6574904459744,1320.8745447599274,1326.7510986328125,9331650
2024-11-01,457.0239381563187,458.04781813468816,455.4415674625382,456.37237548828125,1517892,1327.7471304089104,1336.6116286385318,1327.6972806767253,1333.3248291015625,2127335
2024-11-04,459.30436247116853,459.30436247116853,446.3662114156426,451.0667724609375,8754385,1332.5280301195805,1334.6695017714562,1279.9878687625326,1296.9700927734375,19796890
2024-11-05,449.5309522164633,451.48564009009533,443.94613393463237,446.97125244140625,7610046,1287.8564249120313,1304.3406373759979,1281.0336986406933,1300.1075439453125,16267479
2024-11-06,446.9712534416916,450.8806291977046,444.9234936170633,447.8089599609375,11749720,1304.7888451117578,1323.0160966964434,1295.0277806900112,1320.0777587890625,21625209
2024-11-07,448.4140231856805,449.29828047118207,443.1549711985074,444.8304138183594,9267980,1318.7331565363688,1318.7331565363688,1297.4182609581876,1300.4561767578125,9611974
2024-11-08,444.83037855513163,447.43662897936747,441.7587389122067,444.9700012207031,6325023,1292.4879180085577,1296.4720058402277,1269.9279963447846,1278.6431884765625,19814406
2024-11-11,444.9700163904902,448.18127880846396,441.2933647379613,443.9461364746094,5700343,1273.8622221377802,1280.884225507143,1261.9598084895413,1267.6370849609375,9056552
2024-11-12,444.5511987476186,444.8769653271345,438.54751214101316,440.1298828125,5236095,1270.4759075040322,1284.1712099692156,1262.4578817905294,1269.1810302734375,10671091
2024-11-13,437.5236321065983,441.8518465898786,435.84818948406627,439.52484130859375,11548660,1265.196886863478,1270.3761523895544,1244.5294313213271,1247.0693359375,14633633
2024-11-14,438.5940712100893,440.22296313830753,430.2633791633469,433.70733642578125,12087836,1248.613186761178,1267.537605244334,1246.1231316976048,1262.5574951171875,12612633
2024-11-18,433.7538681362016,435.42931071742356,430.03066567791126,434.26580810546875,8448573,1262.55746761959,1267.8364328732807,1238.951794764919,1255.7347412109375,13620611
2024-11-19,435.6155089819328,440.96760360254876,433.9865875323155,435.0104675292969,7121472,1255.734688515481,1276.4021442257297,1230.236550606767,1236.710693359375,14183746
2024-11-21,429.09984555266027,431.9387906655465,423.88734455857747,425.5162658691406,20313155,1236.7107220331202,1239.0014996478671,1212.407761281373,1218.1348876953125,19433843
2024-11-22,424.631975165262,443.5272615925996,423.98041254708403,441.8052978515625,20214206,1224.509420421979,1263.8024380613526,1217.586994857739,1260.3662109375,20471957
2024-11-25,445.85427840836786,448.83284624094614,439.7109988473268,443.8065185546875,14427013,1284.868314871977,1299.260783408558,1277.3483005192684,1281.8802490234375,28923341
2024-11-26,446.7851008259381,449.25172877480986,441.29338372266824,443.9927062988281,6791715,1289.7986377983043,1292.687125909721,1279.0914013187908,1290.545654296875,9247557
2024-11-27,444.4580764325498,446.878183051745,440.2694848220805,443.9461364746094,7339184,1288.3543972122054,1298.6632001168684,1280.8842325588682,1288.0555419921875,9572746
2024-11-28,443.99271290031436,450.322166155722,437.9890262279885,442.03802490234375,14967609,1284.818474176107,1291.442044503892,1264.0017125526565,1265.7447509765625,15027412
2024-11-29,440.4556457729167,445.7612189514994,439.897155069963,443.760009765625,8668142,1274.9081506356404,1294.3305794929802,1270.177046170391,1287.0595703125,13202307
2024-12-02,443.061911581005,446.1335515529355,440.6418342849228,444.1788635253906,5689595,1282.876370557777,1306.133460567327,1271.9699779978703,1303.9422607421875,11024152
2024-12-03,433.75385818828863,440.641801753041,430.72873966665543,439.8506164550781,23073942,1311.7609017834461,1321.5219654799555,1301.8006823317874,1318.035888671875,16869482
2024-12-04,441.5726121335174,445.10964113217466,434.1261778472117,434.7777404785156,13957078,1320.7251432865569,1323.1156203515295,1298.8625094957517,1303.742919921875,19608540
2024-12-05,435.1966056549393,440.0367598846573,430.49604459546777,435.1500549316406,27432375,1309.1214514378748,1324.6593698468237,1300.9541199209712,1316.7908935546875,16858723
2024-12-06,437.4770547274369,442.0845437835551,435.33622297900996,438.5474853515625,7842234,1318.6334884089777,1318.6334884089777,1304.7887589399247,1306.3326416015625,9037514
2024-12-09,438.8732783278562,439.3386970836674,430.9149332516241,432.7765197753906,12154116,1297.8166732313093,1309.7689372979064,1287.9560310594236,1289.9979248046875,14650002
2024-12-10,433.14884089608387,434.1727207984002,430.5891116404687,433.2419128417969,9163636,1284.121290398709,1289.7488386952925,1275.107243177966,1279.73876953125,16043729
2024-12-11,434.8708208734233,435.801628864771,432.543815644967,433.0557556152344,7005617,1279.8882324099652,1284.8683422637005,1270.9738844056644,1273.115234375,11724373
2024-12-12,433.28847754716475,435.5223813153135,427.37786305689633,428.7275390625,13380617,1264.9479526569407,1273.1152845047754,1255.5853214463157,1257.876220703125,20906813
2024-12-13,428.1690601754377,441.5726306530016,420.39685899742756,437.4770812988281,32976794,1254.9877622795104,1270.1272485556606,1234.6688884780408,1267.78662109375,28630222
2024-12-16,437.7097825910721,441.572637375938,435.6155014062847,437.5701599121094,9354160,1269.9280595585296,1275.904191603511,1261.511722229068,1263.2547607421875,9486781
2024-12-17,437.47709558325016,442.8757409311339,431.0080195112737,437.0582275390625,20608409,1256.033537225462,1258.8721754853295,1237.8561365143116,1240.34619140625,17462791
2024-12-18,439.99023417228676,441.0141140758129,434.59155981753815,437.9424743652344,12841386,1235.714673937889,1254.9378248920182,1235.714673937889,1248.2645263671875,12670179
2024-12-19,436.5462626049631,441.52606912403894,433.10230549351394,434.26580810546875,15161531,1234.0712121990753,1239.947766097918,1224.1109925687356,1225.55517578125,14244653
2024-12-20,434.21927834206105,435.1035651496871,427.51750769365964,432.497314453125,20231570,1219.1309339507777,1234.5692750261348,1196.7204388413884,1200.50537109375,20312896
2024-12-23,438.5940686151742,444.6442765268234,435.2431538258243,441.4330139160156,19562956,1210.1667348774333,1222.3181546925216,1208.3738466363206,1217.437744140625,10052824
2024-12-24,442.0380117336406,447.01778878263576,439.94370111964736,445.34234619140625,12009880,1217.4377030050357,1228.6429501715868,1216.1428258096823,1217.8858642578125,6734917
2024-12-26,447.2970215629146,448.50707487251225,443.06187922906,443.9461364746094,9188830,1219.3798917928577,1222.8161189414398,1209.4196721335327,1211.7105712890625,10016178
2024-12-27,446.55242536015504,448.55366414032335,443.06191730157735,445.48199462890625,16906420,1213.4536884394554,1223.0154756156849,1212.1588111658666,1216.1927490234375,7000397
2024-12-30,447.48321420762863,448.1347768639311,443.0618982898495,443.9927062988281,13578360,1211.5611874241417,1218.3340640862093,1203.294156174512,1205.8837890625,8818766
2024-12-31,445.34234180784205,451.1133336206923,441.7122113126057,450.1825256347656,13787501,1203.1945530395503,1214.2503727116298,1201.3519366916562,1210.6148681640625,6405475
2025-01-01,452.36992927745524,453.1611146274063,448.786349339299,450.4617919921875,18931186,1210.0172807004092,1221.4218053468785,1206.7802092584152,1216.391845703125,5892590
2025-01-02,451.7649051388864,456.09311958375633,448.92595990090587,455.2088623046875,27131131,1216.3918076943417,1239.4994683243335,1215.1467802555553,1236.860107421875,15486276
2025-01-03,456.3258002607226,457.02391361750296,446.645462212376,448.2743835449219,38500784,1238.9518139936486,1257.0296379589822,1230.5852047154665,1246.1729736328125,15521102
2025-01-06,440.4058897359901,446.35078327762176,426.53445180563205,427.88775634765625,22009958,1248.961727102304,1256.9797527645217,1210.1667191829588,1213.15478515625,14816766
2025-01-07,430.6427208727847,432.6726924603659,425.4711357210362,426.38946533203125,14294780,1217.1388288273843,1239.5493228115217,1216.3918123612464,1235.913818359375,10070505
2025-01-08,428.2260697173429,436.97424286310576,422.5228390228783,434.5576171875,13482926,1244.0314575822304,1265.9937909556584,1240.395953024955,1260.4658203125,19346579
2025-01-09,434.4126274415429,445.2874430291975,431.17434312214294,435.08929443359375,19732649,1261.9598138402198,1264.6988742096441,1243.0852464738894,1249.758544921875,12794704
2025-01-10,434.94431534989513,436.92593666981674,427.74275879733165,430.0627136230469,9145729,1248.8621307808614,1251.750618829338,1231.0831628192257,1236.959716796875,8120332
2025-01-13,420.4928844446885,429.19273722630277,420.4928844446885,424.4078063964844,17799607,1225.1070543419412,1240.2963897717905,1221.5213994754447,1234.9178466796875,13764861
2025-01-14,426.29277561702855,426.77610075945154,421.3145325500375,422.0395202636719,18048459,1239.1509590647415,1248.3641626627486,1222.3680125031533,1233.822265625,13095266
2025-01-15,422.0395386220168,427.066102621971,420.8312257133989,422.7645263671875,9786805,1239.9974688456068,1251.9995818882041,1236.90982514039,1247.2186279296875,9578856
2025-01-16,423.4411141911693,424.79444808982385,416.72291290775513,418.41455078125,15774070,1253.8920943102864,1269.9280238633037,1246.3223515830243,1261.4119873046875,14117603
2025-01-17,418.5595763145332,427.0660870817343,418.0762511686735,425.51947021484375,11270061,1316.9900509904955,1320.7251333812799,1279.888232575373,1297.169189453125,29366277
2025-01-20,424.35947781685184,426.48612025732217,421.4595269433882,423.10284423828125,8742771,1310.764916385877,1310.764916385877,1295.0775703121099,1300.2568359375,14040244
2025-01-21,423.39282913963933,432.09268179319355,420.7345408288311,422.95782470703125,15686500,1305.2868371165837,1307.776892128252,1265.1471016946018,1268.6331787109375,14562976
2025-01-22,425.2294579278358,427.2111087280882,421.99117354679964,422.4261779785156,9619648,1273.2149526536994,1277.7966294698952,1263.6530443254642,1272.0196533203125,10273590
2025-01-23,420.49287689797217,427.1144372962157,419.6228975353898,425.51947021484375,8888248,1264.9478840486133,1272.2686211078578,1256.581275301743,1258.6231689453125,8720682
2025-01-24,424.74612978757085,430.15937728937985,424.40779628749044,426.8727722167969,9665384,1260.9638702056575,1267.9360243063209,1238.5533748820974,1241.34228515625,14235970
2025-01-27,426.09942801772166,430.15937095928996,421.9911643624925,425.42279052734375,10480203,1234.1708090151494,1235.515414368934,1215.1468135462453,1224.4595947265625,9536019
2025-01-28,425.32613404915026,427.06609279760266,420.00955737353587,420.9278869628906,20813072,1233.0752790316255,1239.7984277662488,1213.6528493538253,1229.4896240234375,10568025
2025-01-29,421.4111847122362,422.90948078709505,415.7562748977468,418.89788818359375,15158510,1231.0832160878692,1237.8063647194172,1223.1648896668228,1230.585205078125,5928156
2025-01-30,418.55960015677164,423.3928518906835,417.0613039191899,421.65289306640625,22496695,1230.635044492625,1251.9996679975989,1227.497550840604,1248.0654296875,9269259
2025-01-31,421.94286574038716,433.2526863127406,420.5895611889515,432.5760192871094,13546181,1250.8541794958078,1261.9598488917904,1244.0314532484974,1260.0673828125,6584612
2025-02-01,433.05930484973186,455.775585349662,424.8910985721678,447.1240539550781,30393007,1260.0673469134033,1265.495739501575,1236.0632421918099,1259.5693359375,7118453
2025-02-03,446.59243971426656,449.68573248191484,437.21591998094135,439.19757080078125,16991730,1246.0235355947286,1251.003645649064,1232.6270881824535,1240.94384765625,9252345
2025-02-04,442.7258148273928,444.9974488165376,433.78430000828064,439.9708557128906,18923681,1243.0852829885687,1283.6731787459128,1241.6409781641657,1280.08740234375,16691069
2025-02-05,439.9708671159242,440.64753410889205,431.6093481304944,433.2043151855469,12836283,1277.5476050956522,1285.366353249074,1271.6212014188793,1273.115234375,10112028
2025-02-06,434.9926473462472,434.9926473462472,423.5861852824319,426.38946533203125,17469129,1268.6331564996678,1282.8763195509282,1265.2965071593937,1276.4520263671875,9956001
2025-02-07,425.32610601162634,430.64268233677166,414.1129573168095,416.48126220703125,18875982,1271.073491533156,1278.5933846345008,1256.979756005846,1261.6610107421875,8764283
2025-02-10,412.7596610777305,418.84954591665235,412.2763359476629,412.9530029296875,12227140,1259.469777897567,1261.461821832557,1240.5952102474196,1248.6629638671875,6970972
2025-02-11,414.4996202235818,416.1912581807673,403.5764840713996,404.34979248046875,14288751,1259.5196705337273,1259.5196705337273,1225.2066396338644,1229.937744140625,8859714
2025-02-12,405.6753937562897,406.3136281355489,400.2258148708563,402.48419189453125,13884574,1214.5989377224967,1222.0193743195214,1188.6027887286011,1211.7105712890625,21131654
2025-02-13,402.5333188714483,406.46095206462076,401.60049400188456,402.287841796875,12989029,1212.2086229517822,1223.1150152108587,1207.1786632211406,1211.2623291015625,8511216
2025-02-14,404.30071268308313,408.6702162817502,401.01131412778494,402.8278503417969,14124236,1214.1507532507958,1219.1308629852126,1200.6546072366423,1212.40771484375,10298145
2025-02-17,402.3860051226291,403.95706437920165,399.39119682530554,401.2077331542969,11975265,1206.2821918357026,1222.6169765728448,1199.7084711054922,1220.02734375,8166683
2025-02-18,400.6185827614127,403.4170273840887,396.69094959708514,397.9183349609375,12998403,1219.9775298877432,1225.0074896525716,1211.2623373341316,1220.525390625,6673250
2025-02-19,397.4764566403701,401.40408972956527,397.1818961448654,399.0475158691406,7079032,1214.6488125132394,1227.8461038341088,1212.706618273488,1222.567138671875,6217338
2025-02-20,392.71423117033765,396.5927509227199,389.03207509597695,394.7762145996094,15355585,1219.0810452834291,1234.4198079853766,1217.1388510698625,1228.0950927734375,7795582
2025-02-21,394.7761916445472,395.9544935060131,391.9777771631228,393.6470031738281,8240986,1223.8121434284387,1235.0672403005465,1217.2882724889691,1223.264404296875,6904025
2025-02-24,392.7633170048975,396.10179920634647,391.53593163925717,394.6289367675781,7037625,1211.7105497558396,1218.3838481751116,1205.68456833515,1209.718505859375,7172498
2025-02-25,394.7271291352976,399.63667054245303,393.25426671315097,397.52557373046875,15760891,1206.1826029932777,1216.1428226711741,1196.7203942992758,1199.21044921875,11552182
2025-02-27,397.525552328783,399.1456949128277,392.2723373128528,394.3343505859375,19051003,1207.975493883109,1210.166693583284,1195.8738026303336,1202.298095703125,11509215
2025-02-28,391.7813927759098,395.218071659909,385.1044286446103,387.853759765625,31954776,1197.218393771922,1212.5073065135477,1188.5530513693543,1195.325927734375,23007298
2025-03-03,388.7865980194929,391.78140630708367,384.12253365869424,390.25946044921875,10702826,1199.2104168056296,1201.6506219268736,1151.4013636439433,1166.5906982421875,17944938
2025-03-04,388.2465194896839,390.01397233458835,385.7426654162302,387.70648193359375,13404774,1157.576687742468,1169.3297956512124,1154.9373267832577,1157.2779541015625,11377373
2025-03-05,387.3628037989018,405.2826293231856,387.3628037989018,397.721923828125,15665018,1156.3815647449799,1178.2940491759787,1152.3974766666165,1170.9234619140625,8664095
2025-03-06,401.747764542559,402.28783207284374,393.3033473882626,398.3601989746094,17869996,1192.2383549047067,1209.1208794668382,1180.4355183146993,1204.7882080078125,14468014
2025-03-07,396.2490690334906,398.50747602613745,394.432562712498,396.5927429199219,11180761,1211.1627762331514,1249.8084792402678,1207.178688153437,1244.828369140625,16474965
2025-03-10,393.7943018882363,399.489387865199,393.1560675022779,397.6728515625,9785018,1240.0473535020744,1252.9956391209716,1230.4855669004469,1233.4736328125,11931051
2025-03-11,394.23615458392493,401.01131538193874,393.94159410093084,398.85113525390625,11099475,1235.0672477916657,1244.5294565449083,1224.858022557904,1242.3382568359375,10089838
2025-03-12,399.0475152195476,405.8226762942879,396.69094136295917,404.93896484375,13844306,1252.995610693361,1257.9757204337955,1239.0513034201438,1252.0494384765625,11977555
2025-03-13,405.5281006874954,406.90276622215737,400.8149531499511,404.59527587890625,8196569,1255.0376050433522,1259.1212710412995,1238.901975238559,1242.9359130859375,9505270
2025-03-17,405.5281132753817,408.719315135297,399.63666368784595,400.5694885253906,5257805,1237.208673957254,1252.3980085038181,1228.1946267891797,1233.9217529296875,16640917
2025-03-18,402.5823808619056,404.4971139277993,400.37308730839516,401.69866943359375,13861897,1233.9217529296875,1233.9217529296875,1233.9217529296875,1233.9217529296875,0
2025-03-19,402.5823921632704,403.31882336844717,395.3162769319527,395.75811767578125,12830387,1236.113132982547,1248.2645525643281,1233.8720835165427,1242.1888427734375,16162399
2025-03-20,397.6728373693795,399.2929799729773,394.62891583099076,396.641845703125,16994037,1246.8700894970418,1267.9359786597456,1245.0773228865291,1264.101318359375,15971477
2025-03-21,398.60567790903195,400.12762375553666,394.4325677226245,398.212890625,25302035,1269.927977701306,1275.9041093610767,1265.0474458622177,1271.2725830078125,21780769
2025-03-24,399.6366587789359,405.38082804931764,398.2619932184889,403.4660949707031,14362572,1285.86434660882,1300.8046759652354,1279.141198398433,1296.920166015625,20299319
2025-03-25,404.5461964506968,407.73739824308706,401.3059112323006,402.385986328125,20338110,1302.497915186312,1302.497915186312,1277.4977874103538,1280.33642578125,13713899
2025-03-26,402.8769581468943,403.76069957751406,398.90024157095667,399.9803466796875,13891436,1285.8643858858131,1288.6532960847499,1263.7028966635362,1267.98583984375,12074747
2025-03-27,400.6185794021223,403.2697437519979,398.3110889443362,402.0423583984375,18642328,1273.0655062272906,1279.8882324099652,1266.242780044616,1273.115234375,15028056
2025-03-28,403.46610258111434,408.08108344123156,400.7658548357284,402.3369140625,12981873,1274.9081198538831,1290.5954658598978,1263.9518781988888,1270.027587890625,18147129
2025-04-01,402.38600438126315,406.90278849853894,398.2620075515041,399.2929992675781,15206240,1259.5693287834792,1272.8164693011493,1244.330265958221,1247.6170654296875,12099648
2025-04-02,399.685750106513,402.5823914949175,398.7038418345742,401.6495666503906,8001323,1242.5873186806543,1250.5554948342144,1238.9518139936486,1246.1729736328125,10142590
2025-04-03,399.68573475414075,402.7787696643111,399.34209084453187,401.99322509765625,7059566,1228.145018441354,1246.8204315907722,1228.145018441354,1243.732666015625,7434366
2025-04-04,400.12763155444486,405.3317335492131,397.1819066595655,402.287841796875,18627592,1236.1628160172713,1240.4954871764826,1188.4036122186155,1199.9075927734375,17908652
2025-04-07,383.09149195819776,400.71675676567065,383.09149195819776,398.7038269042969,26762866,1127.6960086529814,1166.590714623955,1110.415052053189,1161.062744140625,22156106
2025-04-08,404.4480082967242,408.2774445365288,399.88214085828554,405.08624267578125,18600796,1167.3378163352843,1191.8399338970503,1158.6724733291408,1177.4971923828125,19555040
2025-04-09,405.52811678460984,411.4686498505965,403.8097773067089,408.7684020996094,21785572,1164.8477193030515,1185.0670143686195,1163.3536863154889,1180.6346435546875,10223104
2025-04-11,412.40145511407445,414.8071422550909,409.4557304346882,413.92340087890625,8939356,1190.3957018139643,1217.786306450343,1190.3957018139643,1214.1009521484375,11224242
2025-04-15,421.4350305010776,421.4350305010776,411.4195544215754,412.7942199707031,11685880,1246.0235343416643,1246.0235343416643,1232.1788040875913,1235.1668701171875,13378535
2025-04-16,410.4376454249374,418.3419947920321,410.4376454249374,416.7709655761719,13034594,1229.1907298200806,1235.9637280756608,1224.1110419207541,1234.3701171875,8248464
2025-04-17,417.3110006565654,420.10944512464874,413.92340525328643,419.5202941894531,22410217,1235.266450081142,1275.1073305428426,1222.7165970526498,1269.4300537109375,15398401
2025-04-21,420.3058257121206,421.336847381582,413.87433848811077,415.1999206542969,27388236,1264.947875835223,1295.7249783909904,1261.9598099867933,1290.346435546875,10429964
2025-04-22,418.24383985184426,426.9337040743589,415.88723603001415,425.75543212890625,32031936,1294.8286411452223,1298.713151385602,1281.1831879455033,1286.0635986328125,13051707
2025-04-23,428.3083909152653,429.53577622856506,421.0913592799704,423.05517578125,19566317,1291.840547250601,1300.8047453425481,1280.286716249035,1294.82861328125,10480888
2025-04-24,424.0370755980093,428.16107218939527,421.53319162940176,422.2696228027344,26064089,1287.2588872304611,1299.3107293954529,1285.1672652984741,1296.4222412109375,10468940
2025-04-25,422.2696267928269,424.87170760222523,415.6417461702055,420.0603332519531,22944377,1298.3146947064158,1319.928323767296,1282.9759313802824,1295.22705078125,14431012
2025-04-28,418.9311396302756,422.71149230249586,417.06551998951244,421.042236328125,6287095,1334.669497851195,1369.1318351951852,1314.9482133535364,1363.35498046875,31104496
2025-04-29,421.14043560056143,421.82778335059663,417.31099948077133,418.29290771484375,11189930,1365.5461749701867,1405.2874774645995,1364.5501529607263,1394.1319580078125,32538970
2025-04-30,419.6675863161336,421.5332060258665,414.3652876801437,418.0965270996094,10026546,1396.4228227174156,1406.7814756764847,1363.5540972183608,1399.410888671875,25480745
2025-05-02,416.42728530446215,423.69340019536935,416.42728530446215,421.7295837402344,9263372,1408.3751233126775,1421.024554216323,1403.4945911426703,1414.152099609375,13007841
2025-05-05,422.4660329307672,430.56677615372786,421.5823214813549,429.0448303222656,11525305,1425.3074680112338,1433.773654928142,1421.2238021682567,1425.6063232421875,12685649
2025-05-06,429.5848686129065,431.69596540271175,425.16628139288804,427.6701354980469,15026568,1425.3074785225756,1426.3035005201455,1404.9886054552057,1415.2476806640625,14084117
2025-05-07,425.5590249840726,427.13008416028316,421.9259824773884,423.3497314453125,9710361,1415.2476117092147,1418.733688530858,1397.1199392858432,1400.4068603515625,13440169
2025-05-08,421.2386332122387,423.6934038020536,415.88722134025767,422.8096923828125,19937960,1398.51446598441,1415.1481063364454,1392.438756100913,1401.4029541015625,16106175
2025-05-09,418.24384137926455,421.38592987740896,415.34719998420627,415.8872375488281,8226512,1379.9884666950659,1389.251519832932,1369.032224808638,1371.721435546875,13668904
2025-05-12,421.7296134519522,428.3084110263286,420.40403125825395,427.6210632324219,8031891,1394.430721507353,1433.275577320772,1394.430721507353,1430.7855224609375,10674081
2025-05-13,427.0318966442069,430.026734819032,417.654684739414,420.1585388183594,14976369,1427.7974767909468,1441.9409399606418,1406.7814377941193,1410.0682373046875,11407896
2025-05-14,419.3730364482981,424.0371008235316,418.1947345146855,421.33685302734375,9557309,1414.3512435205853,1424.2118856620737,1409.8691445094285,1418.7337646484375,5570160
2025-05-15,421.3368389928473,427.52284902460343,418.2929174036252,424.8226013183594,24263510,1419.3313670179805,1455.5865925696291,1407.0802476372012,1448.4151611328125,20177211
2025-05-16,427.03189925490824,428.3083979810754,424.2825680939457,427.81744384765625,16402035,1447.4191020051853,1455.1881221330052,1441.542669553187,1450.6064453125,9036695
2025-05-19,427.1300810084491,430.56675982116076,424.822590669679,427.4737548828125,7543854,1446.3234565863577,1448.81351147394,1432.4787270944578,1435.0684814453125,6195791
2025-05-20,429.09390418210114,432.82514353663043,425.068074374028,427.0318908691406,9868414,1432.4787356808251,1439.2517336495314,1416.1440727881434,1418.932861328125,11270560
2025-05-21,428.70116612622536,430.27222538595333,424.184381991556,425.1662902832031,5776672,1418.235682967954,1430.486680037078,1412.458707007589,1423.5145263671875,6136364
2025-05-22,425.1662742449478,425.1662742449478,415.248994880322,418.39111328125,19451749,1415.5464438973825,1418.1361984129633,1391.3431818014155,1403.79345703125,12134466
2025-05-23,426.14817819915925,431.05771942265187,421.2386369756667,428.40655517578125,18536884,1401.0045498118507,1428.0964217220903,1401.0045498118507,1421.124267578125,6474883
2025-05-26,430.32130894917486,435.5254109103499,428.8484465112427,434.8871765136719,13107662,1426.3034970063507,1435.2676949623963,1419.430920923106,1429.0924072265625,4842944
2025-05-27,434.8871621282408,436.1636608448351,423.0551795877558,426.04998779296875,26986022,1420.4269591196573,1431.2836233071982,1408.275539274527,1416.44287109375,12640414
2025-05-28,417.70001220703125,422.6000061035156,413.0,420.20001220703125,431851622,1414.4508509493858,1416.9409060075968,1405.0882196135674,1407.279541015625,5944611
2025-05-29,422.0,422.79998779296875,416.6000061035156,418.75,21478547,1406.4826358531975,1414.3512339364067,1402.996558868143,1412.1600341796875,13771917
2025-05-30,419.1000061035156,420.04998779296875,416.3999938964844,418.04998779296875,30656239,1412.3591925541664,1424.9090454066043,1404.0921613404494,1415.2476806640625,13788484
2025-06-02,418.29998779296875,420.45001220703125,414.54998779296875,419.29998779296875,14973380,1406.4826830156508,1411.8612262898896,1390.0483195350275,1408.0762939453125,8098668
2025-06-03,419.0,421.70001220703125,415.6499938964844,416.95001220703125,13216486,1416.6421539546416,1420.8253977642241,1397.8173136420837,1399.908935546875,11252626
2025-06-04,417.1499938964844,419.0,415.95001220703125,417.0,12598933,1409.0722382665938,1420.0284799827916,1400.506473605418,1417.8372802734375,8126827
2025-06-05,418.5,420.95001220703125,415.75,419.1000061035156,13212523,1422.3193687346825,1448.913106617055,1417.9368477633755,1436.662109375,13716817
2025-06-06,420.29998779296875,421.29998779296875,419.0,421.04998779296875,8774988,1435.2676355449807,1445.7258660607492,1431.28354772945,1437.7576904296875,8182161
2025-06-09,422.0,423.6000061035156,420.5,423.04998779296875,10473123,1451.204075048637,1451.70208605586,1439.5506661134996,1443.0367431640625,7885125
2025-06-10,424.5,428.54998779296875,423.04998779296875,427.0,13041075,1444.2318404180787,1448.1163503747662,1430.2875329933524,1432.777587890625,7913181
2025-06-11,428.0,428.1000061035156,424.8500061035156,426.1499938964844,20789182,1440.0485867347081,1462.7578142878924,1437.3592545136698,1443.13623046875,8195700
2025-06-12,427.0,427.20001220703125,419.54998779296875,421.0,18508835,1447.7179200254843,1451.2039968882907,1428.6939248911115,1435.865234375,8828114
2025-06-13,415.0,419.3500061035156,413.5,413.8999938964844,17873926,1418.335338487147,1429.7895915718395,1408.6739736495979,1422.2198486328125,9757276
2025-06-16,414.95001220703125,418.8999938964844,413.25,418.20001220703125,7006629,1421.223780491138,1436.6621211041454,1418.7337255535563,1432.0804443359375,8458093
2025-06-17,418.1000061035156,419.04998779296875,415.70001220703125,417.3999938964844,9028406,1442.2398094911548,1442.2398094911548,1420.12817043809,1425.506591796875,10366599
2025-06-18,417.0,418.45001220703125,414.8999938964844,415.8999938964844,8036215,1424.3114328610282,1437.0605628519918,1420.028489708749,1424.4110107421875,6681735
2025-06-19,415.6499938964844,418.25,414.79998779296875,416.0,12601006,1424.4110453044384,1434.1721095891817,1420.0285241646616,1427.598388671875,10007230
2025-06-20,416.0,419.5,416.0,418.54998779296875,13203184,1425.3075053013417,1465.148385952672,1422.4190171371765,1460.367431640625,29010635
2025-06-23,417.0,417.5,411.75,413.8999938964844,14839890,1447.2199506188397,1457.9770367383994,1436.2637087352834,1451.0048828125,5989078
2025-06-24,416.8999938964844,420.6499938964844,413.75,414.3500061035156,16690068,1459.1721495093714,1469.1323689599471,1437.359244595668,1445.0286865234375,16402744
2025-06-25,416.3999938964844,418.1499938964844,415.1000061035156,416.3500061035156,9946718,1458.1762135192969,1466.5428226679085,1454.690136506102,1461.463134765625,7525851
2025-06-26,417.20001220703125,420.8999938964844,416.25,420.29998779296875,13703918,1463.2558362824063,1492.8377614283193,1459.2717484446844,1489.3516845703125,14657893
2025-06-27,421.0,422.0,417.79998779296875,418.6499938964844,21409935,1493.4353527246628,1515.9454247275912,1490.9452978220222,1509.3717041015625,11117052
2025-06-30,419.79998779296875,420.75,415.79998779296875,416.45001220703125,12317124,1507.7781788170053,1518.734421010171,1490.0489382705405,1494.630615234375,8409527
2025-07-01,417.0,418.8500061035156,414.8999938964844,415.1000061035156,13670465,1494.630607775488,1525.3081343971446,1494.132596769193,1522.320068359375,10368523
2025-07-02,416.8999938964844,416.8999938964844,411.70001220703125,412.95001220703125,15990899,1522.3200879079554,1523.9136988316197,1502.6983810571346,1512.75830078125,6361002
2025-07-03,414.0,416.0,411.25,413.3500061035156,14185298,1514.7502729656235,1525.8060926058627,1506.9812529023668,1511.76220703125,11283291
2025-07-04,414.8999938964844,415.0,411.75,412.54998779296875,8256733,1517.9375659885409,1523.913698138102,1511.1645675851503,1521.2244873046875,6603501
2025-07-07,413.0,417.20001220703125,412.0,416.1499938964844,6845218,1520.5271677380254,1538.65484117058,1518.933556847784,1535.367919921875,7251074
2025-07-08,416.1499938964844,418.1000061035156,414.6499938964844,417.20001220703125,6807192,1529.8897875590692,1538.7544076502807,1524.1128113419518,1531.4833984375,7171261
2025-07-09,416.20001220703125,420.29998779296875,415.45001220703125,419.45001220703125,9930533,1530.586937987722,1544.8301010282516,1504.0927774643353,1512.9573974609375,8870660
2025-07-10,420.29998779296875,420.29998779296875,416.3999938964844,416.8500061035156,6220360,1513.654605815878,1518.6347158851345,1501.5031858807802,1511.16455078125,10047129
2025-07-11,417.0,418.04998779296875,415.5,416.79998779296875,8578844,1505.9852937598653,1508.9733598189127,1484.3716645666439,1489.2520751953125,7234991
2025-07-14,417.04998779296875,419.95001220703125,416.54998779296875,419.3999938964844,6896989,1486.263916129696,1494.0329360309418,1473.2160528053016,1477.7977294921875,10311846
2025-07-15,420.8999938964844,422.3999938964844,419.0,422.1000061035156,8532755,1480.2878335086834,1490.5469086437597,1476.503022895967,1479.4910888671875,8132454
2025-07-16,422.1000061035156,425.45001220703125,420.29998779296875,424.6000061035156,9780773,1467.1403332858122,1485.068728397248,1465.6463003598592,1479.690185546875,10409983
2025-07-17,425.79998779296875,425.8999938964844,423.0,423.95001220703125,7240795,1481.4830970988435,1483.674296790977,1468.0368005528198,1470.52685546875,11854613
2025-07-18,425.20001220703125,425.20001220703125,420.1000061035156,422.75,6730256,1478.8934598804974,1478.8934598804974,1463.2558421043927,1470.12841796875,10296318
2025-07-21,422.0,422.75,418.3999938964844,420.1000061035156,4822343,1459.1722169809668,1470.128458883213,1417.4388712363768,1422.9169921875,22442744
2025-07-22,420.1000061035156,420.3999938964844,415.20001220703125,416.0,9869507,1421.721828538219,1426.2039275426996,1405.0881881707605,1407.179931640625,20396320
2025-07-23,417.1000061035156,417.8999938964844,414.0,414.95001220703125,12196187,1420.3273163904719,1420.3273163904719,1408.7734859597779,1418.932861328125,8354596
2025-07-24,415.8500061035156,415.8500061035156,409.45001220703125,409.95001220703125,9005157,1413.554298653669,1417.3392306864348,1390.4466381154343,1397.3192138671875,14740507
2025-07-25,410.0,410.25,407.75,409.3999938964844,5824089,1393.3351272649268,1395.4267490386208,1378.593953801798,1386.1636962890625,11854722
2025-07-28,410.79998779296875,410.8500061035156,408.6000061035156,409.8999938964844,8123337,1386.7614543919697,1402.199795115413,1379.490445288333,1382.080078125,7748361
2025-07-29,410.0,411.3999938964844,408.0,408.45001220703125,6811772,1377.4984422704579,1414.550412474214,1377.4984422704579,1411.4627685546875,10750072
2025-07-30,409.0,409.29998779296875,405.75,407.6000061035156,10915863,1412.458776601272,1417.6381639620695,1395.7256799199,1404.4906005859375,7209849
2025-07-31,405.95001220703125,414.0,405.54998779296875,411.95001220703125,19364174,1382.5780559389787,1397.0203743336986,1376.7015020683227,1384.669677734375,17065827
2025-08-01,412.3999938964844,419.3500061035156,411.79998779296875,416.45001220703125,14324065,1381.3828853186424,1400.3073026227253,1378.7932525308158,1388.15576171875,10321171
2025-08-04,420.20001220703125,422.5,415.1000061035156,416.8500061035156,18352458,1389.5502251510159,1410.466686507784,1386.1637261382157,1405.885009765625,6312820
2025-08-05,417.20001220703125,417.95001220703125,413.0,414.1499938964844,8495104,1405.38696851784,1405.38696851784,1382.5780415934858,1386.1636962890625,9315972
2025-08-06,414.1499938964844,415.0,410.5,412.0,9080543,1386.3630773472378,1390.3471654369864,1377.797312271222,1387.259521484375,5834312
2025-08-07,412.0,414.75,411.6499938964844,413.6000061035156,11514878,1382.1796145349972,1388.1557462486337,1360.5659868045632,1383.8729248046875,9976705
2025-08-08,413.8999938964844,415.3500061035156,412.95001220703125,414.5,9814361,1379.4904158119157,1391.6418351007062,1359.569976594415,1362.35888671875,8793606
2025-08-11,414.5,417.0,414.0,416.8500061035156,8514272,1364.5501609316866,1382.4785572067015,1355.7851185633474,1380.6856689453125,9997486
2025-08-12,417.0,419.79998779296875,415.29998779296875,416.3500061035156,13635738,1376.4028464986861,1396.3232867936674,1369.7294260490362,1374.9088134765625,12244664
2025-08-13,417.20001220703125,417.5,413.6000061035156,414.1000061035156,10874910,1382.4785186353236,1386.2634508216695,1372.0202877666845,1377.0999755859375,7457021
2025-08-14,414.25,415.04998779296875,411.0,411.45001220703125,9580361,1377.300048828125,1380.699951171875,1370.0999755859375,1373.800048828125,7126128
2025-08-18,413.0,413.70001220703125,404.8500061035156,406.29998779296875,30950814,1390.0,1394.9000244140625,1377.0,1381.699951171875,11785109
2025-08-19,406.3500061035156,409.3999938964844,404.5,409.1000061035156,16681331,1390.0,1421.0,1389.0999755859375,1420.0999755859375,14384719
2025-08-20,409.1000061035156,410.25,405.45001220703125,406.04998779296875,18188129,1413.0,1424.9000244140625,1410.0,1413.0,8725641
2025-08-21,406.04998779296875,406.8500061035156,403.3500061035156,405.54998779296875,15028966,1425.0,1431.9000244140625,1420.300048828125,1424.800048828125,11021323
2025-08-22,406.0,406.5,397.5,398.29998779296875,13087624,1420.0,1423.4000244140625,1407.9000244140625,1409.199951171875,5818868
2025-08-25,399.0,400.54998779296875,396.25,399.3500061035156,10440286,1414.699951171875,1419.5,1405.699951171875,1412.5999755859375,5979407
2025-08-26,399.29998779296875,405.3999938964844,398.3999938964844,403.3500061035156,13715752,1408.0,1410.0,1381.5999755859375,1384.9000244140625,12145259
2025-08-28,404.5,404.5,400.0,400.8999938964844,12471719,1389.9000244140625,1392.199951171875,1366.5,1385.9000244140625,13161813
2025-08-29,402.0,410.45001220703125,401.8999938964844,409.75,25255050,1381.0999755859375,1403.5,1350.0,1357.199951171875,18758842
2025-09-01,409.75,410.20001220703125,405.0,405.8500061035156,12268090,1356.0,1363.199951171875,1340.5999755859375,1353.9000244140625,11232238
2025-09-02,406.54998779296875,407.8500061035156,404.45001220703125,406.75,19808255,1354.800048828125,1384.5,1354.5,1366.5,11517006
2025-09-03,408.5,413.25,407.29998779296875,411.75,12936588,1369.699951171875,1376.5,1360.5,1372.5999755859375,7847563
2025-09-04,423.95001220703125,427.0,415.0,415.8999938964844,27274123,1371.800048828125,1374.0,1357.0999755859375,1359.300048828125,13223177
2025-09-05,416.8999938964844,417.0,404.3999938964844,407.3500061035156,16000675,1363.0,1381.0,1359.300048828125,1375.0,5777575
2025-09-08,407.45001220703125,410.54998779296875,406.79998779296875,407.54998779296875,7419022,1380.0,1386.0,1372.4000244140625,1378.5,6986720
2025-09-09,408.5,410.95001220703125,407.3999938964844,410.04998779296875,8825896,1376.5999755859375,1381.199951171875,1368.699951171875,1376.199951171875,9754452
2025-09-10,411.0,413.70001220703125,408.95001220703125,413.04998779296875,9252397,1383.9000244140625,1388.5,1374.0999755859375,1377.0,7790815
2025-09-11,413.04998779296875,416.70001220703125,412.45001220703125,415.04998779296875,8274406,1376.0,1385.5,1375.0,1383.300048828125,9766072
2025-09-12,415.3500061035156,417.04998779296875,412.8500061035156,413.75,7803379,1383.300048828125,1396.300048828125,1380.5,1395.0,7403368
2025-09-15,413.04998779296875,414.29998779296875,411.75,412.6499938964844,5707331,1393.0,1400.800048828125,1388.5999755859375,1399.300048828125,5396697
2025-09-16,413.20001220703125,414.3500061035156,412.0,413.1000061035156,8239087,1404.699951171875,1408.0,1398.199951171875,1405.300048828125,8686961
2025-09-17,413.95001220703125,414.6000061035156,408.04998779296875,409.29998779296875,14113882,1407.0,1416.199951171875,1406.9000244140625,1413.800048828125,7519417
2025-09-18,411.3500061035156,413.04998779296875,410.1000061035156,411.54998779296875,15647808,1420.4000244140625,1422.0,1410.699951171875,1415.0,9332642
2025-09-19,411.54998779296875,412.6000061035156,408.95001220703125,410.6499938964844,19505321,1414.9000244140625,1417.0,1403.5999755859375,1407.4000244140625,13461373
2025-09-22,410.6499938964844,411.0,406.04998779296875,406.95001220703125,8930779,1403.9000244140625,1410.699951171875,1388.0,1390.5999755859375,7757970
2025-09-23,407.1000061035156,408.1000061035156,402.1000061035156,403.20001220703125,14936357,1391.0,1395.0,1376.800048828125,1389.800048828125,14014702
2025-09-24,403.20001220703125,404.6499938964844,400.70001220703125,401.0,12380865,1385.300048828125,1396.0,1380.4000244140625,1383.0,5922759
2025-09-25,401.45001220703125,403.0,398.0,400.1000061035156,22006368,1381.300048828125,1384.5,1369.0,1372.4000244140625,11411143
2025-09-26,400.1000061035156,405.8999938964844,399.79998779296875,405.1000061035156,14414044,1372.0,1382.699951171875,1366.0,1377.5999755859375,9879109
2025-09-29,406.8999938964844,408.0,403.20001220703125,407.25,19717660,1381.5999755859375,1389.0,1368.0,1372.800048828125,14231999
2025-09-30,406.75,406.75,400.3999938964844,401.54998779296875,9465490,1377.0999755859375,1377.0999755859375,1362.800048828125,1364.0,14604684
2025-10-01,402.3500061035156,406.0,399.75,405.6000061035156,17643039,1367.0,1378.5999755859375,1362.699951171875,1368.699951171875,12045916
2025-10-03,404.8999938964844,405.5,402.29998779296875,404.29998779296875,16987141,1363.199951171875,1371.5999755859375,1356.9000244140625,1363.4000244140625,12842347
2025-10-06,403.0,403.8999938964844,399.79998779296875,400.75,13989077,1360.0,1377.4000244140625,1359.0,1375.0,12396580
2025-10-07,402.5,402.6000061035156,399.5,399.79998779296875,12298968,1376.0,1395.9000244140625,1375.9000244140625,1384.800048828125,11244040
2025-10-08,400.0,401.75,398.0,399.75,8402463,1384.800048828125,1389.0,1364.5,1367.4000244140625,8525081
2025-10-09,399.0,401.3999938964844,398.95001220703125,399.8999938964844,15656267,1374.0,1380.0,1369.0999755859375,1377.800048828125,8826633
2025-10-10,400.45001220703125,403.8500061035156,399.5,402.79998779296875,15085738,1377.800048828125,1388.0,1375.0999755859375,1381.699951171875,6373084
2025-10-13,400.0,400.95001220703125,398.54998779296875,399.25,9508594,1376.9000244140625,1377.699951171875,1367.800048828125,1375.0,7600682
2025-10-14,400.0,400.8500061035156,396.20001220703125,396.79998779296875,10291102,1380.0,1388.0,1370.0999755859375,1375.9000244140625,9768174
2025-10-15,398.0,400.8500061035156,397.25,399.8999938964844,16043867,1383.0,1384.0,1372.699951171875,1374.300048828125,10882743
2025-10-16,401.0,406.0,399.54998779296875,405.1499938964844,22962049,1375.0999755859375,1400.5,1375.0,1398.300048828125,12315932
2025-10-17,405.3500061035156,413.8500061035156,405.25,412.1499938964844,21071344,1401.0,1423.300048828125,1399.0999755859375,1416.800048828125,19335561
2025-10-20,412.54998779296875,414.8500061035156,411.29998779296875,413.04998779296875,13083621,1440.0,1473.800048828125,1433.300048828125,1466.800048828125,24721978
2025-10-21,413.5,413.95001220703125,412.3500061035156,412.8500061035156,1142130,1468.0,1474.0,1460.0,1465.199951171875,2066169
2025-10-23,416.0,420.45001220703125,413.54998779296875,415.95001220703125,24305990,1475.0,1482.9000244140625,1444.5999755859375,1448.4000244140625,18707090
2025-10-24,415.95001220703125,417.95001220703125,413.45001220703125,416.79998779296875,14935678,1450.0,1459.800048828125,1441.0,1451.5999755859375,9700837
2025-10-27,417.0,422.70001220703125,416.6000061035156,420.6499938964844,11603679,1463.0,1485.0,1458.0,1484.0999755859375,14113867
2025-10-28,420.5,421.6499938964844,415.8999938964844,417.8999938964844,17163147,1484.0999755859375,1492.0,1477.5999755859375,1486.9000244140625,17631577
2025-10-29,418.20001220703125,422.20001220703125,416.04998779296875,421.6000061035156,11470661,1490.0,1508.300048828125,1488.0999755859375,1504.199951171875,11884745
2025-10-30,421.6000061035156,421.70001220703125,416.1499938964844,418.75,12938674,1500.0,1503.0999755859375,1484.0,1488.5,9318663
2025-10-31,420.5,426.3999938964844,418.20001220703125,420.3500061035156,18599864,1490.4000244140625,1497.5,1482.300048828125,1486.4000244140625,8758053
2025-11-03,419.95001220703125,421.6499938964844,413.29998779296875,413.95001220703125,7635440,1486.0,1495.0,1479.300048828125,1484.699951171875,8452085
2025-11-04,414.0,414.5,408.3500061035156,408.8999938964844,10085404,1483.9000244140625,1492.800048828125,1470.0999755859375,1473.0999755859375,10007806
2025-11-05,408.8999938964844,408.8999938964844,408.8999938964844,408.8999938964844,0,1473.0999755859375,1473.0999755859375,1473.0999755859375,1473.0999755859375,0
2025-11-06,410.0,413.29998779296875,406.54998779296875,407.5,10095563,1484.0,1501.5999755859375,1476.199951171875,1496.0999755859375,16772678
2025-11-07,406.04998779296875,409.1000061035156,403.1000061035156,404.04998779296875,8411611,1494.5999755859375,1498.4000244140625,1475.9000244140625,1478.0,7821765
2025-11-10,404.04998779296875,407.1000061035156,403.6499938964844,405.54998779296875,6650003,1477.9000244140625,1501.0,1475.5,1489.300048828125,7068438
2025-11-11,406.0,408.04998779296875,404.6000061035156,406.8500061035156,12005318,1497.0,1498.800048828125,1480.199951171875,1493.4000244140625,7127506
2025-11-12,408.0,408.1000061035156,405.54998779296875,407.0,7987236,1505.0,1524.699951171875,1500.0,1511.5,12384459
2025-11-13,407.0,407.5,404.5,405.70001220703125,6617185,1515.0,1522.0999755859375,1506.800048828125,1510.9000244140625,7196443
2025-11-14,404.70001220703125,408.75,400.1000061035156,408.1499938964844,64020258,1505.5,1520.9000244140625,1505.5,1518.9000244140625,7682823
2025-11-17,409.75,412.0,406.0,407.1000061035156,7855399,1520.9000244140625,1523.699951171875,1511.5,1518.300048828125,5871416
2025-11-18,408.25,409.79998779296875,404.54998779296875,405.8500061035156,7661681,1521.699951171875,1527.800048828125,1510.5,1519.4000244140625,11045042
2025-11-19,404.8500061035156,405.54998779296875,402.79998779296875,403.54998779296875,7882450,1517.4000244140625,1522.300048828125,1512.0,1518.9000244140625,5692366
2025-11-20,403.54998779296875,407.0,403.25,405.45001220703125,6693410,1530.0,1550.9000244140625,1526.699951171875,1549.0999755859375,18171724
2025-11-21,405.0,408.5,404.70001220703125,407.8500061035156,5808131,1541.0,1557.800048828125,1540.0999755859375,1546.5999755859375,9615271
2025-11-24,408.3999938964844,408.79998779296875,402.8500061035156,403.54998779296875,11037491,1550.0,1550.0,1531.800048828125,1535.9000244140625,18433951
2025-11-25,403.54998779296875,404.5,400.1000061035156,400.79998779296875,8199785,1535.9000244140625,1559.5999755859375,1525.0999755859375,1539.699951171875,15033482
2025-11-26,401.0,403.95001220703125,400.95001220703125,402.29998779296875,11443953,1542.300048828125,1571.5999755859375,1540.5,1569.9000244140625,14054299
2025-11-27,403.5,405.95001220703125,402.1000061035156,404.29998779296875,8679529,1575.0,1575.5,1556.0,1563.4000244140625,9794643
2025-11-28,404.29998779296875,405.0,402.5,404.25,6883500,1568.0,1581.300048828125,1563.0,1567.5,8959508
2025-12-01,402.79998779296875,405.5,398.20001220703125,404.25,13442658,1575.0,1577.5,1563.5999755859375,1566.0999755859375,8920233
2025-12-02,404.25,405.5,400.5,400.95001220703125,8093808,1561.0999755859375,1567.5,1542.0,1546.300048828125,11389150
2025-12-03,401.70001220703125,402.20001220703125,398.8500061035156,400.5,10772192,1545.199951171875,1552.4000244140625,1533.0,1538.800048828125,6090883
2025-12-04,400.1000061035156,403.54998779296875,399.04998779296875,403.04998779296875,8057989,1536.0,1560.5,1517.5999755859375,1535.5999755859375,11867930
2025-12-05,403.04998779296875,405.3500061035156,402.0,404.95001220703125,4419747,1530.4000244140625,1545.800048828125,1520.5999755859375,1540.5999755859375,10183266
2025-12-08,404.95001220703125,405.25,400.54998779296875,402.29998779296875,6056866,1539.199951171875,1551.0,1535.0,1543.0,11301491
2025-12-09,402.0,404.5,400.0,401.04998779296875,9426717,1540.300048828125,1542.5,1520.0999755859375,1529.4000244140625,11503971
2025-12-10,401.1000061035156,404.3999938964844,401.0,403.1499938964844,6969146,1534.0,1547.5,1531.4000244140625,1536.9000244140625,7991629
2025-12-11,403.1499938964844,404.0,401.1000061035156,402.8999938964844,6980147,1536.9000244140625,1550.0,1524.0,1545.0,4706197
2025-12-12,402.8999938964844,404.0,399.8500061035156,400.1000061035156,12407516,1550.800048828125,1559.800048828125,1546.0999755859375,1556.5,5106655
2025-12-15,400.1000061035156,403.3500061035156,399.5,402.29998779296875,7756564,1551.199951171875,1558.5999755859375,1546.5,1556.199951171875,5774543
2025-12-16,401.3999938964844,405.75,401.04998779296875,401.70001220703125,12347384,1545.0,1551.699951171875,1538.800048828125,1542.300048828125,11731856
2025-12-17,401.0,403.1000061035156,399.1000061035156,399.79998779296875,8087490,1550.0,1550.0,1539.300048828125,1544.4000244140625,7116649
2025-12-18,400.0,401.95001220703125,399.8500061035156,400.3999938964844,7227668,1535.199951171875,1551.5,1535.199951171875,1544.4000244140625,6580829
2025-12-19,400.25,402.6499938964844,400.25,401.04998779296875,10654835,1554.4000244140625,1574.199951171875,1551.0,1565.0999755859375,13937275
2025-12-22,401.6000061035156,403.6499938964844,401.20001220703125,402.70001220703125,6847871,1573.5,1577.5,1565.300048828125,1575.4000244140625,10184852
2025-12-23,402.5,408.8999938964844,401.79998779296875,407.3500061035156,10081997,1580.9000244140625,1580.9000244140625,1568.0999755859375,1570.699951171875,7506564
2025-12-24,407.95001220703125,409.5,405.6499938964844,406.6000061035156,5777430,1572.699951171875,1575.699951171875,1553.5999755859375,1558.199951171875,8815745
2025-12-25,406.6000061035156,406.6000061035156,406.6000061035156,406.6000061035156,0,1558.199951171875,1558.199951171875,1558.199951171875,1558.199951171875,0
2025-12-26,406.5,407.1499938964844,403.8500061035156,404.1499938964844,3152453,1554.699951171875,1561.0,1554.300048828125,1559.199951171875,2311495
2025-12-29,404.1000061035156,404.79998779296875,401.45001220703125,402.6000061035156,6647710,1554.9000244140625,1558.0999755859375,1543.5999755859375,1545.5999755859375,5972105
2025-12-30,403.0,403.45001220703125,400.29998779296875,400.6000061035156,12340527,1547.0,1553.5999755859375,1537.800048828125,1539.800048828125,8815884
2025-12-31,401.1000061035156,403.75,400.8500061035156,403.0,9945109,1541.0,1577.0,1541.0,1570.4000244140625,5771830
2026-01-01,402.70001220703125,402.70001220703125,362.70001220703125,363.8500061035156,282626710,1573.699951171875,1592.5,1571.0999755859375,1575.5999755859375,6408128
2026-01-02,360.0,360.0,345.25,350.04998779296875,118790358,1580.0,1594.5999755859375,1578.199951171875,1592.300048828125,6602230
2026-01-05,350.20001220703125,353.95001220703125,346.04998779296875,349.70001220703125,48358124,1593.0,1611.800048828125,1575.300048828125,1578.0999755859375,8704973
2026-01-06,350.25,350.70001220703125,337.75,342.45001220703125,72582738,1569.0,1569.0,1496.300048828125,1507.5999755859375,27417125
2026-01-07,343.0,344.54998779296875,339.29998779296875,341.25,29440734,1510.0,1520.0,1498.0,1504.199951171875,11199340
2026-01-08,341.5,345.1499938964844,339.04998779296875,340.8999938964844,36706319,1500.0,1503.9000244140625,1468.800048828125,1470.5999755859375,16518684
2026-01-09,340.8999938964844,341.0,336.1000061035156,337.1499938964844,35193201,1465.0,1479.9000244140625,1465.0,1475.300048828125,8335311
2026-01-12,338.25,339.5,335.79998779296875,338.3999938964844,16156143,1475.300048828125,1485.300048828125,1451.0,1483.199951171875,8883745
2026-01-13,339.0,339.5,333.70001220703125,334.70001220703125,24922339,1485.0,1485.800048828125,1444.699951171875,1452.800048828125,13499760
2026-01-14,336.0,336.0,333.45001220703125,334.75,14913422,1444.0,1467.0,1440.199951171875,1458.800048828125,8321764
2026-01-15,334.75,334.75,334.75,334.75,0,1458.800048828125,1458.800048828125,1458.800048828125,1458.800048828125,0
2026-01-16,337.5,337.5,328.54998779296875,329.20001220703125,30526898,1458.800048828125,1480.0,1455.0999755859375,1457.9000244140625,17167161
2026-01-19,330.0,334.6499938964844,327.29998779296875,333.20001220703125,15507440,1450.5999755859375,1450.5999755859375,1403.300048828125,1413.5999755859375,20392765
2026-01-20,334.04998779296875,334.5,325.5,326.29998779296875,18771011,1410.699951171875,1416.0,1390.0,1394.0,13189498
2026-01-21,326.0,329.29998779296875,324.3500061035156,324.75,14177965,1389.5,1412.9000244140625,1373.0,1404.5999755859375,17352720
2026-01-22,326.1000061035156,328.70001220703125,321.04998779296875,324.8500061035156,18622852,1410.0999755859375,1419.5,1395.0,1402.5,15721693
2026-01-23,325.54998779296875,326.3999938964844,322.70001220703125,323.0,11950089,1401.800048828125,1407.0,1381.0,1387.0,9837802
