,HDFC.NS,HDFC.NS,HDFC.NS,HDFC.NS,HDFC.NS,TCS.NS,TCS.NS,TCS.NS,TCS.NS,TCS.NS
,Open,High,Low,Close,Volume,Open,High,Low,Close,Volume
Date,,,,,,,,,,
2024-01-30,,,,,,3570.6673355072853,3608.5080891700763,3551.4891523141855,3564.196533203125,1411621
2024-01-31,,,,,,3574.184071078628,3595.566200692752,3560.351363342525,3578.638671875,2459358
2024-02-01,,,,,,3582.4367479301113,3662.0567819751186,3568.4165242500367,3614.462890625,2363107
2024-02-02,,,,,,3634.063444426215,3736.612908383376,3631.2030759637855,3719.638671875,2826510
2024-02-05,,,,,,3735.300087307631,3771.8747052852855,3715.6999348975555,3726.203369140625,1691523
2024-02-06,,,,,,3748.429229618272,3891.8203887754125,3741.8645549604466,3878.784912109375,4474396
2024-02-07,,,,,,3894.7277698637645,3896.603391231385,3820.593789517031,3829.4560546875,2124267
2024-02-08,,,,,,3835.6461148623707,3899.4172483124053,3831.941808049095,3877.003662109375,2345173
2024-02-09,,,,,,3879.300567921934,3924.503225662895,3845.0237708866407,3876.628173828125,2100596
2024-02-12,,,,,,3873.1584686878864,3900.9177589811775,3850.228812262782,3864.43701171875,1013716
2024-02-13,,,,,,3868.891392141469,3910.6706762721788,3827.67442810669,3891.445556640625,1257415
2024-02-14,,,,,,3851.5884779156377,3858.997090733716,3797.6643636034514,3845.11767578125,1391283
2024-02-15,,,,,,3871.282423660838,3888.444175657724,3829.0809437517446,3848.02490234375,1091582
2024-02-16,,,,,,3857.4498528668705,3889.9920672478725,3845.1177337734257,3871.563720703125,1307556
2024-02-19,,,,,,3866.6407490538904,3871.564255898133,3802.822905410406,3848.587890625,772291
2024-02-20,,,,,,3828.2371155114192,3843.1482139238024,3760.6208730684352,3779.986572265625,1193648
2024-02-21,,,,,,3763.434169375059,3810.653027573639,3733.0491956484493,3743.271240234375,1885939
2024-02-22,,,,,,3724.0461165985157,3840.2877016688244,3724.0461165985157,3832.926025390625,2982052
2024-02-23,,,,,,3873.1581442686033,3873.1581442686033,3794.7570791114713,3800.102783203125,2538072
2024-02-26,,,,,,3785.0039771663946,3798.1333269385277,3735.065557497388,3752.2275390625,1379284
2024-02-27,,,,,,3750.305228133252,3867.531573098657,3750.305228133252,3849.150390625,2960475
2024-02-28,,,,,,3840.8976823678586,3896.509674983892,3834.7080400231876,3862.795654296875,1939225
2024-02-29,,,,,,3844.0863254782985,3880.754817970432,3811.778790417747,3840.428955078125,3772719
2024-03-01,,,,,,3851.7765458152944,3882.536555650418,3832.645068891089,3839.7255859375,2043265
2024-03-04,,,,,,3849.712918034811,3861.8105844645606,3822.4225351204777,3826.924072265625,1749271
2024-03-05,,,,,,3809.386993519725,3811.2626148853183,3732.4865175304053,3762.59033203125,2070859
2024-03-06,,,,,,3745.662985779128,3818.7652862706927,3712.276832263034,3811.544189453125,1744204
2024-03-07,,,,,,3812.200473461429,3867.5313044415575,3786.598195707899,3853.089111328125,2688905
2024-03-11,,,,,,3834.707809455719,3894.7276920199565,3834.707809455719,3865.98388671875,2304068
2024-03-12,,,,,,3865.9837495151633,3966.8922650781215,3864.7643209446364,3931.53662109375,4039801
2024-03-13,,,,,,3943.4942087066347,3977.25539574907,3874.9401512123873,3890.976806640625,2837260
2024-03-14,,,,,,3895.1497744818453,3962.2499424114544,3831.8942638327107,3945.93212890625,2919608
2024-03-15,,,,,,3931.8646180674227,3975.378936165436,3917.2346818502065,3956.857177734375,3373143
2024-03-18,,,,,,3953.1061605013683,3990.1496794717273,3861.7634989777794,3894.258544921875,1526904
2024-03-19,,,,,,3799.305148830144,3805.6353703061336,3719.919574051353,3729.9541015625,8931209
2024-03-20,,,,,,3738.113180569138,3768.123120804515,3713.9176204628307,3723.9521484375,1817913
2024-03-21,,,,,,3741.9118998530926,3759.1205900676036,3702.476911275549,3725.875244140625,3829582
2024-03-22,,,,,,3654.6486037932596,3693.098845711536,3615.2605510964886,3667.68408203125,5852485
2024-03-26,,,,,,3634.016313190079,3701.257291825828,3630.68703955033,3636.36083984375,3440925
2024-03-27,,,,,,3646.677238477006,3652.7730085811854,3591.2525294851544,3602.037353515625,1968575
2024-03-28,,,,,,3610.6647591136507,3671.5285767596242,3601.6616855799075,3635.2353515625,4311783
2024-04-01,,,,,,3655.304582916496,3688.6907341711717,3646.254801582969,3673.169921875,1569676
2024-04-02,,,,,,3648.083423198765,3666.6990561572848,3632.140642171932,3642.26904296875,2142666
2024-04-03,,,,,,3611.5088559037185,3733.4242418469757,3611.5088559037185,3701.820068359375,3973090
2024-04-04,,,,,,3728.6417382256623,3778.111256202073,3690.5198221169708,3754.337890625,3394637
2024-04-05,,,,,,3730.6111838217394,3753.118641944344,3714.19949560734,3731.783447265625,1636819
2024-04-08,,,,,,3735.3000761758317,3781.8622865716975,3713.7304297404708,3725.5,2302538
2024-04-09,,,,,,3736.2379090370728,3766.1072720566044,3680.954012876369,3701.116943359375,1876992
2024-04-10,,,,,,3710.3542591400274,3742.052307422326,3674.3424188992844,3736.847412109375,2101965
2024-04-12,,,,,,3724.0460679227617,3763.762440285618,3700.131896496917,3752.555419921875,4354821
2024-04-15,,,,,,3752.555521752734,3811.450077595125,3675.326950485817,3696.099365234375,4200329
2024-04-16,,,,,,3659.33739612377,3684.37689632826,3622.622198353119,3631.953369140625,3051420
2024-04-18,,,,,,3635.704595429841,3691.2229435040135,3610.571222685582,3621.824951171875,3476284
2024-04-19,,,,,,3599.3174326502835,3612.9626239981167,3564.5245644253832,3588.251220703125,2957749
2024-04-22,,,,,,3598.3800024789316,3636.830244882277,3574.934732720794,3624.263671875,1728883
2024-04-23,,,,,,3635.9390541705266,3652.772710601142,3620.5121138030436,3633.735107421875,1807586
2024-04-24,,,,,,3648.083452943258,3655.585938193527,3586.6099186323313,3592.799560546875,1317312
2024-04-25,,,,,,3574.184280775608,3632.7505162587627,3573.9967644173494,3612.634521484375,2856271
2024-04-26,,,,,,3615.400944510773,3635.7046841917695,3566.07223748283,3583.703125,2039178
2024-04-29,,,,,,3599.317191992929,3636.642100796793,3581.6863063865258,3629.5146484375,1110693
2024-04-30,,,,,,3631.2030581143713,3640.3467125091584,3573.058794270598,3583.04638671875,2203078
2024-05-02,,,,,,3543.095825813969,3630.3591588386275,3543.095825813969,3623.044189453125,2491044
2024-05-03,,,,,,3648.2244896065395,3651.4601199418653,3561.4302856696127,3604.3818359375,2962234
2024-05-06,,,,,,3613.384573734727,3694.927167103904,3613.384573734727,3677.20263671875,2053831
2024-05-07,,,,,,3686.3462169354693,3739.988941315255,3670.12204659911,3731.501708984375,2062112
2024-05-08,,,,,,3714.6681858171114,3736.5192209369857,3693.66131770256,3729.626220703125,1247685
2024-05-09,,,,,,3715.6058295864877,3724.0461255143723,3666.8866116609574,3713.917724609375,1726486
2024-05-10,,,,,,3716.1689930361385,3726.484911351382,3643.4417231221314,3651.7412109375,1672489
2024-05-13,,,,,,3642.925600436705,3709.041253630369,3629.327345524533,3702.2890625,931326
2024-05-14,,,,,,3691.2230172569975,3700.413608162642,3650.803283386374,3658.587158203125,1058317
2024-05-15,,,,,,3661.6818959693137,3682.7357004952323,3634.485385536964,3639.08056640625,1115021
2024-05-16,,,,,,3675.637945909043,3693.018989202287,3630.673611714795,3684.9423828125,2599399
2024-05-17,,,,,,3701.992673680125,3702.937300542508,3617.9208829280115,3621.7939453125,2765804
2024-05-21,,,,,,3618.4880769854944,3631.854456042576,3599.0759470919206,3608.663818359375,1908117
2024-05-22,,,,,,3622.644183451547,3628.548101612322,3606.160490071024,3619.810302734375,1311168
2024-05-23,,,,,,3628.2645114562283,3688.7679082914883,3613.6700725144915,3677.857421875,2095742
2024-05-24,,,,,,3663.4993323947815,3668.742057896385,3631.429294761055,3636.34130859375,1309452
2024-05-27,,,,,,3641.536837624862,3691.9327769001197,3628.642772199506,3634.027099609375,1841538
2024-05-28,,,,,,3644.370544047232,3655.706066734782,3617.9209911096164,3627.272705078125,1801993
2024-05-29,,,,,,3635.774396680819,3635.774396680819,3589.582233347775,3593.030029296875,1568095
2024-05-30,,,,,,3567.855604818015,3584.2920197241397,3509.7137762005277,3529.220458984375,2919230
2024-05-31,,,,,,3532.904510318457,3542.1618998121,3451.430442400017,3467.677978515625,10956800
2024-06-03,,,,,,3526.1032967744277,3543.815050940118,3491.3409811408733,3497.811767578125,2156773
2024-06-04,,,,,,3495.1196584791387,3537.6278705417226,3392.627636061575,3509.2890625,3395997
2024-06-05,,,,,,3510.2334721952598,3574.2792205302862,3495.1194421750433,3538.997314453125,2799670
2024-06-06,,,,,,3571.63435096414,3627.2727837806888,3534.321587974697,3618.298828125,4328036
2024-06-07,,,,,,3624.8168128885063,3698.2142761529285,3624.8168128885063,3678.329833984375,4552445
2024-06-10,,,,,,3679.3217405498876,3689.6180814133613,3629.161960387638,3645.03173828125,1734661
2024-06-11,,,,,,3632.0904200618043,3665.1050839975637,3628.3119124726636,3638.79736328125,1419898
2024-06-12,,,,,,3659.862538168497,3677.9050050406395,3615.512349289223,3619.479736328125,2177001
2024-06-13,,,,,,3643.2366532623782,3674.5982165958594,3638.7023985417095,3663.404296875,1932323
2024-06-14,,,,,,3673.654123447534,3673.654123447534,3616.031880832389,3619.857666015625,1860730
2024-06-18,,,,,,3614.1900547154564,3629.2568087209993,3584.906618726297,3603.846435546875,1774045
2024-06-19,,,,,,3615.7010098615556,3621.557881055292,3582.9225030243783,3591.18798828125,1509050
2024-06-20,,,,,,3585.8033262818503,3598.9808239935414,3570.7365749735936,3577.537841796875,2846526
2024-06-21,,,,,,3615.08724810415,3663.0743420998706,3587.7403447033967,3599.737060546875,4642195
2024-06-24,,,,,,3597.8476118252383,3643.4258585651314,3581.363918973201,3605.451904296875,1702154
2024-06-25,,,,,,3605.6408753024607,3634.5935975227003,3582.8752747763524,3625.903076171875,1338808
2024-06-26,,,,,,3631.6179924136177,3652.8248194664434,3628.3117983770853,3642.339599609375,1639845
2024-06-27,,,,,,3618.8657792176605,3723.719368748634,3606.6801840344065,3716.303955078125,4526556
2024-06-28,,,,,,3700.859628682437,3740.7228411174556,3682.014366554202,3687.96533203125,2731571
2024-07-01,,,,,,3668.9305078023185,3780.1130365410763,3668.9305078023185,3757.914306640625,2658723
2024-07-02,,,,,,3772.462155624164,3800.61185331036,3762.023982045802,3794.944091796875,2307449
2024-07-03,,,,,,3797.399960989219,3803.162277059337,3735.9992153513335,3745.681640625,1821198
2024-07-04,,,,,,3778.3658747158024,3823.2356509992096,3761.598747788845,3798.29736328125,2518001
2024-07-05,,,,,,3787.953434244547,3803.7759330035487,3767.1716448297393,3789.65380859375,1668616
2024-07-08,,,,,,3799.2897762535395,3808.027575962725,3757.7734659218268,3772.08447265625,1758882
2024-07-09,,,,,,3764.3379893103715,3785.072502499781,3754.9862757638116,3764.810302734375,1305801
2024-07-10,,,,,,3763.109966642414,3781.6247453008073,3685.933998497865,3692.68798828125,2669716
2024-07-11,,,,,,3713.3286844549116,3759.615406799936,3679.8889813768274,3706.432861328125,4872189
2024-07-12,,,,,,3759.614896256505,3967.3857582493197,3751.396688713167,3952.271728515625,13509164
2024-07-15,,,,,,4001.156311371623,4005.2180225102193,3926.8610373129627,3938.338623046875,4848030
2024-07-16,,,,,,3940.9831443093085,3962.284294879995,3915.3836649055647,3947.076171875,2029521
2024-07-18,,,,,,3929.6479414580676,4085.5113814437846,3929.6479414580676,4076.58447265625,5613364
2024-07-19,,,,,,4087.8046089351637,4126.955747028112,4057.364408362997,4073.602294921875,3903354
2024-07-22,,,,,,4071.2820847406656,4090.218499814398,4038.19051447339,4059.35205078125,1896386
2024-07-23,,,,,,4055.233855032219,4129.748843691779,4039.421761308917,4073.554931640625,2365208
2024-07-24,,,,,,4059.493937233536,4108.349980054808,4041.1257072749645,4077.246826171875,1809793
2024-07-25,,,,,,4066.595241107577,4112.042638447079,4046.901553853059,4092.6328125,2810342
2024-07-26,,,,,,4118.670552129421,4187.2679052166895,4106.4090376287495,4154.5078125,3552210
2024-07-29,,,,,,4180.21383187482,4195.362964674367,4138.553716676068,4148.11669921875,1746803
2024-07-30,,,,,,4157.584736158652,4164.117706946695,4097.177294216961,4133.2041015625,1797906
2024-07-31,,,,,,4118.669933417561,4179.266456575889,4113.935830045817,4152.14013671875,2330091
2024-08-01,,,,,,4165.443616342355,4184.285259071731,4132.920227203137,4163.26611328125,2202244
2024-08-02,,,,,,4132.873162297419,4164.118251496919,4042.9251782382544,4055.281005859375,2811282
2024-08-05,,,,,,4013.5736879846177,4013.5736879846177,3891.907205581687,3934.087890625,2787771
2024-08-06,,,,,,3949.14268931395,4031.7999662691227,3939.532087639672,3949.37939453125,2203067
2024-08-07,,,,,,4003.1584593448297,4019.2072572996026,3957.994920939523,3977.07373046875,1237666
2024-08-08,,,,,,3958.6580478204482,4006.945912072743,3938.7748095989155,3950.6572265625,2441283
2024-08-09,,,,,,3992.7437508660028,4027.4446445233084,3981.9024665927805,4003.868896484375,1302536
2024-08-12,,,,,,4005.0521972685856,4013.573584922349,3963.723559610809,3972.52880859375,936912
2024-08-13,,,,,,3988.956299705632,4008.839537848005,3960.5516737879557,3973.760009765625,1495593
2024-08-14,,,,,,3985.168737449799,4077.1999039105713,3965.42743135513,4066.83203125,3226545
2024-08-16,,,,,,4118.670194945417,4191.575391499624,4095.0944511200714,4181.20751953125,3457058
2024-08-19,,,,,,4185.894947757169,4255.249574521071,4156.87498137627,4251.2255859375,2055210
2024-08-20,,,,,,4265.428244901237,4322.23750010525,4260.694140300903,4282.7548828125,2212298
2024-08-21,,,,,,4277.736579801988,4317.503055311436,4253.639804359008,4309.455078125,1896990
2024-08-22,,,,,,4317.503505386495,4318.403170209416,4258.04333501898,4262.587890625,1829872
2024-08-23,,,,,,4260.6939984141445,4266.374923745363,4218.087058430003,4226.513671875,1809253
2024-08-26,,,,,,4250.278746663329,4310.0703901887255,4246.491463306979,4263.013671875,1844164
2024-08-27,,,,,,4265.427753015881,4270.161857070282,4248.195429331919,4257.9951171875,930697
2024-08-28,,,,,,4259.510267771518,4319.8700965173775,4220.2643589002255,4266.421875,1848058
2024-08-29,,,,,,4222.821074859477,4313.715878264525,4222.821074859477,4271.8662109375,2133641
2024-08-30,,,,,,4260.693828489569,4348.038051973605,4249.14242918416,4311.58544921875,3637222
2024-09-02,,,,,,4332.652011694428,4344.013861375445,4272.055480062339,4280.6240234375,1216500
2024-09-03,,,,,,4280.624760360365,4313.621563619124,4256.812305434149,4272.3876953125,1717263
2024-09-04,,,,,,4238.869372185236,4248.384735865379,4200.759836723105,4241.046875,1265505
2024-09-05,,,,,,4242.704600629275,4259.747377422697,4217.282366116104,4237.92333984375,1688793
2024-09-06,,,,,,4236.029645395859,4278.6365868505345,4203.8848901946485,4219.744140625,1649179
2024-09-09,,,,,,4218.0871166522065,4251.462553433798,4194.890004562873,4212.9267578125,1184938
2024-09-10,,,,,,4206.204473662924,4298.5195066181295,4204.310831961278,4268.12646484375,1385591
2024-09-11,,,,,,4281.00383317773,4307.420045613886,4233.473235852587,4241.142578125,1325919
2024-09-12,,,,,,4270.398636628928,4291.5601745835365,4195.6469473824145,4277.45263671875,2742216
2024-09-13,,,,,,4289.098667337487,4305.194622601226,4265.428144890812,4282.09228515625,1458786
2024-09-16,,,,,,4286.2585344411245,4304.295289007335,4255.43969677022,4273.23974609375,1155120
2024-09-17,,,,,,4273.239388269134,4294.590014445038,4228.502101148829,4266.04345703125,1699364
2024-09-18,,,,,,4257.900566019319,4257.900566019319,4091.2129384450927,4115.025390625,2961779
2024-09-19,,,,,,4156.590712046438,4187.031372404745,4054.097354431545,4067.684326171875,2927551
2024-09-20,,,,,,4087.3314750703935,4100.3978822358085,4002.6857702859393,4057.033203125,5447908
2024-09-23,,,,,,4071.32949426943,4080.229517445096,4026.828916076253,4041.504638671875,1702319
2024-09-24,,,,,,4025.550824249018,4062.8083176204914,4014.5204536730093,4044.15576171875,3012026
2024-09-25,,,,,,4026.2141547688016,4061.4832351175246,4014.5208235861746,4047.4228515625,2713073
2024-09-26,,,,,,4033.457080163439,4087.236322972992,4033.457080163439,4064.228759765625,3964251
2024-09-27,,,,,,4104.468341840603,4145.181637964974,4071.376768553105,4079.567138671875,3012477
2024-09-30,,,,,,4058.926049161128,4070.1459682536542,4033.5038178792897,4041.504638671875,2503416
2024-10-01,,,,,,4029.24305749041,4067.3054384533193,4017.313485300845,4059.872802734375,1823365
2024-10-03,,,,,,4035.9187010687683,4051.4464707512293,3986.1158312368952,4007.656005859375,3350119
2024-10-04,,,,,,4000.317786149061,4069.4357029274943,3999.4181214842306,4026.11865234375,2965463
2024-10-07,,,,,,4046.6177563169667,4068.7261168182736,4004.484226222508,4045.623779296875,1472619
2024-10-08,,,,,,4045.386749254377,4051.8249459382696,3980.3875920827627,4027.065673828125,1541867
2024-10-09,,,,,,4033.457129138987,4066.5958614206456,4020.8645957979184,4026.7822265625,1082504
2024-10-10,,,,,,4027.065743241721,4065.506761861307,3975.322076727874,4002.59033203125,2378875
2024-10-11,,,,,,3922.6788421196575,4016.3669515997326,3893.7536496314738,3928.54931640625,5759183
2024-10-14,,,,,,3919.8384463197513,3943.887604227915,3902.985219568291,3916.66650390625,2137590
2024-10-15,,,,,,3911.3637780765134,3948.1954760800095,3877.2310740598678,3897.87158203125,2759474
2024-10-16,,,,,,3867.7630170426546,3896.167641402821,3850.909560357471,3877.183837890625,2359151
2024-10-17,,,,,,3894.0847950246857,3910.323143238336,3875.29053893895,3890.487060546875,2522659
2024-10-18,,,,,,3881.944405297675,3935.2379992491005,3872.453098683255,3913.31298828125,2361000
2024-10-21,,,,,,3922.3779276034525,3929.35413147785,3862.9622484885167,3872.311279296875,1595450
2024-10-22,,,,,,3859.1654759681237,3881.75483326371,3802.5499216715493,3811.234375,1928049
2024-10-23,,,,,,3796.143121407225,3904.2962832162098,3791.919304547543,3859.402587890625,1966476
2024-10-24,,,,,,3800.3195802607424,3871.504387583309,3800.3195802607424,3841.986328125,2676744
2024-10-25,,,,,,3850.670942439126,3883.8430156937015,3827.5595160672574,3851.1455078125,1759676
2024-10-28,,,,,,3861.9653632236445,3923.7063623671393,3844.928513292037,3882.75146484375,1532534
2024-10-29,,,,,,3887.4970090191655,3894.757766071196,3853.565587028902,3867.94482421875,1445885
2024-10-30,,,,,,3867.7076804676617,3898.079863479923,3853.518222560894,3876.86669921875,1935002
2024-10-31,,,,,,3862.962154926698,3870.839986500922,3758.557772361112,3766.577880859375,3740372
2024-11-01,,,,,,3786.889338989994,3795.5262896074955,3773.791288560614,3781.526611328125,154895
2024-11-04,,,,,,3764.536863637049,3788.8344687291683,3714.1854373776496,3762.49609375,2269192
2024-11-05,,,,,,3740.61911840681,3783.234994421101,3740.61911840681,3769.330322265625,967590
2024-11-06,,,,,,3799.939563929586,3938.7021869268697,3773.0316173071656,3929.068603515625,3792017
2024-11-07,,,,,,3957.5902722464216,3991.853518092011,3877.2462233751357,3939.746337890625,3724349
2024-11-08,,,,,,3943.637967299403,3957.6376448006463,3908.187843785678,3936.044921875,1648039
2024-11-11,,,,,,3918.201520379155,4018.903916361986,3908.1879134815194,3985.115234375,1406487
2024-11-12,,,,,,4001.5350272065516,4003.4332886046573,3952.51251928902,3983.881103515625,1587640
2024-11-13,,,,,,3965.5629857379695,3983.2641802267012,3920.9061091902613,3939.224609375,1098813
2024-11-14,,,,,,3924.6555443578186,3948.383812461554,3907.0493548019417,3935.0009765625,1825432
2024-11-18,,,,,,3998.687803877484,3998.687803877484,3787.2214288591285,3815.031005859375,3313944
2024-11-19,,,,,,3815.4102345767187,3921.9501508023773,3809.9054621443674,3834.060791015625,1776233
2024-11-21,,,,,,3839.1383617742936,3884.269569212707,3819.3016244550995,3865.666748046875,2384347
2024-11-22,,,,,,3863.9112312507355,4038.504015740722,3847.776008717878,4028.680419921875,3096553
2024-11-25,,,,,,4062.2798980460716,4107.933183046781,4035.8942467022307,4095.594482421875,4052167
2024-11-26,,,,,,4101.240893559863,4144.47407361588,4090.7531850402665,4131.28125,2060669
2024-11-27,,,,,,4137.213672581404,4154.724856872267,4104.088638616241,4112.15625,1558993
2024-11-28,,,,,,4099.2955217974695,4119.179995477792,4017.670281030027,4028.96484375,2558544
2024-11-29,,,,,,4005.3313403533516,4080.028107836073,3982.219916352583,4053.5947265625,2017425
2024-12-02,,,,,,4052.788226834513,4070.0625915391006,4014.870268702841,4059.099853515625,1670944
2024-12-03,,,,,,4094.882568586282,4104.990718939741,4048.4701650537613,4083.87255859375,2010905
2024-12-04,,,,,,4094.1224503683907,4163.789012881952,4070.8687487593297,4132.89453125,3302642
2024-12-05,,,,,,4176.933797590591,4260.647302659025,4138.209454130842,4236.96630859375,3746747
2024-12-06,,,,,,4226.4788315167725,4237.868399443609,4188.276322428843,4219.3603515625,1842087
2024-12-09,,,,,,4205.076018232145,4242.044378496654,4190.933600979431,4225.671875,2066639
2024-12-10,,,,,,4200.995479380061,4265.204089616263,4187.66037612314,4207.06982421875,2087828
2024-12-11,,,,,,4206.4055751643855,4222.350787782597,4182.819581274404,4202.2294921875,1635256
2024-12-12,,,,,,4204.696352489294,4256.851270827812,4200.852558457947,4228.330078125,1914642
2024-12-13,,,,,,4209.347553772588,4266.247663475759,4170.8600242636485,4246.31591796875,1967048
2024-12-16,,,,,,4232.174776302126,4247.360871036558,4173.3286592062,4190.60302734375,1646224
2024-12-17,,,,,,4185.666159565598,4207.44889332409,4098.346139910261,4108.31201171875,3225027
2024-12-18,,,,,,4092.3672387441043,4140.108330075579,4071.3913564877716,4126.67822265625,1575404
2024-12-19,,,,,,4064.177376549218,4142.006088570945,4045.1947638609918,4054.591064453125,3015763
2024-12-20,,,,,,4108.786392193494,4159.090314297041,3941.2648402826253,3958.1591796875,4116989
2024-12-23,,,,,,3986.39622640784,4002.484177211474,3905.5778396822147,3946.77001953125,2195338
2024-12-24,,,,,,3946.7698461523696,4003.433132047045,3946.7698461523696,3966.8916015625,1181886
2024-12-26,,,,,,3966.8918629397335,3986.3017716323247,3932.390868416551,3957.02099609375,1208464
2024-12-27,,,,,,3951.2313201079583,3968.26840248144,3936.282510765729,3952.9873046875,858100
2024-12-30,,,,,,3939.8415947124545,3985.684422832016,3902.825496858013,3947.24462890625,1527169
2024-12-31,,,,,,3924.6552500458943,3929.353632155194,3826.9422956665308,3886.500244140625,1555429
2025-01-01,,,,,,3886.1205985527304,3923.706266508262,3877.6259252343875,3903.252685546875,763161
2025-01-02,,,,,,3910.4184830195177,3970.2137171045247,3888.541205767093,3963.33251953125,1720835
2025-01-03,,,,,,3967.3190100554248,3967.3190100554248,3884.127566106747,3891.3408203125,1791953
2025-01-06,,,,,,3896.656302584134,3938.560332599053,3859.545197490021,3886.6904296875,2085593
2025-01-07,,,,,,3905.6253667734477,3929.7331926762554,3807.48511819948,3823.383056640625,2669054
2025-01-08,,,,,,3829.6475810881293,3916.113485341044,3813.3700813691175,3899.40869140625,2181277
2025-01-09,,,,,,3892.3851104960186,3927.2656647049257,3820.535960823577,3833.396728515625,2392472
2025-01-10,,,,,,3986.3490838137277,4078.41476503514,3957.875161786487,4048.659423828125,7894300
2025-01-13,,,,,,4029.0596808346854,4103.044601693763,4012.3548884093498,4072.814697265625,4003771
2025-01-14,,,,,,4083.160028403723,4094.454590373018,4004.429456147033,4017.71728515625,3441709
2025-01-15,,,,,,4003.43315943906,4039.9274190172896,3993.420016264204,4033.42578125,1653474
2025-01-16,,,,,,4043.297121528325,4075.5675680381755,3978.6139515802215,3992.32861328125,2637705
2025-01-17,,,,,,4020.939695681563,4021.6165011799776,3963.08887255939,3986.52880859375,1761466
2025-01-20,,,,,,4007.3105183689017,4007.3105183689017,3932.2063483825796,3941.582275390625,1287799
2025-01-21,,,,,,3958.497734138814,3973.673232978695,3895.3790145716716,3901.03369140625,1971591
2025-01-22,,,,,,3914.711087541146,4024.0812547656583,3909.104787428617,4017.750244140625,2409223
2025-01-23,,,,,,4028.769436842585,4051.3395327602407,4001.7529079009387,4006.972900390625,1822998
2025-01-24,,,,,,3966.9068713794295,4038.4349192551795,3966.9068713794295,4013.641845703125,1910099
2025-01-27,,,,,,3964.9736206923685,4017.508165667767,3906.05968881061,3929.3544921875,1551782
2025-01-28,,,,,,3934.816117007367,3964.9738425768846,3893.735817565749,3905.3349609375,2468272
2025-01-29,,,,,,3918.5775340354608,3970.6287878295893,3918.5775340354608,3962.847412109375,1217089
2025-01-30,,,,,,3962.943972286711,3991.941831258984,3922.927021299046,3963.0888671875,1531251
2025-01-31,,,,,,3972.7066328908318,3990.5405047390313,3948.7833995175843,3975.0263671875,1492943
2025-02-01,,,,,,3975.6063179805924,3997.741255116248,3920.510387972108,3937.08740234375,437172
2025-02-03,,,,,,3896.2490630112698,3940.80920259535,3865.12474024913,3932.738037109375,1265713
2025-02-04,,,,,,3947.285122132378,3981.2610880254483,3930.2248097290194,3969.85498046875,2547132
2025-02-05,,,,,,4011.3703550712034,4011.3703550712034,3939.8423053663196,3954.43798828125,1693912
2025-02-06,,,,,,3968.259986916976,4001.2209788539626,3916.2089750568643,3946.36669921875,2284536
2025-02-07,,,,,,3953.374595002479,3953.374595002479,3874.113784051329,3894.798828125,1548940
2025-02-10,,,,,,3905.044842421511,3916.6439855178123,3880.2517684472346,3902.0966796875,1339511
2025-02-11,,,,,,3884.1665374644367,3905.045090759602,3822.884488602531,3831.14892578125,1810908
2025-02-12,,,,,,3838.446403733592,3887.4043576304402,3808.5300926433138,3818.196044921875,1678002
2025-02-13,,,,,,3835.4503502565626,3851.3507965730623,3771.896705969927,3779.53271484375,2277310
2025-02-14,,,,,,3793.8861694247853,3816.1178590800137,3769.7212893647547,3803.4072265625,1681975
2025-02-17,,,,,,3727.674715397498,3802.585849960782,3727.3846896150562,3774.0712890625,1799806
2025-02-18,,,,,,3768.1750490618683,3793.3065270348457,3735.4075625604055,3743.81689453125,2149879
2025-02-19,,,,,,3742.8500136623115,3745.5081505528037,3642.2757324813897,3657.693115234375,4366672
2025-02-20,,,,,,3635.848185178673,3661.4629603766616,3625.988960412709,3653.150146484375,2888572
2025-02-21,,,,,,3649.960586134303,3689.4942392872176,3648.8972369162293,3659.52978515625,1833931
2025-02-24,,,,,,3618.1114451391504,3637.491729934909,3547.4050866481334,3552.818115234375,2508516
2025-02-25,,,,,,3503.90809636369,3535.8057424823114,3500.2833638502107,3508.30615234375,4101954
2025-02-27,,,,,,3491.0523230089602,3516.473827507661,3480.419774327656,3491.8740234375,3823856
2025-02-28,,,,,,3465.195760859545,3479.743067268356,3341.5199398740847,3366.89306640625,7085018
2025-03-03,,,,,,3368.584583379958,3405.5568531975428,3360.0301206751515,3376.36572265625,4990439
2025-03-04,,,,,,3357.952083726606,3432.3799220820893,3348.576156481458,3414.06298828125,2797737
2025-03-05,,,,,,3403.2370189380595,3480.081342184221,3403.2370189380595,3428.561767578125,2501894
2025-03-06,,,,,,3438.179549305139,3488.87742658408,3417.977801534333,3481.289794921875,2786513
2025-03-07,,,,,,3479.743027656133,3503.9079097926337,3454.998093954285,3490.56884765625,2051315
2025-03-10,,,,,,3486.0259949428714,3501.1049762137254,3462.9244613654673,3469.73876953125,1004626
2025-03-11,,,,,,3439.146018462038,3468.8688234276665,3419.4757100500633,3455.8681640625,1995450
2025-03-12,,,,,,3445.912018992584,3450.020048748746,3370.3726956351015,3389.076171875,3174167
2025-03-13,,,,,,3385.3064520665353,3406.5715466921038,3367.7144664369603,3393.76416015625,1693004
2025-03-17,,,,,,3372.450776071524,3412.516101378981,3361.1900359739784,3380.860107421875,2690906
2025-03-18,,,,,,3380.860107421875,3380.860107421875,3380.860107421875,3380.860107421875,0
2025-03-19,,,,,,3428.5135286476893,3428.5135286476893,3347.077874633433,3380.280517578125,3051244
2025-03-20,,,,,,3394.68252652922,3459.3960314822807,3394.68252652922,3444.123779296875,2845192
2025-03-21,,,,,,3358.9186380800415,3495.450223009194,3349.252685164703,3458.57470703125,4161925
2025-03-24,,,,,,3479.7429444303652,3527.831058731868,3447.4587570622184,3507.725830078125,1834751
2025-03-25,,,,,,3523.239631457287,3586.068321730188,3516.473464812513,3535.563720703125,3135390
2025-03-26,,,,,,3525.8981793165126,3557.5541769513875,3504.729835597497,3514.347412109375,1734499
2025-03-27,,,,,,3494.0970689111577,3540.638537603521,3489.892285017066,3529.232666015625,2528474
2025-03-28,,,,,,3529.0393930182477,3538.656968927356,3471.9135171595426,3485.6875,2051919
2025-04-01,,,,,,3453.354865404157,3464.277439125219,3407.248318336048,3432.1865234375,2618493
2025-04-02,,,,,,3425.6138066504323,3445.0424669343693,3412.129849162714,3425.5654296875,1764313
2025-04-03,,,,,,3374.3842427691143,3385.0167912281404,3282.702582798802,3289.46875,4537821
2025-04-04,,,,,,3250.2733357697866,3286.085501586113,3185.414699028632,3189.184326171875,5317367
2025-04-07,,,,,,2996.4454369330797,3181.4516833870694,2953.963620596823,3164.681396484375,6623955
2025-04-08,,,,,,3191.7460628104113,3237.127665022999,3146.5577324611054,3182.949951171875,5557558
2025-04-09,,,,,,3151.6321497293247,3160.76642752928,3104.752280697163,3138.148193359375,2990265
2025-04-11,,,,,,3179.663390613554,3188.7492913945475,3098.904311833949,3123.552490234375,7108961
2025-04-15,,,,,,3203.6836353639956,3203.6836353639956,3130.415894295874,3139.695068359375,3512160
2025-04-16,,,,,,3139.695005759879,3168.596348657385,3121.136422017699,3164.43994140625,2384391
2025-04-17,,,,,,3137.08483655699,3193.244114128983,3110.5034675829284,3188.700927734375,2932346
2025-04-21,,,,,,3180.1953142330854,3241.9606599617177,3174.3957423905777,3210.64306640625,2432946
2025-04-22,,,,,,3211.6096198122023,3222.531957851611,3184.931495290658,3203.683349609375,2710498
2025-04-23,,,,,,3252.593171873855,3306.625754540036,3225.818529364827,3298.98974609375,3543923
2025-04-24,,,,,,3287.4874054696716,3298.5064976170884,3274.5348867157572,3287.970703125,2252175
2025-04-25,,,,,,3305.7558885472554,3361.625143451318,3291.256959211522,3332.820556640625,2742991
2025-04-28,,,,,,3320.2548871373374,3342.2933073843687,3291.2570278610287,3328.470947265625,1593296
2025-04-29,,,,,,3339.5870223350885,3378.2508373548867,3315.8086817038325,3356.50244140625,1578332
2025-04-30,,,,,,3356.018573547744,3392.652437661013,3253.5594811525652,3338.329833984375,2809332
2025-05-02,,,,,,3356.0188344779217,3374.867442563267,3305.755879583667,3316.388427734375,1721761
2025-05-05,,,,,,3334.753505470742,3387.4329449049897,3331.27366828836,3338.909912109375,1284443
2025-05-06,,,,,,3344.419677734375,3356.9854164079434,3322.1879862349847,3344.419677734375,1324763
2025-05-07,,,,,,3306.335750758935,3343.9362109554654,3306.335750758935,3330.017333984375,1477128
2025-05-08,,,,,,3332.8203442362383,3360.8516058321925,3314.165009149484,3333.690185546875,2543591
2025-05-09,,,,,,3285.4574957373147,3331.0807476867326,3284.5876543425793,3325.3779296875,2531757
2025-05-12,,,,,,3387.916425868549,3509.22413241534,3385.209911911905,3499.46142578125,2228678
2025-05-13,,,,,,3499.461570957545,3501.9748131612287,3393.232840630001,3397.58251953125,3062887
2025-05-14,,,,,,3403.3818530870167,3442.045662835236,3391.396166459135,3430.156494140625,2119499
2025-05-15,,,,,,3444.945682102287,3479.7431132346333,3396.712670565691,3460.314453125,3548330
2025-05-16,,,,,,3473.8465567565913,3473.8465567565913,3427.6434928317944,3442.335693359375,1666727
2025-05-19,,,,,,3431.413341631395,3431.413341631395,3386.659931697025,3401.255615234375,2537377
2025-05-20,,,,,,3413.821619142175,3439.1463709668697,3377.2842664862965,3381.440673828125,2038374
2025-05-21,,,,,,3390.8162851170264,3418.8475485914832,3381.4403579795026,3408.021728515625,1440153
2025-05-22,,,,,,3378.250521774226,3380.9570357698217,3336.0103550080185,3360.851806640625,2034383
2025-05-23,,,,,,3360.851724551366,3416.9142497236344,3349.8326329632987,3397.19580078125,1274331
2025-05-26,,,,,,3403.3821442949547,3426.5804321288315,3392.846349631144,3419.1376953125,967470
2025-05-27,,,,,,3414.014574749619,3421.747337093333,3366.7481593177404,3381.826904296875,2467680
2025-05-28,,,,,,3402.4152283668,3411.114585484783,3376.31715701285,3380.860107421875,1222933
2025-05-29,,,,,,3387.626702221486,3414.498100356932,3370.034713912086,3381.247314453125,3188072
2025-05-30,,,,,,3373.4175839622008,3389.5596782127777,3337.7503119241223,3347.7060546875,3404365
2025-06-02,,,,,,3334.7538187399196,3344.4197718377163,3304.4028204069105,3334.560546875,1877585
2025-06-03,,,,,,3330.887082808426,3357.4684509968274,3286.907000896707,3291.449951171875,2848125
2025-06-04,,,,,,3304.907652247958,3310.563782597761,3286.3791053631217,3297.008544921875,2544807
2025-06-05,,,,,,3324.4113841471617,3324.4113841471617,3280.235380032571,3287.451904296875,3584683
2025-06-06,,,,,,3287.4520036268846,3306.7605099618336,3275.359545608902,3300.226806640625,2070390
2025-06-09,,,,,,3315.634960419095,3348.791310023286,3306.760665733127,3336.991455078125,1718678
2025-06-10,,,,,,3354.642197095073,3399.305794893864,3338.259013167141,3376.973876953125,2419874
2025-06-11,,,,,,3383.8979728571367,3402.4265208353168,3363.516665314218,3385.750732421875,2847013
2025-06-12,,,,,,3385.7505745896515,3388.481144938844,3338.259030391803,3348.986083984375,4060134
2025-06-13,,,,,,3309.003383077588,3364.881627257479,3309.003383077588,3360.20068359375,2178493
2025-06-16,,,,,,3354.642349665819,3421.9302340050463,3341.1847251814343,3409.54541015625,1934088
2025-06-17,,,,,,3422.905193528652,3432.6570601768817,3401.5487008021014,3428.07373046875,2111940
2025-06-18,,,,,,3431.7796073253016,3450.2105407013996,3357.665418209048,3365.75927734375,2696327
2025-06-19,,,,,,3364.3939151942172,3365.3691018363024,3328.312009437062,3339.0390625,2672768
2025-06-20,,,,,,3340.0145242959966,3360.786049100129,3326.2642962767654,3350.448974609375,2351248
2025-06-23,,,,,,3330.262454041982,3340.0143206716803,3286.3790542083398,3309.3935546875,3123421
2025-06-24,,,,,,3349.376392565029,3356.690292940616,3298.081476031171,3306.27294921875,3403048
2025-06-25,,,,,,3322.7537403887272,3364.3941654870573,3315.634829755361,3359.3232421875,1757699
2025-06-26,,,,,,3359.3232652421043,3365.759354753242,3330.555256962972,3356.397705078125,2879106
2025-06-27,,,,,,3369.2703330730474,3380.387367158931,3345.8658502962735,3355.71533203125,1778433
2025-06-30,,,,,,3354.544471150048,3378.924137465807,3344.890218522079,3376.09619140625,1468351
2025-07-01,,,,,,3369.2699264830403,3398.525526423559,3328.7996798986564,3344.59765625,2375183
2025-07-02,,,,,,3400.671024568939,3403.3039810516498,3335.1385257152824,3338.356689453125,3090585
2025-07-03,,,,,,3344.8904436190446,3350.058980842342,3313.294489180619,3316.4150390625,2531870
2025-07-04,,,,,,3323.4363525656718,3341.964900305915,3305.980605453995,3334.943603515625,1109320
2025-07-07,,,,,,3333.481005692293,3341.0875101654565,3323.8265137554163,3327.044677734375,1639174
2025-07-08,,,,,,3320.510975827842,3340.0147113686808,3309.1987139810713,3321.68115234375,2325242
2025-07-09,,,,,,3325.3865128143525,3329.28725945695,3283.4534864064294,3299.836669921875,2034938
2025-07-10,,,,,,3296.1311694956757,3314.659717489882,3272.7266878187834,3298.08154296875,3035012
2025-07-11,,,,,,3218.0184502225306,3252.247598137654,3180.1813972680684,3184.959716796875,7635550
2025-07-14,,,,,,3184.9597625910983,3190.8108827918168,3120.5974403831947,3142.734130859375,3924009
2025-07-15,,,,,,3126.448660244279,3178.523536457564,3126.448660244279,3171.599853515625,2590889
2025-07-16,,,,,,3157.607249475903,3175.1222359666176,3151.344969328223,3163.576171875,2540733
2025-07-17,,,,,,3154.7696780470374,3172.2846643823304,3135.199754145851,3140.18994140625,2947640
2025-07-18,,,,,,3155.6502438038765,3159.3685771406017,3118.46738821797,3121.304931640625,3432645
2025-07-21,,,,,,3121.4030943290218,3128.83976152069,3084.2202361520617,3090.286865234375,3844346
2025-07-22,,,,,,3091.65673828125,3111.7159107005,3086.764257203384,3091.65673828125,3198036
2025-07-23,,,,,,3091.6566291573,3113.5748480562365,3089.6996367952283,3110.7373046875,1922875
2025-07-24,,,,,,3097.0385335433134,3105.4534578423713,3072.478182452152,3080.30615234375,2934778
2025-07-25,,,,,,3072.4780444334683,3089.014534530361,3058.3877948178133,3068.368408203125,2568917
2025-07-28,,,,,,3043.12328264916,3050.9512525080645,3003.885488175128,3013.08349609375,3374473
2025-07-29,,,,,,2994.1984086760676,3007.8973556438664,2975.802632112602,2990.284423828125,4785312
2025-07-30,,,,,,2994.1983151611034,3003.0047807939304,2981.673516260727,2987.93603515625,2880121
2025-07-31,,,,,,2976.2918502873677,2994.0027271024683,2950.166049468222,2971.497314453125,2968371
2025-08-01,,,,,,2964.7455243430377,2971.4972914199097,2935.488583681943,2938.424072265625,2053847
2025-08-04,,,,,,2944.392964480288,3013.181055141491,2927.2692812506943,3008.28857421875,2519252
2025-08-05,,,,,,3008.2886143717656,3011.322048140622,2976.5854331255146,2998.014404296875,1927996
2025-08-06,,,,,,2997.1337788834585,3000.8521121202134,2960.9294204705666,2967.093994140625,1487081
2025-08-07,,,,,,2951.1446440658847,2985.9792055799644,2946.154217712285,2981.47802734375,2543076
2025-08-08,,,,,,2982.5543093380406,2994.002666894786,2959.9509519667536,2971.105712890625,2762140
2025-08-11,,,,,,2971.105606429514,2984.3153044195046,2956.3304579380692,2975.4111328125,1884215
2025-08-12,,,,,,2975.6068714078456,3029.8154640054736,2961.809979769089,2970.127197265625,3358232
2025-08-13,,,,,,2970.812449963036,2978.9337774241835,2963.473728360306,2970.91015625,2148166
2025-08-14,,,,,,2968.757439673081,2990.1864106721328,2954.1779420022144,2957.30908203125,3342174
2025-08-18,,,,,,2980.988718063058,2983.434958599791,2938.815435653507,2946.44775390625,2945609
2025-08-19,,,,,,2946.4476070609903,2959.950901928915,2946.349900778797,2951.340087890625,2650784
2025-08-20,,,,,,2946.1539583708727,3036.664852119672,2946.1539583708727,3031.96826171875,4952358
2025-08-21,,,,,,3062.693270119804,3062.693270119804,3016.801891436903,3035.882568359375,3230726
2025-08-22,,,,,,3019.639270954844,3029.1306363096523,2984.4134077810354,2988.327392578125,1593791
2025-08-25,,,,,,3020.9115315912086,3084.220191422538,3010.9309175823823,3073.0654296875,3448370
2025-08-26,,,,,,3061.7145608480614,3094.0049349317896,3052.9080951888627,3089.30810546875,5522097
2025-08-28,,,,,,3077.370733980466,3078.838478368692,3020.1287028396528,3027.173828125,3116051
2025-08-29,,,,,,3026.4887537573413,3048.0156702082504,3011.028465982645,3018.3671875,2271789
2025-09-01,,,,,,3023.5531276055535,3063.7694152474464,3023.5531276055535,3045.667236328125,1246862
2025-09-02,,,,,,3053.9847239556466,3087.1556510845603,3036.371791556432,3044.591064453125,2185229
2025-09-03,,,,,,3062.595272321678,3074.33722714916,3021.5963756053266,3030.89208984375,1799774
2025-09-04,,,,,,3048.99413571954,3050.951128104469,3024.3360794475675,3029.130615234375,1481391
2025-09-05,,,,,,3030.5006621101975,3036.664997028233,2963.47367273015,2982.75,2802055
2025-09-08,,,,,,2984.413214194218,2998.9927110613953,2951.144345576971,2954.079833984375,2626187
2025-09-09,,,,,,2966.898378981974,2994.19832699537,2965.62628616296,2983.826171875,2489301
2025-09-10,,,,,,2990.675797260498,3055.550145422665,2987.740308555338,3043.123291015625,2079428
2025-09-11,,,,,,3071.4996140027415,3071.4996140027415,3043.221168990462,3057.017822265625,2263446
2025-09-12,,,,,,3076.3919302537256,3080.990814432397,3053.886518550216,3066.019775390625,1447167
2025-09-15,,,,,,3066.607284819441,3066.607284819441,3029.4244268669395,3044.982421875,1732539
2025-09-16,,,,,,3060.736085121159,3082.26300132086,3042.242602669502,3078.055419921875,2573429
2025-09-17,,,,,,3084.2199854121977,3113.966173979194,3074.8263264485827,3104.57275390625,2418271
2025-09-18,,,,,,3116.51048247651,3134.1234145595795,3093.4178759668794,3108.388916015625,2633138
2025-09-19,,,,,,3101.8328935510035,3112.107103450778,3076.3919928468,3101.050048828125,4901694
2025-09-22,,,,,,3028.445731768582,3040.089740964508,2999.090845838676,3007.70166015625,3634901
2025-09-23,,,,,,3003.983542191669,3014.4534044791503,2986.3706093710016,2996.546875,3177741
2025-09-24,,,,,,2984.4133369924134,2991.262810224855,2967.778901999341,2970.127197265625,1625714
2025-09-25,,,,,,2957.015390749667,2964.4520571099356,2887.5421635017433,2893.804443359375,4974361
2025-09-26,,,,,,2877.7574418213358,2891.260737711385,2829.126226471788,2836.758544921875,3934636
2025-09-29,,,,,,2853.2947314486933,2866.3087778304835,2831.7678164651984,2833.82275390625,3110035
2025-09-30,,,,,,2848.402439766557,2852.610021207006,2823.0594837288886,2826.288330078125,2253458
2025-10-01,,,,,,2828.8326264436423,2861.9058470940704,2804.957413772581,2851.53369140625,1952902
2025-10-03,,,,,,2861.1229086009284,2861.1229086009284,2828.9304789544044,2839.498046875,2899519
2025-10-06,,,,,,2839.5959635916415,2929.22631078988,2833.3336834873367,2924.137939453125,2112774
2025-10-07,,,,,,2930.5959216848555,2939.891634958981,2891.9453243871753,2909.75390625,3062943
2025-10-08,,,,,,2911.0263039913752,2977.5640480826064,2904.176830334925,2962.103759765625,4121889
2025-10-09,,,,,,2968.757519004287,3000.069397912704,2955.0585719818546,2995.86181640625,3211304
2025-10-10,,,,,,2984.413250266025,3003.983173218589,2942.239970746985,2963.179931640625,8817365
2025-10-13,,,,,,2961.9079637241057,2970.225181329542,2933.7272257063764,2942.53369140625,2866865
2025-10-14,,,,,,2956.0370052457697,2962.1036338769445,2891.9455044700007,2896.642333984375,3611416
2025-10-15,,,,,,2917.954894078994,2926.499513769408,2898.31197994854,2916.7763671875,4282226
2025-10-16,,,,,,2916.87439174088,2921.883430677564,2890.553079047838,2917.66015625,3251495
2025-10-17,,,,,,2916.972551528368,2935.4369375213087,2902.6331292681275,2909.311767578125,4374683
2025-10-20,,,,,,2932.1958010354274,2969.0262624451843,2925.320781572273,2961.365478515625,3133039
2025-10-21,,,,,,2976.981832168517,2977.669286180243,2942.508423286113,2953.017333984375,310644
2025-10-23,,,,,,3000.4550745732363,3042.687339125331,2981.892616996725,3018.330078125,5564758
2025-10-24,,,,,,3025.0086400055093,3034.8300966289034,3003.6961270890743,3008.508544921875,2684318
2025-10-27,,,,,,3011.7496607245316,3038.9550474990237,3005.5620951218402,3029.821044921875,1946312
2025-10-28,,,,,,3021.0801556355614,3035.0265765381446,2985.919291823652,3003.30322265625,3470737
2025-10-29,,,,,,3003.3032409472494,3021.080174034828,2991.714113509379,3003.0087890625,2895420
2025-10-30,,,,,,2994.6603471523654,3009.0978400091353,2978.6513253692647,2981.106689453125,2241536
2025-10-31,,,,,,2980.8120174669925,3012.6334402910475,2971.088871543434,3003.4013671875,1868085
2025-11-03,,,,,,2992.499451583931,3003.4013640895914,2956.2583734171585,2962.93701171875,2194877
2025-11-04,,,,,,2965.6872390451917,2975.214004338424,2922.8655907942766,2936.81201171875,2670720
2025-11-06,,,,,,2936.7138956519902,2970.0085383136757,2936.61558517126,2957.142333984375,2542721
2025-11-07,,,,,,2947.419237380036,2950.3656744717186,2907.6423366423182,2938.383544921875,1830520
2025-11-10,,,,,,2939.5619693268272,2993.4816703122747,2938.579823663838,2971.18701171875,1556656
2025-11-11,,,,,,2990.633609021809,3001.142519888641,2964.1156755427983,2992.597900390625,2806868
2025-11-12,,,,,,3005.3656835637266,3080.4015151753365,3002.51755709654,3075.8837890625,4460315
2025-11-13,,,,,,3075.8838537295965,3075.9819244274895,3046.61586484088,3050.249755859375,1740435
2025-11-14,,,,,,3034.830102963518,3057.517763723578,3022.356900982103,3050.54443359375,2210794
2025-11-17,,,,,,3050.544457369475,3067.7320066302495,3031.4909272444793,3046.812255859375,2232853
2025-11-18,,,,,,3046.6158078736476,3049.5622448251693,3023.0443122614724,3031.98193359375,2548350
2025-11-19,,,,,,3041.705020306013,3098.6694669245953,3028.4460542827223,3091.499755859375,3151053
2025-11-20,,,,,,3091.794673762747,3108.0000778660146,3082.0715272134535,3088.65185546875,2700767
2025-11-21,,,,,,3088.6516518716926,3113.4016740052466,3079.2229578295533,3094.34814453125,4177037
2025-11-24,,,,,,3101.616062202543,3122.1428110333977,3075.0981288018247,3085.115966796875,6703764
2025-11-25,,,,,,3089.142887490615,3093.562543096727,3059.3838251197944,3063.5087890625,2737920
2025-11-26,,,,,,3063.115986297256,3121.2589624366606,3061.348076121797,3106.428466796875,2508527
2025-11-27,,,,,,3123.223169867727,3123.223169867727,3069.205159068128,3080.59814453125,2836233
2025-11-28,,,,,,3083.937297684263,3091.1070087848907,3069.205113141185,3081.48193359375,1616690
2025-12-01,,,,,,3081.8747335418534,3097.687374390369,3066.4550948216056,3077.455078125,1747647
2025-12-02,,,,,,3075.0980746626374,3087.8659682974553,3064.6872347092776,3079.714111328125,2512003
2025-12-03,,,,,,3083.9373188138757,3154.5534946281955,3082.9551731709416,3123.22314453125,3952112
2025-12-04,,,,,,3136.9731988901626,3191.9733551637537,3130.4909417024,3171.544677734375,5025905
2025-12-05,,,,,,3172.330486734928,3213.187842167148,3164.866083794654,3180.384033203125,5244013
2025-12-08,,,,,,3185.0983021118977,3201.6964674714213,3151.3125880977464,3178.71435546875,2544725
2025-12-09,,,,,,3172.330579931189,3175.964471029267,3124.401822284255,3151.01806640625,2734893
2025-12-10,,,,,,3167.41989738469,3167.41989738469,3121.357359750894,3132.259033203125,1386849
2025-12-11,,,,,,3147.7768486239356,3151.1160479641035,3096.8035846478047,3134.91064453125,1914362
2025-12-12,,,,,,3140.607031689688,3165.4553640739014,3128.8212841349605,3163.0,1146554
2025-12-15,,,,,,3153.7680172761306,3180.384020730158,3140.2143592438706,3172.52685546875,1562190
2025-12-16,,,,,,3162.509118995985,3162.509118995985,3134.1252044928165,3147.875244140625,1734623
2025-12-17,,,,,,3143.3572206041695,3179.107227122374,3143.3572206041695,3160.348388671875,1376350
2025-12-18,,,,,,3170.366292342023,3229.09865265339,3163.4912725011322,3222.2236328125,2307422
2025-12-19,,,,,,3240.09857605464,3258.661033366418,3220.259281411304,3223.402099609375,3902511
2025-12-22,,,,,,3250.9022578364156,3269.170263717588,3232.2414895890165,3265.5361328125,2632816
2025-12-23,,,,,,3260.625245626059,3260.625245626059,3234.6966963938,3250.902099609375,2365420
2025-12-24,,,,,,3245.107580613968,3267.696930860065,3237.2504153109776,3259.741455078125,1367708
2025-12-26,,,,,,3253.9468611908032,3260.7235702886815,3213.384197736604,3221.437744140625,1176664
2025-12-29,,,,,,3221.437683809396,3229.294848891858,3184.9999848268185,3193.446533203125,2079473
2025-12-30,,,,,,3191.973384551631,3209.160933545371,3181.6608551553877,3188.83056640625,2807593
2025-12-31,,,,,,3182.151893056932,3188.0447669329633,3141.392848747715,3148.955322265625,3362634
2026-01-01,,,,,,3157.59834501185,3176.3574233163417,3141.0982497161094,3169.77685546875,1255735
2026-01-02,,,,,,3176.2591039024273,3196.196709004467,3162.017991655493,3192.660888671875,1184324
2026-01-05,,,,,,3182.642968809425,3189.026915514335,3134.026759287417,3158.6787109375,2341703
2026-01-06,,,,,,3152.6876022111082,3204.9377039238207,3147.7768738587542,3197.669921875,2912325
2026-01-07,,,,,,3185.0000101265678,3241.6700055592964,3165.651788913644,3236.75927734375,1989442
2026-01-08,,,,,,3228.2143763788763,3228.2143763788763,3125.1873956711997,3146.6962890625,4159336
2026-01-09,,,,,,3134.0267606372377,3172.0357492326657,3134.0267606372377,3150.52685546875,1938673
2026-01-12,,,,,,3145.8126491306843,3193.937788002805,3117.6251157476318,3181.75927734375,2228342
2026-01-13,,,,,,3187.0627488471305,3221.437847833155,3153.1787227037635,3209.652099609375,5645341
2026-01-14,,,,,,3201.7948316366483,3201.7948316366483,3126.1696162881753,3135.5,3539511
2026-01-15,,,,,,3135.5,3135.5,3135.5,3135.5,0
2026-01-16,,,,,,3219.39990234375,3221.89990234375,3171.0,3206.699951171875,4293470
2026-01-19,,,,,,3188.0,3220.0,3152.10009765625,3163.60009765625,3387562
2026-01-20,,,,,,3151.60009765625,3160.0,3091.10009765625,3102.300048828125,4499273
2026-01-21,,,,,,3100.0,3138.5,3082.0,3122.60009765625,2015150
2026-01-22,,,,,,3150.0,3160.0,3122.300048828125,3150.39990234375,2269827
2026-01-23,,,,,,3190.300048828125,3194.5,3152.0,3162.5,2068857
2026-01-27,,,,,,3175.0,3175.0,3130.0,3158.0,4279874
2026-01-28,,,,,,3176.0,3205.199951171875,3170.60009765625,3200.10009765625,2751234
2026-01-29,,,,,,3200.10009765625,3200.10009765625,3125.60009765625,3144.39990234375,2457641
2026-01-30,,,,,,3141.0,3141.0,3092.0,3123.89990234375,3022068
2026-02-01,,,,,,3141.0,3234.0,3105.199951171875,3186.89990234375,3012782
