,SBIN.NS,SBIN.NS,SBIN.NS,SBIN.NS,SBIN.NS,ITC.NS,ITC.NS,ITC.NS,ITC.NS,ITC.NS,TMPV.NS,TMPV.NS,TMPV.NS,TMPV.NS,TMPV.NS
,Open,High,Low,Close,Volume,Open,High,Low,Close,Volume,Open,High,Low,Close,Volume
Date,,,,,,,,,,,,,,,
2025-01-23,735.2367384986907,740.7755458622017,728.4725365710152,731.2174682617188,10986405,420.49287689797217,427.1144372962157,419.6228975353898,425.51947021484375,8888248,,,,,
2025-01-24,735.138768408009,738.8639561065576,724.4533033293378,729.501953125,10579213,424.74612978757085,430.15937728937985,424.40779628749044,426.8727722167969,9665384,,,,,
2025-01-27,725.4335984843208,740.4814201410142,721.4143281559363,734.4525146484375,11433353,426.09942801772166,430.15937095928996,421.9911643624925,425.42279052734375,10480203,,,,,
2025-01-28,742.0989667504426,744.7948348595096,730.7273288420482,737.5895385742188,14140860,425.32613404915026,427.06609279760266,420.00955737353587,420.9278869628906,20813072,,,,,
2025-01-29,738.1777143020389,745.8241647145189,735.0406921284334,743.5204467773438,9251973,421.4111847122362,422.90948078709505,415.7562748977468,418.89788818359375,15158510,,,,,
2025-01-30,743.6184784127346,749.9415267817568,739.8932906386025,747.5887451171875,11085824,418.55960015677164,423.3928518906835,417.0613039191899,421.65289306640625,22496695,,,,,
2025-01-31,749.8435094869757,762.2444673012822,744.5497807267266,757.68603515625,10083763,421.94286574038716,433.2526863127406,420.5895611889515,432.5760192871094,13546181,,,,,
2025-02-01,759.548580017539,763.4208389361906,737.3444656745553,750.9218139648438,9363077,433.05930484973186,455.775585349662,424.8910985721678,447.1240539550781,30393007,,,,,
2025-02-03,747.7848125737272,747.7848125737272,738.3248018604113,745.9712524414062,7862190,446.59243971426656,449.68573248191484,437.21591998094135,439.19757080078125,16991730,,,,,
2025-02-04,751.9021360972733,765.8716347144651,750.5787338459753,763.8619995117188,12020807,442.7258148273928,444.9974488165376,433.78430000828064,439.9708557128906,18923681,,,,,
2025-02-05,764.6462410892296,766.6068724766379,749.9415056836675,750.9708251953125,13419162,439.9708671159242,440.64753410889205,431.6093481304944,433.2043151855469,12836283,,,,,
2025-02-06,753.8627308990996,755.6762909086074,735.2857374622155,737.4424438476562,32745391,434.9926473462472,434.9926473462472,423.5861852824319,426.38946533203125,17469129,,,,,
2025-02-07,744.8438308139157,744.9418982807152,717.3459883584466,722.688720703125,37240692,425.32610601162634,430.64268233677166,414.1129573168095,416.48126220703125,18875982,,,,,
2025-02-10,725.4335919181764,729.256846944206,718.963532464286,722.2965698242188,12667049,412.7596610777305,418.84954591665235,412.2763359476629,412.9530029296875,12227140,,,,,
2025-02-11,722.9338420118377,725.5807064311172,712.2483766958933,716.7088012695312,13017060,414.4996202235818,416.1912581807673,403.5764840713996,404.34979248046875,14288751,,,,,
2025-02-12,718.7184448242188,724.1591847308209,703.0333943785369,718.7184448242188,12697743,405.6753937562897,406.3136281355489,400.2258148708563,402.48419189453125,13884574,,,,,
2025-02-13,719.9438519637431,722.9828066071801,711.8562476864424,713.3267211914062,12370571,402.5333188714483,406.46095206462076,401.60049400188456,402.287841796875,12989029,,,,,
2025-02-14,716.5617636405941,718.4733911976853,702.1021072520733,707.9349975585938,10417539,404.30071268308313,408.6702162817502,401.01131412778494,402.8278503417969,14124236,,,,,
2025-02-17,704.8959778549706,714.4050519193028,697.5436102537428,713.375732421875,9093600,402.3860051226291,403.95706437920165,399.39119682530554,401.2077331542969,11975265,,,,,
2025-02-18,713.3757463206829,713.9149079885333,703.2294429330741,711.5131225585938,8562003,400.6185827614127,403.4170273840887,396.69094959708514,397.9183349609375,12998403,,,,,
2025-02-19,707.8369242269698,720.3849529544706,707.8369242269698,712.9835815429688,6766606,397.4764566403701,401.40408972956527,397.1818961448654,399.0475158691406,7079032,,,,,
2025-02-20,710.6308614417115,717.100921006022,709.1113242684337,715.3363647460938,7423268,392.71423117033765,396.5927509227199,389.03207509597695,394.7762145996094,15355585,,,,,
2025-02-21,712.983563836215,717.2969766512275,705.8272715222472,707.7879028320312,6571602,394.7761916445472,395.9544935060131,391.9777771631228,393.6470031738281,8240986,,,,,
2025-02-24,696.5142704603655,705.5821902376468,696.5142704603655,702.2981567382812,6912148,392.7633170048975,396.10179920634647,391.53593163925717,394.6289367675781,7037625,,,,,
2025-02-25,704.7979622750793,704.7979622750793,696.0241250697796,696.9064331054688,8599635,394.7271291352976,399.63667054245303,393.25426671315097,397.52557373046875,15760891,,,,,
2025-02-27,701.9060466163252,703.5725952859297,687.2993186401222,690.0442504882812,12033139,397.525552328783,399.1456949128277,392.2723373128528,394.3343505859375,19051003,,,,,
2025-02-28,687.1033111747046,687.5444053811439,669.1634856554016,675.241455078125,15780609,391.7813927759098,395.218071659909,385.1044286446103,387.853759765625,31954776,,,,,
2025-03-03,676.5648746220754,683.6721631354309,666.6146467698901,681.6134643554688,10598479,388.7865980194929,391.78140630708367,384.12253365869424,390.25946044921875,10702826,,,,,
2025-03-04,679.3587530706169,704.3077986097232,678.4764450422322,701.9550170898438,14386214,388.2465194896839,390.01397233458835,385.7426654162302,387.70648193359375,13404774,,,,,
2025-03-05,703.425482394221,716.9048225760387,702.8863207536921,715.9735107421875,10409805,387.3628037989018,405.2826293231856,387.3628037989018,397.721923828125,15665018,,,,,
2025-03-06,721.5123345545368,722.2475713084986,712.6894935069948,717.6400756835938,10928847,401.747764542559,402.28783207284374,393.3033473882626,398.3601989746094,17869996,,,,,
2025-03-07,717.6400610222238,720.3849328808595,713.6697945986864,718.3262939453125,7246729,396.2490690334906,398.50747602613745,394.432562712498,396.5927429199219,11180761,,,,,
2025-03-10,718.3263154629034,723.9631306303024,712.2973500895013,714.5521240234375,7400109,393.7943018882363,399.489387865199,393.1560675022779,397.6728515625,9785018,,,,,
2025-03-11,710.6308835302965,719.6007363944591,708.4741769972491,715.4833984375,5538789,394.23615458392493,401.01131538193874,393.94159410093084,398.85113525390625,11099475,,,,,
2025-03-12,716.2186323712558,722.4926768362947,704.8959979099689,708.8172607421875,5547762,399.0475152195476,405.8226762942879,396.69094136295917,404.93896484375,13844306,,,,,
2025-03-13,711.6111983443574,717.0519385721029,710.2387324158618,713.5227661132812,5908337,405.5281006874954,406.90276622215737,400.8149531499511,404.59527587890625,8196569,,,,,
2025-03-17,714.5520981665495,716.8558160007225,708.0819790039528,708.915283203125,5149563,405.5281132753817,408.719315135297,399.63666368784595,400.5694885253906,5257805,,,,,
2025-03-18,708.915283203125,708.915283203125,708.915283203125,708.915283203125,0,402.5823808619056,404.4971139277993,400.37308730839516,401.69866943359375,13861897,,,,,
2025-03-19,725.0414304316936,734.5505041985215,724.551272606947,730.4331665039062,7604850,402.5823921632704,403.31882336844717,395.3162769319527,395.75811767578125,12830387,,,,,
2025-03-20,733.2761159507572,737.8836115337692,729.5509283979652,734.7955932617188,6963197,397.6728373693795,399.2929799729773,394.62891583099076,396.641845703125,16994037,,,,,
2025-03-21,735.1877533491547,740.7265010195747,732.2958101375568,738.373779296875,9577327,398.60567790903195,400.12762375553666,394.4325677226245,398.212890625,25302035,,,,,
2025-03-24,743.0792951283579,767.5381836299999,740.236355685803,765.4304809570312,12095064,399.6366587789359,405.38082804931764,398.2619932184889,403.4660949707031,14362572,,,,,
2025-03-25,768.4694992151382,770.52813824643,754.05884649493,757.636962890625,15190143,404.5461964506968,407.73739824308706,401.3059112323006,402.385986328125,20338110,,,,,
2025-03-26,756.8037071028305,760.7739736513279,746.4613886162912,748.961181640625,7711852,402.8769581468943,403.76069957751406,398.90024157095667,399.9803466796875,13891436,,,,,
2025-03-27,748.765095143516,760.528883157817,745.5300654063271,757.0977783203125,15648616,400.6185794021223,403.2697437519979,398.3110889443362,402.0423583984375,18642328,,,,,
2025-03-28,756.9017030647627,763.2737549045355,751.9021170931981,756.3135375976562,7628185,403.46610258111434,408.08108344123156,400.7658548357284,402.3369140625,12981873,,,,,
2025-04-01,751.7060726537488,767.3421201573958,748.1769600397238,756.5096435546875,7011125,402.38600438126315,406.90278849853894,398.2620075515041,399.2929992675781,15206240,,,,,
2025-04-02,757.0977881876627,761.7052838533914,749.2552627425828,760.6759643554688,5458436,399.685750106513,402.5823914949175,398.7038418345742,401.6495666503906,8001323,,,,,
2025-04-03,754.8430831745769,769.2537358201085,754.7940793566994,763.8619995117188,7956680,399.68573475414075,402.7787696643111,399.34209084453187,401.99322509765625,7059566,,,,,
2025-04-04,763.7639032041603,767.4891505617313,749.9414763962274,752.34326171875,8231194,400.12763155444486,405.3317335492131,397.1819066595655,402.287841796875,18627592,,,,,
2025-04-07,715.6304557983397,738.8639496862081,715.6304557983397,732.1978149414062,14923235,383.09149195819776,400.71675676567065,383.09149195819776,398.7038269042969,26762866,,,,,
2025-04-08,745.0399507907015,758.764370936846,743.2263906334504,753.4706420898438,12911288,404.4480082967242,408.2774445365288,399.88214085828554,405.08624267578125,18600796,,,,,
2025-04-09,751.9021496759307,752.8334615673064,726.4139412123398,727.59033203125,11319387,405.52811678460984,411.4686498505965,403.8097773067089,408.7684020996094,21785572,,,,,
2025-04-11,744.0595747998677,744.7458077183372,731.3154714106737,739.0109252929688,9360327,412.40145511407445,414.8071422550909,409.4557304346882,413.92340087890625,8939356,,,,,
2025-04-15,754.8430601068783,755.5292930373557,742.1969641274441,748.4710083007812,7859090,421.4350305010776,421.4350305010776,411.4195544215754,412.7942199707031,11685880,,,,,
2025-04-16,748.4710501178707,759.4996019368964,745.5301029661306,756.5586547851562,12536694,410.4376454249374,418.3419947920321,410.4376454249374,416.7709655761719,13034594,,,,,
2025-04-17,756.8037006997325,785.2328552596965,752.0491936119853,781.7527465820312,27034818,417.3110006565654,420.10944512464874,413.92340525328643,419.5202941894531,22410217,,,,,
2025-04-21,787.1935033394458,808.1232195009724,785.6250221604275,800.6238403320312,16398507,420.3058257121206,421.336847381582,413.87433848811077,415.1999206542969,27388236,,,,,
2025-04-22,804.986275275127,819.0537818863039,797.9769939622398,806.211669921875,25117557,418.24383985184426,426.9337040743589,415.88723603001415,425.75543212890625,32031936,,,,,
2025-04-23,809.740755044151,814.6423334645151,794.1537117339047,797.4378051757812,12104382,428.3083909152653,429.53577622856506,421.0913592799704,423.05517578125,19566317,,,,,
2025-04-24,796.7515648231008,802.8785377915959,795.1830836766543,797.3887939453125,12713521,424.0370755980093,428.16107218939527,421.53319162940176,422.2696228027344,26064089,,,,,
2025-04-25,798.9572755447768,802.8785382468371,771.508436630355,782.9291381835938,13131038,422.2696267928269,424.87170760222523,415.6417461702055,420.0603332519531,22944377,,,,,
2025-04-28,782.9291312258807,806.6037186789465,781.7037366423766,801.260986328125,11317611,418.9311396302756,422.71149230249586,417.06551998951244,421.042236328125,6287095,,,,,
2025-04-29,803.858844621864,812.6816855994211,793.075372315961,796.5554809570312,11283059,421.14043560056143,421.82778335059663,417.31099948077133,418.29290771484375,11189930,,,,,
2025-04-30,795.5261656735474,795.5261656735474,769.0576426012298,773.1259765625,25635764,419.6675863161336,421.5332060258665,414.3652876801437,418.0965270996094,10026546,,,,,
2025-05-02,774.7924765987593,787.5856441366993,773.4690743593894,781.0175170898438,14720184,416.42728530446215,423.69340019536935,416.42728530446215,421.7295837402344,9263372,,,,,
2025-05-05,766.606876267059,783.2722431424297,766.606876267059,774.4494018554688,23986447,422.4660329307672,430.56677615372786,421.5823214813549,429.0448303222656,11525305,,,,,
2025-05-06,778.3216684290833,783.4193220780548,755.9214185982945,758.8623657226562,18869468,429.5848686129065,431.69596540271175,425.16628139288804,427.6701354980469,15026568,,,,,
2025-05-07,750.2356003532819,766.9990348823832,749.5003635713141,760.822998046875,15586266,425.5590249840726,427.13008416028316,421.9259824773884,423.3497314453125,9710361,,,,,
2025-05-08,763.6658883956691,771.0182557422255,748.9611537025561,753.8627319335938,14491673,421.2386332122387,423.6934038020536,415.88722134025767,422.8096923828125,19937960,,,,,
2025-05-09,741.6088285228935,766.312796178702,740.6285128209466,763.9110107421875,13578216,418.24384137926455,421.38592987740896,415.34719998420627,415.8872375488281,8226512,,,,,
2025-05-12,783.272256608189,788.0758275471601,777.390362315762,785.8701171875,15096824,421.7296134519522,428.3084110263286,420.40403125825395,427.6210632324219,8031891,,,,,
2025-05-13,782.880060357833,791.7519649275839,781.5076543371932,785.9680786132812,13909596,427.0318966442069,430.026734819032,417.654684739414,420.1585388183594,14976369,,,,,
2025-05-14,789.8893639857823,791.6049164362635,780.6253687864404,784.9387817382812,9281719,419.3730364482981,424.0371008235316,418.1947345146855,421.33685302734375,9557309,,,,,
2025-05-15,788.6149458696933,793.516524177251,778.8607930709097,791.8499755859375,17058854,421.3368389928473,427.52284902460343,418.2929174036252,424.8226013183594,24263510,,,,,
2025-05-16,804.0,804.0,791.0,792.0999755859375,14733924,427.03189925490824,428.3083979810754,424.2825680939457,427.81744384765625,16402035,,,,,
2025-05-19,792.0999755859375,801.4000244140625,792.0999755859375,795.0,10666184,427.1300810084491,430.56675982116076,424.822590669679,427.4737548828125,7543854,,,,,
2025-05-20,798.1500244140625,799.4000244140625,783.7999877929688,785.6500244140625,11324667,429.09390418210114,432.82514353663043,425.068074374028,427.0318908691406,9868414,,,,,
2025-05-21,787.0,791.0,779.0999755859375,787.0999755859375,8206040,428.70116612622536,430.27222538595333,424.184381991556,425.1662902832031,5776672,,,,,
2025-05-22,788.0,788.2000122070312,780.2999877929688,785.25,7355826,425.1662742449478,425.1662742449478,415.248994880322,418.39111328125,19451749,,,,,
2025-05-23,787.9000244140625,794.9500122070312,786.2000122070312,790.5,5534158,426.14817819915925,431.05771942265187,421.2386369756667,428.40655517578125,18536884,,,,,
2025-05-26,792.0,797.5499877929688,789.2000122070312,794.4000244140625,4965466,430.32130894917486,435.5254109103499,428.8484465112427,434.8871765136719,13107662,,,,,
2025-05-27,794.4000244140625,801.3499755859375,790.0499877929688,793.7000122070312,11995043,434.8871621282408,436.1636608448351,423.0551795877558,426.04998779296875,26986022,,,,,
2025-05-28,794.5,798.9000244140625,792.6500244140625,796.5499877929688,6873519,417.70001220703125,422.6000061035156,413.0,420.20001220703125,431851622,,,,,
2025-05-29,799.0,800.4000244140625,791.3499755859375,797.3499755859375,14034127,422.0,422.79998779296875,416.6000061035156,418.75,21478547,,,,,
2025-05-30,798.0,814.5,792.5999755859375,812.2999877929688,22037314,419.1000061035156,420.04998779296875,416.3999938964844,418.04998779296875,30656239,,,,,
2025-06-02,812.8499755859375,822.5499877929688,809.2000122070312,813.6500244140625,26891575,418.29998779296875,420.45001220703125,414.54998779296875,419.29998779296875,14973380,,,,,
2025-06-03,816.2000122070312,818.4000244140625,805.1500244140625,809.7999877929688,14247597,419.0,421.70001220703125,415.6499938964844,416.95001220703125,13216486,,,,,
2025-06-04,817.0,817.0,805.25,806.5,9607927,417.1499938964844,419.0,415.95001220703125,417.0,12598933,,,,,
2025-06-05,808.7000122070312,811.7000122070312,802.8499755859375,806.0,13595507,418.5,420.95001220703125,415.75,419.1000061035156,13212523,,,,,
2025-06-06,806.6500244140625,816.4500122070312,803.0999755859375,813.0499877929688,17163935,420.29998779296875,421.29998779296875,419.0,421.04998779296875,8774988,,,,,
2025-06-09,817.4000244140625,824.5,815.7000122070312,820.0499877929688,12793040,422.0,423.6000061035156,420.5,423.04998779296875,10473123,,,,,
2025-06-10,821.0,822.0499877929688,814.5999755859375,817.0499877929688,6560513,424.5,428.54998779296875,423.04998779296875,427.0,13041075,,,,,
2025-06-11,817.0,820.5999755859375,813.0499877929688,815.0499877929688,7197825,428.0,428.1000061035156,424.8500061035156,426.1499938964844,20789182,,,,,
2025-06-12,816.0,816.5,801.2000122070312,805.9500122070312,13448521,427.0,427.20001220703125,419.54998779296875,421.0,18508835,,,,,
2025-06-13,786.25,796.2999877929688,786.25,792.3499755859375,11377117,415.0,419.3500061035156,413.5,413.8999938964844,17873926,,,,,
2025-06-16,792.5,795.4000244140625,786.1500244140625,792.5,8085001,414.95001220703125,418.8999938964844,413.25,418.20001220703125,7006629,,,,,
2025-06-17,794.0,798.8499755859375,790.5499877929688,792.2999877929688,7753156,418.1000061035156,419.04998779296875,415.70001220703125,417.3999938964844,9028406,,,,,
2025-06-18,792.5,795.5,788.3499755859375,791.9000244140625,5710169,417.0,418.45001220703125,414.8999938964844,415.8999938964844,8036215,,,,,
2025-06-19,792.3499755859375,793.25,781.7000122070312,785.0999755859375,11824333,415.6499938964844,418.25,414.79998779296875,416.0,12601006,,,,,
2025-06-20,787.5,799.4500122070312,786.0999755859375,796.1500244140625,11367669,416.0,419.5,416.0,418.54998779296875,13203184,,,,,
2025-06-23,790.0,794.9500122070312,788.5,790.2000122070312,5549253,417.0,417.5,411.75,413.8999938964844,14839890,,,,,
2025-06-24,799.0,806.6500244140625,793.6500244140625,795.4000244140625,11402190,416.8999938964844,420.6499938964844,413.75,414.3500061035156,16690068,,,,,
2025-06-25,799.5,803.7999877929688,796.0999755859375,800.0499877929688,6528324,416.3999938964844,418.1499938964844,415.1000061035156,416.3500061035156,9946718,,,,,
2025-06-26,802.0,803.3499755859375,791.4000244140625,797.0499877929688,24704402,417.20001220703125,420.8999938964844,416.25,420.29998779296875,13703918,,,,,
2025-06-27,805.0,809.4500122070312,802.6500244140625,805.4000244140625,19375990,421.0,422.0,417.79998779296875,418.6499938964844,21409935,,,,,
2025-06-30,809.0,821.0,807.0499877929688,820.3499755859375,19652607,419.79998779296875,420.75,415.79998779296875,416.45001220703125,12317124,,,,,
2025-07-01,820.0,824.9000244140625,813.25,820.2999877929688,11456405,417.0,418.8500061035156,414.8999938964844,415.1000061035156,13670465,,,,,
2025-07-02,821.0,824.0499877929688,809.0,812.9000244140625,6661200,416.8999938964844,416.8999938964844,411.70001220703125,412.95001220703125,15990899,,,,,
2025-07-03,813.5,814.5,805.7999877929688,807.0999755859375,7020403,414.0,416.0,411.25,413.3500061035156,14185298,,,,,
2025-07-04,808.75,813.8499755859375,804.0999755859375,811.8499755859375,4319538,414.8999938964844,415.0,411.75,412.54998779296875,8256733,,,,,
2025-07-07,811.2000122070312,812.6500244140625,805.1500244140625,806.8499755859375,4461783,413.0,417.20001220703125,412.0,416.1499938964844,6845218,,,,,
2025-07-08,807.9000244140625,813.5499877929688,805.3499755859375,812.6500244140625,5935770,416.1499938964844,418.1000061035156,414.6499938964844,417.20001220703125,6807192,,,,,
2025-07-09,810.0,812.4500122070312,809.0,810.9500122070312,4099112,416.20001220703125,420.29998779296875,415.45001220703125,419.45001220703125,9930533,,,,,
2025-07-10,811.2999877929688,815.5,806.9000244140625,808.0,12178137,420.29998779296875,420.29998779296875,416.3999938964844,416.8500061035156,6220360,,,,,
2025-07-11,807.5499877929688,812.5499877929688,804.5499877929688,808.6500244140625,6202372,417.0,418.04998779296875,415.5,416.79998779296875,8578844,,,,,
2025-07-14,809.7999877929688,815.5,808.0,808.8499755859375,6938635,417.04998779296875,419.95001220703125,416.54998779296875,419.3999938964844,6896989,,,,,
2025-07-15,811.0,821.0,810.5,816.4500122070312,9297645,420.8999938964844,422.3999938964844,419.0,422.1000061035156,8532755,,,,,
2025-07-16,816.0,834.2000122070312,815.2999877929688,831.7000122070312,16458920,422.1000061035156,425.45001220703125,420.29998779296875,424.6000061035156,9780773,,,,,
2025-07-17,838.4000244140625,842.5,826.3499755859375,829.0,23073718,425.79998779296875,425.8999938964844,423.0,423.95001220703125,7240795,,,,,
2025-07-18,832.0,832.6500244140625,820.25,823.3499755859375,15387801,425.20001220703125,425.20001220703125,420.1000061035156,422.75,6730256,,,,,
2025-07-21,823.0,827.3499755859375,817.9500122070312,824.2000122070312,8852594,422.0,422.75,418.3999938964844,420.1000061035156,4822343,,,,,
2025-07-22,827.5,828.0499877929688,814.0,815.0,7851163,420.1000061035156,420.3999938964844,415.20001220703125,416.0,9869507,,,,,
2025-07-23,812.5,825.2000122070312,811.5,820.6500244140625,15470390,417.1000061035156,417.8999938964844,414.0,414.95001220703125,12196187,,,,,
2025-07-24,820.0,821.9500122070312,810.6500244140625,815.7000122070312,10118309,415.8500061035156,415.8500061035156,409.45001220703125,409.95001220703125,9005157,,,,,
2025-07-25,815.0,819.2000122070312,805.5,806.5499877929688,6734439,410.0,410.25,407.75,409.3999938964844,5824089,,,,,
2025-07-28,806.5499877929688,808.9500122070312,796.0,797.1500244140625,7734158,410.79998779296875,410.8500061035156,408.6000061035156,409.8999938964844,8123337,,,,,
2025-07-29,796.2000122070312,800.0,793.0999755859375,799.2000122070312,7833759,410.0,411.3999938964844,408.0,408.45001220703125,6811772,,,,,
2025-07-30,798.9500122070312,803.4000244140625,796.2000122070312,801.6500244140625,8743723,409.0,409.29998779296875,405.75,407.6000061035156,10915863,,,,,
2025-07-31,795.0999755859375,803.7999877929688,792.5499877929688,796.5499877929688,11359112,405.95001220703125,414.0,405.54998779296875,411.95001220703125,19364174,,,,,
2025-08-01,795.7000122070312,801.0,792.0,794.0,15468391,412.3999938964844,419.3500061035156,411.79998779296875,416.45001220703125,14324065,,,,,
2025-08-04,794.5,797.2000122070312,786.5499877929688,795.7000122070312,8820724,420.20001220703125,422.5,415.1000061035156,416.8500061035156,18352458,,,,,
2025-08-05,798.0,804.0499877929688,796.2999877929688,800.5999755859375,7381537,417.20001220703125,417.95001220703125,413.0,414.1499938964844,8495104,,,,,
2025-08-06,800.9500122070312,810.2000122070312,799.0,805.1500244140625,7409396,414.1499938964844,415.0,410.5,412.0,9080543,,,,,
2025-08-07,801.0999755859375,806.6500244140625,793.4000244140625,805.1500244140625,7091392,412.0,414.75,411.6499938964844,413.6000061035156,11514878,,,,,
2025-08-08,805.0,807.7999877929688,790.0,804.2999877929688,15708181,413.8999938964844,415.3500061035156,412.95001220703125,414.5,9814361,,,,,
2025-08-11,808.0,825.0,808.0,823.4500122070312,15236297,414.5,417.0,414.0,416.8500061035156,8514272,,,,,
2025-08-12,824.9500122070312,825.5,820.0,820.5999755859375,7986728,417.0,419.79998779296875,415.29998779296875,416.3500061035156,13635738,,,,,
2025-08-13,822.6500244140625,824.9500122070312,820.6500244140625,821.8499755859375,4447508,417.20001220703125,417.5,413.6000061035156,414.1000061035156,10874910,,,,,
2025-08-14,822.0,828.0,819.0999755859375,826.5499877929688,7087573,414.25,415.04998779296875,411.0,411.45001220703125,9580361,,,,,
2025-08-18,836.0,838.0,825.1500244140625,827.6500244140625,6138124,413.0,413.70001220703125,404.8500061035156,406.29998779296875,30950814,,,,,
2025-08-19,827.5,831.0,825.7999877929688,830.4000244140625,5076681,406.3500061035156,409.3999938964844,404.5,409.1000061035156,16681331,,,,,
2025-08-20,828.7000122070312,831.9000244140625,827.4000244140625,828.9500122070312,4493888,409.1000061035156,410.25,405.45001220703125,406.04998779296875,18188129,,,,,
2025-08-21,828.9500122070312,833.25,824.0499877929688,825.7000122070312,4402511,406.04998779296875,406.8500061035156,403.3500061035156,405.54998779296875,15028966,,,,,
2025-08-22,824.0,826.0,815.7000122070312,816.25,5097647,406.0,406.5,397.5,398.29998779296875,13087624,,,,,
2025-08-25,817.4500122070312,820.5,814.2000122070312,816.4500122070312,5672898,399.0,400.54998779296875,396.25,399.3500061035156,10440286,,,,,
2025-08-26,814.8499755859375,815.8499755859375,806.75,807.8499755859375,6997817,399.29998779296875,405.3999938964844,398.3999938964844,403.3500061035156,13715752,,,,,
2025-08-28,807.25,811.0,800.6500244140625,801.9500122070312,7898436,404.5,404.5,400.0,400.8999938964844,12471719,,,,,
2025-08-29,800.7000122070312,806.7000122070312,798.5,802.5,6861440,402.0,410.45001220703125,401.8999938964844,409.75,25255050,,,,,
2025-09-01,803.0999755859375,808.2999877929688,802.6500244140625,806.0499877929688,5619805,409.75,410.20001220703125,405.0,405.8500061035156,12268090,,,,,
2025-09-02,806.2999877929688,810.5,802.6500244140625,803.9000244140625,5075460,406.54998779296875,407.8500061035156,404.45001220703125,406.75,19808255,,,,,
2025-09-03,804.2999877929688,813.2999877929688,803.0,812.1500244140625,4261589,408.5,413.25,407.29998779296875,411.75,12936588,,,,,
2025-09-04,814.6500244140625,816.75,808.0,809.4000244140625,4471950,423.95001220703125,427.0,415.0,415.8999938964844,27274123,,,,,
2025-09-05,811.5,812.5,803.6500244140625,806.5999755859375,5194842,416.8999938964844,417.0,404.3999938964844,407.3500061035156,16000675,,,,,
2025-09-08,808.0,813.8499755859375,806.7999877929688,808.7999877929688,4614227,407.45001220703125,410.54998779296875,406.79998779296875,407.54998779296875,7419022,,,,,
2025-09-09,812.0,812.3499755859375,805.5999755859375,808.8499755859375,4567272,408.5,410.95001220703125,407.3999938964844,410.04998779296875,8825896,,,,,
2025-09-10,812.0,824.5999755859375,810.4000244140625,818.2000122070312,7285853,411.0,413.70001220703125,408.95001220703125,413.04998779296875,9252397,,,,,
2025-09-11,819.0999755859375,825.7000122070312,819.0,823.6500244140625,7425055,413.04998779296875,416.70001220703125,412.45001220703125,415.04998779296875,8274406,,,,,
2025-09-12,824.0999755859375,825.7999877929688,819.7999877929688,823.5499877929688,5078018,415.3500061035156,417.04998779296875,412.8500061035156,413.75,7803379,,,,,
2025-09-15,823.5499877929688,827.7999877929688,821.0999755859375,824.75,3852494,413.04998779296875,414.29998779296875,411.75,412.6499938964844,5707331,,,,,
2025-09-16,825.0999755859375,833.0,821.6500244140625,831.5499877929688,9467531,413.20001220703125,414.3500061035156,412.0,413.1000061035156,8239087,,,,,
2025-09-17,834.2999877929688,858.1500244140625,831.0,857.1500244140625,17243938,413.95001220703125,414.6000061035156,408.04998779296875,409.29998779296875,14113882,,,,,
2025-09-18,858.6500244140625,860.7999877929688,851.0999755859375,854.3499755859375,10400847,411.3500061035156,413.04998779296875,410.1000061035156,411.54998779296875,15647808,,,,,
2025-09-19,852.0,864.4500122070312,849.2999877929688,862.3499755859375,15206426,411.54998779296875,412.6000061035156,408.95001220703125,410.6499938964844,19505321,,,,,
2025-09-22,862.0,868.2000122070312,854.0,855.25,6594034,410.6499938964844,411.0,406.04998779296875,406.95001220703125,8930779,,,,,
2025-09-23,854.5999755859375,874.25,851.2000122070312,870.5999755859375,14357863,407.1000061035156,408.1000061035156,402.1000061035156,403.20001220703125,14936357,,,,,
2025-09-24,876.0,880.5,864.4500122070312,866.2000122070312,12840160,403.20001220703125,404.6499938964844,400.70001220703125,401.0,12380865,,,,,
2025-09-25,866.5499877929688,870.1500244140625,859.9500122070312,861.1500244140625,8678821,401.45001220703125,403.0,398.0,400.1000061035156,22006368,,,,,
2025-09-26,862.0,864.3499755859375,853.0,856.9500122070312,6959545,400.1000061035156,405.8999938964844,399.79998779296875,405.1000061035156,14414044,,,,,
2025-09-29,858.0499877929688,873.5,856.0,870.75,22641712,406.8999938964844,408.0,403.20001220703125,407.25,19717660,,,,,
2025-09-30,869.9500122070312,877.5999755859375,867.5999755859375,872.4500122070312,12831593,406.75,406.75,400.3999938964844,401.54998779296875,9465490,,,,,
2025-10-01,872.2999877929688,876.4500122070312,862.7999877929688,864.0999755859375,10832384,402.3500061035156,406.0,399.75,405.6000061035156,17643039,,,,,
2025-10-03,865.1500244140625,873.0,863.7999877929688,867.2999877929688,8019442,404.8999938964844,405.5,402.29998779296875,404.29998779296875,16987141,,,,,
2025-10-06,868.0,875.2999877929688,862.7999877929688,874.0499877929688,7820352,403.0,403.8999938964844,399.79998779296875,400.75,13989077,,,,,
2025-10-07,874.1500244140625,877.0,863.0,864.7000122070312,9242580,402.5,402.6000061035156,399.5,399.79998779296875,12298968,,,,,
2025-10-08,866.7999877929688,867.7999877929688,857.25,858.25,7156112,400.0,401.75,398.0,399.75,8402463,,,,,
2025-10-09,861.5999755859375,865.7999877929688,858.0999755859375,862.0999755859375,7020501,399.0,401.3999938964844,398.95001220703125,399.8999938964844,15656267,,,,,
2025-10-10,862.0999755859375,883.75,861.2999877929688,880.6500244140625,13713015,400.45001220703125,403.8500061035156,399.5,402.79998779296875,15085738,,,,,
2025-10-13,879.0,888.0999755859375,876.0,882.9500122070312,11923143,400.0,400.95001220703125,398.54998779296875,399.25,9508594,,,,,
2025-10-14,883.0,884.1500244140625,872.0999755859375,876.9500122070312,7681973,400.0,400.8500061035156,396.20001220703125,396.79998779296875,10291102,,,,,
2025-10-15,878.0999755859375,887.5,877.0499877929688,886.0999755859375,8269225,398.0,400.8500061035156,397.25,399.8999938964844,16043867,403.0,403.0,388.0,390.8500061035156,26953550.0
2025-10-16,888.2999877929688,891.8499755859375,882.4500122070312,886.9500122070312,8493686,401.0,406.0,399.54998779296875,405.1499938964844,22962049,395.45001220703125,400.45001220703125,389.54998779296875,396.79998779296875,21983750.0
2025-10-17,887.5,894.75,883.0,889.1500244140625,8511854,405.3500061035156,413.8500061035156,405.25,412.1499938964844,21071344,396.79998779296875,402.5,392.25,396.6000061035156,16564540.0
2025-10-20,894.5999755859375,913.6500244140625,891.0499877929688,907.5,13546463,412.54998779296875,414.8500061035156,411.29998779296875,413.04998779296875,13083621,400.04998779296875,403.3999938964844,396.6000061035156,399.75,10471670.0
2025-10-21,908.0,910.0,906.4000244140625,907.8499755859375,1783576,413.5,413.95001220703125,412.3500061035156,412.8500061035156,1142130,402.79998779296875,403.3999938964844,400.04998779296875,401.8500061035156,3449156.0
2025-10-23,912.0,918.0,904.7999877929688,911.5499877929688,13382769,416.0,420.45001220703125,413.54998779296875,415.95001220703125,24305990,407.5,408.8999938964844,403.6000061035156,405.8500061035156,14126000.0
2025-10-24,910.9500122070312,914.0999755859375,900.9500122070312,904.5,5313227,415.95001220703125,417.95001220703125,413.45001220703125,416.79998779296875,14935678,406.95001220703125,408.5,401.0,403.29998779296875,6311744.0
2025-10-27,906.9500122070312,928.0,906.0,922.75,9150761,417.0,422.70001220703125,416.6000061035156,420.6499938964844,11603679,404.0,411.3999938964844,403.6499938964844,410.04998779296875,10699370.0
2025-10-28,927.0999755859375,935.8499755859375,917.7000122070312,930.25,22066289,420.5,421.6499938964844,415.8999938964844,417.8999938964844,17163147,411.29998779296875,414.1499938964844,408.54998779296875,411.5,10332270.0
2025-10-29,933.9000244140625,942.0499877929688,930.25,939.75,12314222,418.20001220703125,422.20001220703125,416.04998779296875,421.6000061035156,11470661,412.5,415.0,407.04998779296875,411.3500061035156,8485023.0
2025-10-30,939.4500122070312,944.9000244140625,933.0499877929688,934.3499755859375,13044473,421.6000061035156,421.70001220703125,416.1499938964844,418.75,12938674,412.70001220703125,419.0,408.1000061035156,412.45001220703125,8783965.0
2025-10-31,934.9000244140625,946.7000122070312,930.25,937.0,12078252,420.5,426.3999938964844,418.20001220703125,420.3500061035156,18599864,414.04998779296875,417.5,409.04998779296875,410.0,8012169.0
2025-11-03,938.75,953.4000244140625,937.5,949.7000122070312,11744735,419.95001220703125,421.6499938964844,413.29998779296875,413.95001220703125,7635440,414.0,417.8500061035156,410.1000061035156,417.0,8952229.0
2025-11-04,951.0,959.2999877929688,941.5,957.5999755859375,19154518,414.0,414.5,408.3500061035156,408.8999938964844,10085404,417.3999938964844,417.5,405.1000061035156,406.5,8889004.0
2025-11-05,957.5999755859375,957.5999755859375,957.5999755859375,957.5999755859375,0,408.8999938964844,408.8999938964844,408.8999938964844,408.8999938964844,0,,,,,
2025-11-06,969.6500244140625,971.4000244140625,955.2999877929688,960.75,23088096,410.0,413.29998779296875,406.54998779296875,407.5,10095563,407.1499938964844,409.70001220703125,405.3999938964844,407.8500061035156,6862359.0
2025-11-07,958.75,964.8499755859375,944.0,955.8499755859375,13371323,406.04998779296875,409.1000061035156,403.1000061035156,404.04998779296875,8411611,406.70001220703125,407.20001220703125,401.45001220703125,405.70001220703125,6930046.0
2025-11-10,956.0,963.2000122070312,949.0999755859375,951.1500244140625,7343249,404.04998779296875,407.1000061035156,403.6499938964844,405.54998779296875,6650003,406.0,412.95001220703125,406.0,410.45001220703125,7913640.0
2025-11-11,953.5999755859375,954.9500122070312,945.0499877929688,953.2999877929688,8648917,406.0,408.04998779296875,404.6000061035156,406.8500061035156,12005318,412.54998779296875,413.70001220703125,402.6499938964844,407.6000061035156,8120946.0
2025-11-12,957.7000122070312,961.5499877929688,951.4000244140625,957.1500244140625,7043323,408.0,408.1000061035156,405.54998779296875,407.0,7987236,407.6000061035156,411.3999938964844,401.8999938964844,402.1499938964844,12940220.0
2025-11-13,954.25,963.9500122070312,952.4500122070312,954.0,8894441,407.0,407.5,404.5,405.70001220703125,6617185,404.0,404.0,397.3999938964844,397.95001220703125,13165720.0
2025-11-14,952.9500122070312,969.0499877929688,952.0,967.8499755859375,11032927,404.70001220703125,408.75,400.1000061035156,408.1499938964844,64020258,397.95001220703125,399.6000061035156,387.29998779296875,391.20001220703125,21834850.0
2025-11-17,971.0,976.0,968.5,973.3499755859375,7415026,409.75,412.0,406.0,407.1000061035156,7855399,380.0,380.0,363.0,372.70001220703125,32393340.0
2025-11-18,975.5999755859375,976.7000122070312,968.8499755859375,972.4500122070312,6594686,408.25,409.79998779296875,404.54998779296875,405.8500061035156,7661681,373.1000061035156,374.0,369.1499938964844,371.29998779296875,17484750.0
2025-11-19,972.4500122070312,984.4500122070312,968.7999877929688,982.75,8291226,404.8500061035156,405.54998779296875,402.79998779296875,403.54998779296875,7882450,371.20001220703125,371.25,360.3500061035156,360.8500061035156,17854510.0
2025-11-20,986.0,986.5999755859375,979.3499755859375,981.5499877929688,6440857,403.54998779296875,407.0,403.25,405.45001220703125,6693410,362.0,364.3999938964844,359.25,359.79998779296875,15999030.0
2025-11-21,979.7000122070312,980.5999755859375,971.0499877929688,972.5999755859375,5377241,405.0,408.5,404.70001220703125,407.8500061035156,5808131,359.0,364.25,358.0,362.25,10829320.0
2025-11-24,975.5499877929688,977.7000122070312,968.0499877929688,970.5999755859375,9901946,408.3999938964844,408.79998779296875,402.8500061035156,403.54998779296875,11037491,362.5,362.8500061035156,356.79998779296875,358.29998779296875,12671920.0
2025-11-25,975.5499877929688,988.9500122070312,971.3499755859375,983.5999755859375,9140201,403.54998779296875,404.5,400.1000061035156,400.79998779296875,8199785,358.0,358.1000061035156,352.0,352.45001220703125,12577560.0
2025-11-26,986.5999755859375,999.0,982.1500244140625,983.9000244140625,13943490,401.0,403.95001220703125,400.95001220703125,402.29998779296875,11443953,354.45001220703125,362.8500061035156,354.29998779296875,359.25,13130210.0
2025-11-27,986.7000122070312,988.5499877929688,968.9000244140625,972.8499755859375,11909168,403.5,405.95001220703125,402.1000061035156,404.29998779296875,8679529,362.0,362.79998779296875,356.45001220703125,357.79998779296875,8871759.0
2025-11-28,976.7999877929688,983.0,973.0499877929688,979.0,8117842,404.29998779296875,405.0,402.5,404.25,6883500,358.0,359.75,355.1000061035156,356.79998779296875,10905210.0
2025-12-01,985.4500122070312,991.2000122070312,969.8499755859375,973.0999755859375,8808306,402.79998779296875,405.5,398.20001220703125,404.25,13442658,359.0,365.0,358.70001220703125,363.79998779296875,12714130.0
2025-12-02,976.0,980.4500122070312,964.9000244140625,967.2999877929688,13444314,404.25,405.5,400.5,400.95001220703125,8093808,364.0,364.0,359.6000061035156,361.75,8576018.0
2025-12-03,970.4500122070312,972.5499877929688,947.5499877929688,951.0499877929688,14051968,401.70001220703125,402.20001220703125,398.8500061035156,400.5,10772192,361.70001220703125,361.70001220703125,354.1000061035156,356.8500061035156,9504331.0
2025-12-04,951.0499877929688,952.5499877929688,944.4500122070312,948.0999755859375,13622724,400.1000061035156,403.54998779296875,399.04998779296875,403.04998779296875,8057989,357.0,359.5,354.29998779296875,356.45001220703125,9173145.0
2025-12-05,948.8499755859375,973.2999877929688,946.7000122070312,971.5,17347847,403.04998779296875,405.3500061035156,402.0,404.95001220703125,4419747,355.0,356.54998779296875,353.0,353.6000061035156,5667381.0
2025-12-08,970.8499755859375,972.5,951.7000122070312,956.4000244140625,15386438,404.95001220703125,405.25,400.54998779296875,402.29998779296875,6056866,353.95001220703125,356.20001220703125,345.79998779296875,348.29998779296875,7186158.0
2025-12-09,954.7999877929688,964.0,950.4500122070312,959.3499755859375,9580294,402.0,404.5,400.0,401.04998779296875,9426717,348.5,348.6499938964844,341.70001220703125,344.70001220703125,9143402.0
2025-12-10,960.0999755859375,963.9500122070312,955.25,959.75,6989178,401.1000061035156,404.3999938964844,401.0,403.1499938964844,6969146,347.0,347.5,341.95001220703125,343.3999938964844,8705054.0
2025-12-11,962.0999755859375,966.5,958.4500122070312,963.25,5979035,403.1499938964844,404.0,401.1000061035156,402.8999938964844,6980147,343.3999938964844,348.20001220703125,341.3999938964844,346.6499938964844,6756893.0
2025-12-12,966.0,967.0,958.0,963.1500244140625,5681930,402.8999938964844,404.0,399.8500061035156,400.1000061035156,12407516,348.0,349.3500061035156,344.75,347.45001220703125,7241621.0
2025-12-15,957.25,968.8499755859375,957.25,967.25,4416952,400.1000061035156,403.3500061035156,399.5,402.29998779296875,7756564,347.45001220703125,348.75,343.04998779296875,347.1499938964844,8169383.0
2025-12-16,966.0499877929688,969.0,958.0499877929688,961.1500244140625,4764786,401.3999938964844,405.75,401.04998779296875,401.70001220703125,12347384,347.1499938964844,349.3500061035156,343.8999938964844,345.45001220703125,8391226.0
2025-12-17,965.5499877929688,978.5,964.2999877929688,975.8499755859375,8013382,401.0,403.1000061035156,399.1000061035156,399.79998779296875,8087490,346.45001220703125,350.0,345.3999938964844,346.3500061035156,7045390.0
2025-12-18,977.9000244140625,981.4500122070312,973.5,977.5499877929688,4926879,400.0,401.95001220703125,399.8500061035156,400.3999938964844,7227668,346.3500061035156,347.45001220703125,337.70001220703125,345.79998779296875,15417500.0
2025-12-19,979.9500122070312,982.0,977.0499877929688,980.2999877929688,5376584,400.25,402.6499938964844,400.25,401.04998779296875,10654835,347.3999938964844,354.79998779296875,347.0,352.6499938964844,74052760.0
2025-12-22,981.0999755859375,983.0,972.5499877929688,974.2999877929688,5959037,401.6000061035156,403.6499938964844,401.20001220703125,402.70001220703125,6847871,356.25,360.95001220703125,353.6000061035156,359.1499938964844,10798310.0
2025-12-23,976.2999877929688,977.5499877929688,970.7000122070312,971.9000244140625,5123287,402.5,408.8999938964844,401.79998779296875,407.3500061035156,10081997,361.0,366.75,357.6499938964844,363.25,11885570.0
2025-12-24,973.2000122070312,977.2999877929688,967.5,968.9500122070312,4105643,407.95001220703125,409.5,405.6499938964844,406.6000061035156,5777430,364.0,364.8999938964844,358.54998779296875,359.20001220703125,9212351.0
2025-12-25,968.9500122070312,968.9500122070312,968.9500122070312,968.9500122070312,0,406.6000061035156,406.6000061035156,406.6000061035156,406.6000061035156,0,,,,,
2025-12-26,968.9500122070312,971.0,964.75,966.2999877929688,3286321,406.5,407.1499938964844,403.8500061035156,404.1499938964844,3152453,359.20001220703125,360.3999938964844,354.70001220703125,358.79998779296875,8589856.0
2025-12-29,966.9000244140625,968.9000244140625,961.4500122070312,965.0499877929688,5267233,404.1000061035156,404.79998779296875,401.45001220703125,402.6000061035156,6647710,358.5,362.79998779296875,357.8500061035156,358.6000061035156,10050260.0
2025-12-30,963.0,976.2000122070312,959.5,973.4500122070312,15030644,403.0,403.45001220703125,400.29998779296875,400.6000061035156,12340527,358.6000061035156,363.95001220703125,358.45001220703125,361.75,13807060.0
2025-12-31,975.25,985.6500244140625,973.5,982.2000122070312,5807630,401.1000061035156,403.75,400.8500061035156,403.0,9945109,361.75,368.5,360.6499938964844,367.3500061035156,10439180.0
2026-01-01,983.2000122070312,987.6500244140625,980.3499755859375,984.75,4328348,402.70001220703125,402.70001220703125,362.70001220703125,363.8500061035156,282626710,368.8500061035156,371.0,365.54998779296875,367.54998779296875,7214281.0
2026-01-02,984.5,1009.5,983.9500122070312,998.9500122070312,7357435,360.0,360.0,345.25,350.04998779296875,118790358,369.20001220703125,372.8999938964844,368.54998779296875,370.3500061035156,7077536.0
2026-01-05,1000.0,1015.5,1000.0,1005.5499877929688,11259060,350.20001220703125,353.95001220703125,346.04998779296875,349.70001220703125,48358124,370.3500061035156,375.0,369.1000061035156,373.54998779296875,9591926.0
2026-01-06,1007.9500122070312,1024.0,1004.9500122070312,1018.9000244140625,9575742,350.25,350.70001220703125,337.75,342.45001220703125,72582738,371.5,371.5,360.0,368.8999938964844,17493340.0
2026-01-07,1022.7000122070312,1022.7000122070312,1004.0,1007.1500244140625,7896720,343.0,344.54998779296875,339.29998779296875,341.25,29440734,367.04998779296875,367.25,359.20001220703125,363.3500061035156,10682220.0
2026-01-08,1006.5999755859375,1011.5999755859375,995.8499755859375,998.0,6854268,341.5,345.1499938964844,339.04998779296875,340.8999938964844,36706319,363.29998779296875,365.3500061035156,358.0,359.45001220703125,7353203.0
2026-01-09,996.0,1008.0,994.0,1000.5,7809460,340.8999938964844,341.0,336.1000061035156,337.1499938964844,35193201,358.0,359.75,352.20001220703125,354.1499938964844,8018768.0
2026-01-12,1008.0,1017.25,996.0,1015.1500244140625,7617922,338.25,339.5,335.79998779296875,338.3999938964844,16156143,352.95001220703125,354.1499938964844,347.6499938964844,350.54998779296875,9771562.0
2026-01-13,1022.7999877929688,1029.5,1016.0,1028.449951171875,11016895,339.0,339.5,333.70001220703125,334.70001220703125,24922339,350.6499938964844,351.8999938964844,345.6000061035156,349.75,7527115.0
2026-01-14,1030.0,1030.4000244140625,1020.5,1028.3499755859375,7370514,336.0,336.0,333.45001220703125,334.75,14913422,349.0,354.0,347.1000061035156,349.79998779296875,6249594.0
2026-01-15,1028.3499755859375,1028.3499755859375,1028.3499755859375,1028.3499755859375,0,334.75,334.75,334.75,334.75,0,,,,,
2026-01-16,1032.0,1047.449951171875,1028.4000244140625,1042.300048828125,11051580,337.5,337.5,328.54998779296875,329.20001220703125,30526898,349.70001220703125,359.70001220703125,349.6499938964844,353.6000061035156,10735620.0
2026-01-19,1035.0,1043.5999755859375,1034.0,1038.4000244140625,5460164,330.0,334.6499938964844,327.29998779296875,333.20001220703125,15507440,353.6000061035156,353.6000061035156,338.3500061035156,344.0,14364950.0
2026-01-20,1039.75,1052.0,1033.050048828125,1036.4000244140625,8905718,334.04998779296875,334.5,325.5,326.29998779296875,18771011,344.8500061035156,346.6000061035156,336.75,337.8500061035156,11541900.0
2026-01-21,1032.0,1040.5999755859375,1022.0,1028.6500244140625,7408949,326.0,329.29998779296875,324.3500061035156,324.75,14177965,336.0,343.70001220703125,335.95001220703125,339.25,9873473.0
2026-01-22,1035.0,1055.5,1034.050048828125,1048.3499755859375,12001641,326.1000061035156,328.70001220703125,321.04998779296875,324.8500061035156,18622852,344.45001220703125,351.75,343.1000061035156,347.29998779296875,10714260.0
2026-01-23,1051.9000244140625,1053.0,1025.5999755859375,1029.5,10917698,325.54998779296875,326.3999938964844,322.70001220703125,323.3999938964844,11950089,347.1000061035156,351.0,342.1499938964844,344.45001220703125,8354700.0
