,TCS..NS,TCS..NS,TCS..NS,TCS..NS,TCS..NS,HDFCBANK.NS,HDFCBANK.NS,HDFCBANK.NS,HDFCBANK.NS,HDFCBANK.NS,ICICIBANK.NS,ICICIBANK.NS,ICICIBANK.NS,ICICIBANK.NS,ICICIBANK.NS
,Open,High,Low,Close,Volume,Open,High,Low,Close,Volume,Open,High,Low,Close,Volume
Date,,,,,,,,,,,,,,,
2024-02-09,,,,,,677.5395328507874,688.2709172654594,675.033089526087,683.112060546875,56642124,972.9028503266528,997.401313514954,969.6068995994941,994.4005126953125,12799837
2024-02-12,,,,,,681.1897546934406,688.0033555217624,673.2567528222265,676.4932250976562,34447812,994.1053827736114,995.8763423051639,969.3609508231015,980.0359497070312,8050066
2024-02-13,,,,,,677.4421602188512,683.4770749934498,673.7433606505093,678.6588745117188,57580994,989.7762629977263,1010.4868382114652,984.1681747459204,1003.3536987304688,18706292
2024-02-14,,,,,,669.6796288773342,677.2232584177402,663.6204147201233,673.5974731445312,91320810,993.2690157159769,1018.997259686499,991.3012696355923,1006.2069702148438,17878720
2024-02-15,,,,,,674.0597534612269,688.903668609651,673.7433958465795,688.197998046875,41584944,1006.3545426117516,1010.0933083072188,990.3666052721892,1000.2545776367188,10069878
2024-02-16,,,,,,692.9918479710976,694.8412181662663,685.4725175238648,691.0451049804688,32175742,1006.6989262673613,1009.650485394361,1000.5005380040549,1006.7481079101562,7159395
2024-02-19,,,,,,695.4739454261017,695.4739454261017,688.7576582283627,689.682373046875,34451756,1006.8464465307476,1029.1311947979043,1006.8464465307476,1026.91748046875,9388255
2024-02-20,,,,,,688.660276266856,709.22274741334,687.1029057664576,707.7870483398438,56133508,1024.2611392299666,1035.6740431744663,1016.5868810060339,1031.8369140625,11293528
2024-02-21,,,,,,712.507885437546,712.507885437546,698.3939997287421,700.4137573242188,45893136,1039.7571099701715,1046.8409480440782,1031.0989789005582,1034.9852294921875,15946325
2024-02-22,,,,,,689.9986977762575,695.3765988884213,687.2975681948778,690.874755859375,50560882,1038.969987954932,1048.808718901475,1023.5232284095382,1045.5618896484375,13432573
2024-02-23,,,,,,692.334815015207,697.85868621692,690.1203711604371,691.3857421875,29833452,1052.7440951810236,1052.7440951810236,1040.5932878224016,1044.1844482421875,13142759
2024-02-26,,,,,,687.9546953048787,698.3210665804025,687.9546953048787,692.2131958007812,23506870,1036.116738219057,1045.1684428055735,1033.5586921778424,1037.198974609375,7875941
2024-02-27,,,,,,687.9546948776648,694.3545652339111,687.7113519923358,691.1668090820312,32087150,1033.8044994690943,1049.0052884655845,1029.6230394426907,1043.10205078125,10580973
2024-02-28,,,,,,691.1667470533215,693.1377886016653,683.3067606806109,685.9348754882812,25321986,1045.8569952406344,1047.6771362637548,1025.3432672847086,1029.327880859375,7730332
2024-02-29,,,,,,682.3820552900959,686.4215706434694,680.0459994144303,683.0147705078125,53295700,1026.22885861961,1043.5941223069317,1021.7521880889905,1035.231201171875,20944844
2024-03-01,,,,,,681.360036052442,697.2989940386686,681.360036052442,696.3256225585938,34738898,1037.986009477885,1072.3723226042753,1037.0021364831193,1069.37158203125,14909562
2024-03-04,,,,,,696.4228971703204,699.3673694975699,693.1864847071581,697.2745971679688,35616474,1063.5667080999103,1077.3409300364494,1062.6811983836533,1074.733642578125,11424581
2024-03-05,,,,,,692.0671354112525,702.2875361451739,691.8968072809968,701.2411499023438,37991672,1068.682790650156,1081.768349420518,1059.139270715041,1070.5030517578125,9222544
2024-03-06,,,,,,697.6883641851937,707.0813632922424,697.6883641851937,702.0928344726562,42409530,1062.878109231162,1095.5918883060335,1062.878109231162,1079.4071044921875,21796484
2024-03-07,,,,,,703.504204064998,706.2053335588424,701.5088045068723,703.7962036132812,49348046,1077.2917746056637,1077.3410163000535,1065.2393294461426,1070.4046630859375,9963926
2024-03-11,,,,,,695.9606385239804,703.7232526512562,692.5538381955413,694.8899536132812,50531094,1070.4046589090813,1070.4046589090813,1059.3853285611954,1061.3038330078125,13310362
2024-03-12,,,,,,697.9073192338245,712.5078907659129,695.5955620745772,710.3421630859375,65418454,1059.6804892440682,1077.1442354316735,1038.625582496139,1059.483642578125,21785435
2024-03-13,,,,,,713.2379447418698,716.2067158438075,705.7429725398497,710.755859375,63067454,1059.77885170946,1072.0772645081547,1055.8433596138777,1066.4691162109375,24855870
2024-03-14,,,,,,711.5832127948388,713.4812990740788,702.9202422173576,708.3467407226562,52432158,1062.5828370894137,1079.4070413229927,1057.7127137934276,1066.124755859375,14231421
2024-03-15,,,,,,705.6943406988961,710.2205419583659,701.9225261192986,706.9840698242188,143613804,1054.711808860948,1068.7319984843327,1052.744062948894,1062.9271240234375,66192734
2024-03-18,,,,,,704.2343003680048,708.6144722431341,698.7834435762417,703.77197265625,21437856,1057.7127049329833,1067.3054665763489,1042.9546100970365,1063.763427734375,8769440
2024-03-19,,,,,,698.6373444116205,706.8623448833252,698.6373444116205,705.3779296875,36183594,1061.0578145795118,1071.1917547663113,1057.9094689437209,1066.4691162109375,16708715
2024-03-20,,,,,,705.2320233558721,706.4973944482159,693.3568789456579,696.4716796875,43606094,1062.582825466805,1072.4215553322383,1050.2844131350132,1067.01025390625,18725251
2024-03-21,,,,,,702.0928435492851,706.3026871236781,700.0001304926251,703.6259155273438,28922860,1074.3893386064215,1082.2603227720363,1061.7465943107402,1064.3538818359375,19992607
2024-03-22,,,,,,701.3141208411934,706.0593065998343,699.7323922549797,702.2144775390625,45980326,1063.7143347625467,1076.061869046459,1061.303773813482,1072.716796875,17214415
2024-03-26,,,,,,694.5978614753975,699.8297331586394,692.1401341445468,693.7218627929688,56844290,1063.5667354159368,1071.585324555275,1059.58200164128,1066.22314453125,13367635
2024-03-27,,,,,,692.8215385852401,704.6966236214441,691.7021375713913,701.1681518554688,62168668,1066.223219242338,1074.8813504721743,1062.1402420015347,1066.2724609375,26907245
2024-03-28,,,,,,701.1680685036345,710.804469186373,701.1680685036345,704.6722412109375,55592142,1067.5022626495677,1087.2289654055658,1067.5022626495677,1075.66845703125,22070566
2024-04-01,,,,,,709.5878149173326,717.2774734382766,708.4197572494843,715.67138671875,25199570,1078.3740966909645,1085.162724605495,1076.7998037410023,1081.916015625,10848191
2024-04-02,,,,,,713.0676337207477,727.5221766350272,712.1429189199621,720.367919921875,41225446,1076.7997448394613,1076.7997448394613,1061.844923446375,1063.763427734375,14380396
2024-04-03,,,,,,716.450076374618,727.9115494819865,716.109420115624,721.414306640625,45584386,1057.663530257279,1066.1740561722456,1054.9578793659232,1059.8280029296875,15477184
2024-04-04,,,,,,731.9754091764817,744.6292393883092,731.9754091764817,743.461181640625,88935066,1067.2562910312008,1068.2894057744195,1046.2997470246664,1061.451416015625,21419689
2024-04-05,,,,,,749.0093625181328,756.5529915753328,744.7022055513205,754.1439208984375,59055902,1052.7441775200211,1068.4861465296663,1050.235253168432,1065.9281005859375,15340637
2024-04-08,,,,,,756.7719438017782,757.891344732456,750.2504026191882,752.7081298828125,20482940,1060.9594232885527,1074.1433454810406,1058.9425557038237,1069.6175537109375,8023461
2024-04-09,,,,,,756.7233723625303,756.7233723625303,749.64212991684,753.6572875976562,21884494,1074.3401972621416,1097.264488826385,1070.749156482513,1089.19677734375,12298463
2024-04-10,,,,,,754.3142814277871,754.3142814277871,746.0649220391629,747.7196655273438,27807400,1093.0337202336968,1098.5435054120717,1087.3273285870816,1091.5087890625,10598000
2024-04-12,,,,,,740.2490112702176,744.5561681914903,736.5745101656407,739.2512817382812,41084208,1085.703967727192,1093.9192841060571,1078.1281928847723,1086.5894775390625,12216657
2024-04-15,,,,,,728.8362596129997,734.8954733611977,726.1594880212867,727.4491577148438,23415248,1082.4570746408115,1088.3111913118553,1059.2376948297706,1060.95947265625,10526597
2024-04-16,,,,,,723.7016987771374,736.3068713842836,721.3899415012858,734.5304565429688,20744886,1053.2852301148173,1057.2698434841036,1045.5617314093265,1049.8416748046875,11278092
2024-04-18,,,,,,734.7981599763604,739.2026303131596,725.6728022773389,727.4491577148438,34234884,1056.6796031480021,1060.664336843005,1033.5093459321554,1038.4287109375,16564216
2024-04-19,,,,,,723.4827148610226,747.0382572891224,720.4165709168466,745.2619018554688,34576434,1035.9690203029174,1054.7118488668307,1031.1972603055262,1050.0384521484375,11284433
2024-04-22,,,,,,757.9644186413883,757.9644186413883,734.0681595769883,735.9661865234375,42298438,1061.4022313877736,1071.1424779233496,1053.0884325476727,1069.1256103515625,10346714
2024-04-23,,,,,,742.8284760660457,742.9257894510552,731.6103458842442,733.7274169921875,26827060,1082.2603648639933,1082.2603648639933,1065.239312903183,1072.6676025390625,9848215
2024-04-24,,,,,,737.3288649584306,740.613993564681,734.4331086916868,735.7227783203125,22441580,1074.6353155118281,1080.686158658188,1071.4377281688085,1079.062744140625,5461309
2024-04-25,,,,,,733.0704121681982,739.616311752735,733.0704121681982,735.260498046875,35445204,1072.4215900322672,1107.4966871577883,1072.3723483406734,1095.78857421875,19905338
2024-04-26,,,,,,739.6650141563123,743.6558134751455,732.729742335618,734.7981567382812,24854694,1094.2144193811591,1101.9377986819404,1084.9659888361693,1090.032958984375,14190059
2024-04-29,,,,,,737.3289207914913,746.7949349875348,733.216449914726,744.3858642578125,36093350,1090.1313056288498,1144.6870165205935,1090.032942347235,1141.4403076171875,28578063
2024-04-30,,,,,,744.2398024289921,749.2526892649995,737.2802320622603,739.8109741210938,52307382,1141.2434493596547,1150.6887263324581,1128.2563736745785,1131.8475341796875,29568491
2024-05-02,,,,,,740.7357142083232,748.0360004850149,739.9326708359107,745.7242431640625,33475006,1124.5668940413143,1136.8653071432534,1114.9741318218018,1121.0740966796875,25118334
2024-05-03,,,,,,746.2108990812835,749.7880273318675,733.5327119903678,739.567626953125,31865242,1122.8942974020772,1138.734628603609,1117.1385442991193,1123.6322021484375,19933604
2024-05-06,,,,,,740.7357053714223,746.819277196089,738.3752913854279,741.0520629882812,28793396,1123.1403237344898,1139.767682131019,1119.7458896646774,1127.813720703125,14970524
2024-05-07,,,,,,740.7113274497933,741.7334150168236,732.0483570497901,733.021728515625,28480602,1129.4369636309043,1134.1596020771042,1108.1362092373274,1113.6458740234375,15097728
2024-05-08,,,,,,728.0574791574124,728.5441648774708,720.465193806477,721.5845947265625,41687862,1108.3822015675178,1113.7442614996105,1098.0515348309932,1104.889404296875,19913090
2024-05-09,,,,,,717.83709973452,723.5800151607533,703.4069152466064,704.4776000976562,46281278,1102.4790338657724,1110.6451084134283,1092.0991247743116,1097.7071533203125,12229853
2024-05-10,,,,,,709.9042861034679,716.2929072582592,703.8856637079383,709.3616333007812,27276608,1099.9700317150034,1110.6942716080541,1094.1160353113987,1099.035400390625,8573656
2024-05-13,,,,,,706.4509373389452,720.1655815796556,705.6122976051453,717.9208984375,27047202,1094.4604418124766,1112.4161255815404,1088.8522931770124,1109.808837890625,9707983
2024-05-14,,,,,,716.4408878596623,722.9775322143812,715.4789152317669,720.7328491210938,25665142,1107.7427007496667,1109.7104468669584,1100.5112577889583,1102.47900390625,8944262
2024-05-15,,,,,,720.1161379403006,720.1161379403006,708.3255604595557,709.6575317382812,38931996,1104.003936981434,1109.612085486358,1095.5426526828924,1106.2176513671875,10743423
2024-05-16,,,,,,713.3822271543565,721.5221990437014,708.1775543730138,720.3875122070312,34945236,1114.7280745625576,1118.220871645328,1094.8538886172073,1112.8095703125,14265565
2024-05-17,,,,,,713.4562165510583,724.210870736283,713.4562165510583,722.286865234375,20920190,1112.8096108108375,1125.5507181902365,1102.528065843281,1112.2684326171875,8641784
2024-05-21,,,,,,715.380219686854,725.0495080646152,715.380219686854,719.6722412109375,43769978,1104.1022778238569,1115.5153011731006,1098.2482812745363,1102.8724365234375,10452900
2024-05-22,,,,,,719.2035821431577,723.0269026870767,714.4182889056816,719.8695678710938,39996278,1106.857133236162,1107.742642963088,1080.3909253188892,1093.1812744140625,17527411
2024-05-23,,,,,,719.5982164877166,737.8514873644924,718.808897899437,736.3468017578125,40861920,1097.5596331640875,1118.6636621265907,1093.4765359706398,1116.2039794921875,13787687
2024-05-24,,,,,,733.8308016870678,749.814758588212,733.0908042399884,748.4827270507812,31060206,1111.7764420624583,1116.6958068503454,1106.0208092809664,1113.6949462890625,6312670
2024-05-27,,,,,,751.5168000055969,762.1974428837648,749.3955099218479,753.6627807617188,29385440,1113.6459433951586,1129.2895491082788,1103.4628812192523,1111.579833984375,11599857
2024-05-28,,,,,,754.8467837037828,757.7821433020647,752.2321619595608,755.0441284179688,27908904,1114.2361779831701,1116.8925870555686,1106.8571304468578,1108.775634765625,9311718
2024-05-29,,,,,,748.8774560751649,751.763434227272,740.6141508121484,744.0921630859375,35147706,1097.067741329381,1105.4306626270395,1080.7845935856149,1084.2281494140625,19268547
2024-05-30,,,,,,739.6027730570852,751.6400771573121,738.8381451452329,747.3234252929688,33755350,1079.308747806472,1102.9217012680538,1079.2103845207203,1095.7393798828125,15255387
2024-05-31,,,,,,749.370736784836,757.7573743920395,746.9040786650703,755.5620727539062,74079588,1099.970086377496,1112.366862972861,1093.328943190512,1102.970947265625,26197718
2024-06-03,,,,,,788.8373406823981,788.8373406823981,764.6640888415991,775.6160278320312,72637256,1151.1314549939386,1154.0830741093077,1117.974981638635,1141.292724609375,25699977
2024-06-04,,,,,,768.1173430540747,769.1040063078372,717.304185485308,731.684814453125,89531240,1139.2266772303517,1140.70248686833,1036.5595441020037,1054.1707763671875,43476837
2024-06-05,,,,,,737.062160780223,769.4000136473305,731.2901444599279,765.5520629882812,81631650,1067.5022525173526,1105.1353964425034,1034.0998107211954,1090.7708740234375,42172104
2024-06-06,,,,,,772.0147015010076,772.2859977724349,762.9867083301413,769.4493408203125,46422870,1099.9699641517404,1099.9699641517404,1078.9150588855664,1092.4925537109375,18574162
2024-06-07,,,,,,770.1154063679018,781.6099978301712,765.6754214599775,776.183349609375,36712216,1092.4926581643756,1110.104009770429,1085.8022733872265,1103.6103515625,17197635
2024-06-10,,,,,,776.5039961939522,779.7846636223554,768.4133453075493,770.2387084960938,22454058,1098.0022563128857,1114.9248236920885,1097.1167466019742,1105.676513671875,10851455
2024-06-11,,,,,,767.6240504407497,775.0240252200629,765.7493660748642,771.9653930664062,29545326,1101.691799247928,1110.8418662508757,1093.0829104393374,1100.166748046875,12250002
2024-06-12,,,,,,776.9973227739393,783.5586575880445,772.7546827700062,776.5780029296875,39280436,1102.9216850641683,1115.1217348604168,1094.0668276461688,1101.4951171875,16096514
2024-06-13,,,,,,780.3273770852536,782.2760131134276,776.5040566032491,779.8340454101562,24120192,1104.1023123749185,1105.0861854460427,1087.1797435922592,1089.4918212890625,12494254
2024-06-14,,,,,,781.4372796414563,788.8372538804852,778.3292663726063,787.80126953125,25540554,1096.0345294527124,1096.0345294527124,1081.719129164698,1087.8192138671875,11377979
2024-06-18,,,,,,787.8013228802739,794.5106212671108,784.1259659599784,793.1786499023438,32415714,1095.9853271941342,1116.7451444635597,1083.4409459075023,1104.7418212890625,18306176
2024-06-19,,,,,,795.941305047812,823.8145435842582,791.3039754417663,817.869873046875,90131196,1109.75950368303,1146.75322461017,1107.9886043418487,1125.993408203125,34309514
2024-06-20,,,,,,823.7651872236406,829.5124525875813,814.983860042712,823.5431518554688,41408742,1135.4387582520144,1141.2927549457575,1117.1878648628515,1138.1444091796875,15475933
2024-06-21,,,,,,825.2697933574087,825.2697933574087,810.6178682451445,821.7671508789062,51630776,1144.7856018547059,1151.0331720647125,1132.0936147522461,1139.964599609375,69259425
2024-06-24,,,,,,812.5172157896385,826.3798229097616,811.9005512360641,825.0478515625,28544994,1136.0290674652065,1156.6904019928488,1134.0613213197169,1151.2298583984375,12210295
2024-06-25,,,,,,824.4065232844747,847.025767804676,824.4065232844747,844.2631225585938,74521548,1151.3775003551193,1186.550963835312,1148.819454304172,1178.6307373046875,27309845
2024-06-26,,,,,,842.5857736709851,844.041138181783,834.2731473521208,839.40380859375,47596666,1182.6154524579229,1203.1291823342124,1174.59686276576,1198.357421875,25403461
2024-06-27,,,,,,836.7397746618053,845.0770913433391,832.0531241260426,836.7644653320312,55074650,1208.5404862113423,1215.0832662808862,1189.600929226802,1200.226806640625,20516632
2024-06-28,,,,,,837.4797542547091,841.9197388781129,828.3037980772367,830.6718139648438,26476046,1207.2121725758393,1207.2121725758393,1177.0564410661386,1180.2540283203125,12507092
2024-07-01,,,,,,828.7971921822882,842.2651706437105,828.7971921822882,841.2291259765625,21187024,1180.25407382428,1195.7500741919466,1172.8259044392062,1192.3065185546875,8636894
2024-07-02,,,,,,846.0637432263002,855.8810546817267,840.0204307746837,853.7597045898438,45921690,1197.37356592243,1197.37356592243,1166.430804884834,1171.3992919921875,16153925
2024-07-03,,,,,,883.5570176331604,885.0370126375711,870.5577402219837,872.5310668945312,123217802,1177.54840489326,1196.24199235147,1160.428990253299,1182.2218017578125,22330897
2024-07-04,,,,,,868.1404005851939,868.1404005851939,850.9231133709549,852.0578002929688,45848658,1209.179986290108,1215.033982934888,1194.7171004020095,1213.115478515625,15275791
2024-07-05,,,,,,831.2638253093144,831.2638253093144,810.1492067263514,813.0598754882812,82242548,1205.2444756355717,1222.5606171427328,1201.1613784936928,1213.509033203125,9535575
2024-07-08,,,,,,811.678583484828,816.4391857049037,802.7246020410699,806.7698974609375,39087800,1209.0816030717467,1219.5106332770943,1197.2751265898385,1215.1324462890625,6617190
2024-07-09,,,,,,801.6639054458949,812.3691778178521,799.369901303005,807.3372192382812,48550878,1215.0339475267522,1230.038011199292,1209.4751610015549,1228.1195068359375,13366874
2024-07-10,,,,,,804.1059188594888,809.0639261539534,799.5672916548901,802.2066040039062,45507182,1232.5470372074883,1232.5470372074883,1216.4114942007566,1223.1510009765625,18226503
2024-07-11,,,,,,801.1458762280633,802.0832183690328,789.8239394111588,800.1345825195312,44177074,1226.2501602309792,1237.5155787915146,1205.2937361837155,1218.4775390625,11307116
2024-07-12,,,,,,800.1839277769812,808.2745787950348,794.8312914757237,800.5292358398438,56049960,1215.9687089511149,1232.6945505595163,1210.2621973028672,1213.01708984375,12208290
2024-07-15,,,,,,800.9239527377698,804.031966294815,796.8292758573642,800.2332763671875,33375694,1213.213848187686,1218.4775450466864,1204.309869041595,1210.1146240234375,15612671
2024-07-16,,,,,,799.5673062806881,802.6506292263948,797.6186702674619,799.073974609375,28950324,1210.1638079399554,1224.9219031587354,1209.1799349253702,1219.9041748046875,12320605
2024-07-18,,,,,,793.2772787604164,801.1458943462288,788.9113057816174,796.6319580078125,33717064,1214.984806208363,1236.187197550179,1211.8363405098085,1230.136474609375,10999632
2024-07-19,,,,,,797.2239682199486,800.6772898644657,791.0573224261681,792.9320068359375,26002152,1223.9381496090357,1230.333324828054,1220.2486254442174,1228.51318359375,7958817
2024-07-22,,,,,,797.7172520784763,814.4905276323838,795.5712715150735,810.3218994140625,53744822,1220.002555200142,1225.2171302912695,1213.0170807189304,1221.134033203125,9958965
2024-07-23,,,,,,812.7885887086006,812.9119216218081,791.7973027922226,798.407958984375,52002152,1221.1341050565184,1228.5131532036169,1192.9461171142627,1206.96630859375,19369832
2024-07-24,,,,,,793.3513220807449,799.6906218755655,783.4353677463822,791.3286743164062,61728206,1205.2444794873966,1213.7550053424823,1182.6646411572679,1203.2767333984375,20122521
2024-07-25,,,,,,785.8773432331659,801.6639565310072,785.8773432331659,797.5199584960938,25535732,1186.0589540798987,1198.6033353860112,1171.3992217096722,1178.58154296875,14154461
2024-07-26,,,,,,791.7972838101718,800.0605887969758,787.5792741911353,798.2846069335938,43810540,1170.808877642708,1200.3250678353813,1166.824143926023,1187.7314453125,19309265
2024-07-29,,,,,,796.7306475152811,805.0432741154053,788.4920327099303,791.822021484375,51001148,1195.5532610278044,1222.708130922957,1184.7306583803272,1193.1427001953125,28458261
2024-07-30,,,,,,790.3172853310259,806.4738965011826,788.8372904146756,797.001953125,54595834,1193.4379877337221,1211.0000973333736,1184.976703679443,1189.9451904296875,23972277
2024-07-31,,,,,,796.237255579839,803.0945773220608,793.8692396532248,797.1005859375,37820484,1199.341350948273,1204.9002581785046,1191.4703658723204,1195.3074951171875,22297629
2024-08-01,,,,,,800.627938629233,814.0219048337823,798.1859108540549,808.471923828125,26215174,1192.946036063854,1202.9323712314479,1187.4363711753606,1190.584716796875,8725046
2024-08-02,,,,,,804.6238722852388,824.1104712768188,804.6238722852388,818.5111694335938,44119238,1177.69611282763,1182.271146810082,1170.9073643473816,1177.25341796875,10735395
2024-08-05,,,,,,809.1131991555811,812.02386783421,789.8239443515008,797.1005859375,41333634,1162.937883324056,1169.7266310287719,1148.1797883580148,1153.689453125,14306771
2024-08-06,,,,,,804.1305829139676,805.5858871810888,786.0253355957136,789.922607421875,45116050,1156.0508158159441,1168.5459553164283,1142.768529846995,1148.0322265625,13575619
2024-08-07,,,,,,797.7172336137804,804.130544706532,790.415901512036,800.9238891601562,42346264,1159.9371674712932,1160.7735557051485,1142.8669928495083,1153.5419921875,15753644
2024-08-08,,,,,,801.1705962949537,815.6252376687839,798.8272709671206,810.3958740234375,33976950,1148.13068131111,1155.4606080648502,1140.210574811538,1145.818603515625,10806438
2024-08-09,,,,,,814.9838462106346,820.1885189537674,811.9252142176729,814.0958251953125,26644618,1157.5758097480823,1161.9047548052447,1150.1475206629223,1152.70556640625,8687307
2024-08-12,,,,,,814.9838840860709,826.7991529902637,812.6898798741655,818.9798583984375,39316196,1162.0336803927066,1169.228167312303,1147.1485350418181,1163.8199462890625,10860455
2024-08-13,,,,,,803.1438891669751,805.314560371115,789.8979470194763,790.9092407226562,54055042,1174.1402001247322,1180.143923785119,1154.6903013699869,1159.4039306640625,13117927
2024-08-14,,,,,,792.5372946697382,796.0892584565494,790.9092761384464,793.1786499023438,32334428,1158.0642597488902,1161.090954297597,1144.1714580038308,1152.7552490234375,13431801
2024-08-16,,,,,,803.3906439659711,806.1779800129083,794.757339532809,805.1666259765625,27849246,1161.0412636212889,1183.8651517095705,1156.7245959708455,1178.1591796875,10961370
2024-08-19,,,,,,807.9045746403995,807.9045746403995,801.0225621096914,804.895263671875,19502164,1181.8804727263328,1186.5941018157116,1164.3160506791048,1166.8961181640625,6686394
2024-08-20,,,,,,802.8726105839366,812.0239372458545,802.8726105839366,807.9292602539062,31134494,1165.2091443736933,1180.6897926432184,1161.041352076898,1170.4189453125,10427061
2024-08-21,,,,,,803.1932814957441,806.3753069063249,798.1120014172305,802.0586547851562,47630904,1167.9876876109618,1169.625077755297,1156.178781920312,1165.8541259765625,17234142
2024-08-22,,,,,,805.1172807347715,808.2252943260683,803.1439540663039,804.77197265625,21300638,1172.9494391539793,1183.468250844818,1167.5907626667606,1181.979736328125,8564142
2024-08-23,,,,,,806.1038926835937,806.1038926835937,800.6772446912317,801.6885986328125,20333422,1183.8651886303296,1195.7733045260243,1179.449310773257,1194.2847900390625,7518309
2024-08-26,,,,,,805.2159251748899,812.9858989531632,805.2159251748899,809.0392456054688,22364266,1196.3191076607097,1205.647034605679,1191.8535643266057,1204.009765625,10920226
2024-08-27,,,,,,810.7412543536698,812.714580974844,805.2159036816922,807.9539184570312,35773244,1204.0098351320562,1223.0627726699063,1199.6435016150756,1216.9598388671875,16295325
2024-08-28,,,,,,807.9539173658313,808.9405806750858,804.2292392849356,807.6332397460938,26921188,1213.2882407138438,1217.009527109644,1207.9792296829603,1214.47900390625,12291305
2024-08-29,,,,,,810.0505418236547,811.2345497877237,804.6979056469421,808.3485717773438,49052604,1209.6164607584685,1225.5436144859966,1207.681440347739,1212.5439453125,10806748
2024-08-30,,,,,,816.9572296027775,819.9172195651064,799.7646332824804,807.5346069335938,445342100,1220.5818867193016,1226.0894388087463,1209.5669036760319,1219.7879638671875,21211148
2024-09-02,,,,,,812.4185353190471,812.4185353190471,800.7758609185206,802.6258544921875,34049680,1229.5129791826912,1229.7113993287953,1213.1393196536237,1220.5322265625,12516759
2024-09-03,,,,,,806.1039427589494,809.0392420850643,801.466613051357,807.756591796875,37282860,1217.8033299887798,1241.371477184039,1211.055469999512,1238.1463623046875,19114907
2024-09-04,,,,,,808.5705516272349,811.4318992052836,805.1172301742814,809.951904296875,24682744,1230.3565014424944,1234.176997942738,1223.3605556490777,1226.88330078125,13505843
2024-09-05,,,,,,812.0238589250097,813.947864316631,810.0505324148638,811.7525024414062,22876318,1228.5206798050983,1235.3182053814185,1221.8720299114532,1226.486328125,9142811
2024-09-06,,,,,,808.2252499925564,812.8872099026286,806.1532209716318,807.5592041015625,26029602,1216.5628019074484,1224.4520011114125,1195.7732653744783,1198.899169921875,10170479
2024-09-09,,,,,,808.0772497858858,813.2572321563082,804.1799176724811,812.2705688476562,23792914,1193.6893937018356,1228.8183593866072,1191.2580807218426,1225.5435791015625,13863250
2024-09-10,,,,,,815.9705333718649,815.9705333718649,808.0772271240113,814.1698608398438,26606646,1227.4786328440832,1231.844966297702,1217.6048683884173,1227.8260498046875,15545130
2024-09-11,,,,,,814.1945707781381,815.2305552034559,808.6692201411954,810.9879150390625,22226684,1222.0704612349368,1229.8107854485313,1217.009535927106,1226.88330078125,11993242
2024-09-12,,,,,,815.970556634334,823.8638631072175,812.541925723635,822.1865234375,32424046,1228.520699503871,1247.3752175091806,1216.9598787103319,1242.5623779296875,15376442
2024-09-13,,,,,,825.8371886289187,825.8371886289187,817.4752411837702,821.8658447265625,23860532,1242.4133910945052,1246.333097348584,1232.5396270556282,1240.7760009765625,9877288
2024-09-16,,,,,,822.383822656841,827.7118283198007,820.9285184448568,824.3324584960938,15172820,1241.4210578615323,1255.9092410243197,1235.169248684242,1253.1802978515625,8973335
2024-09-17,,,,,,827.8104775064535,827.8104775064535,820.9778464556504,823.2718505859375,20127122,1250.302517024621,1262.508384404533,1248.7644580527592,1258.39013671875,11513121
2024-09-18,,,,,,824.7764529489335,838.1210972952287,824.4064542356848,836.0984497070312,40917342,1252.3368930345305,1285.4315085718288,1252.3368930345305,1278.485107421875,12466597
2024-09-19,,,,,,838.2691083056365,848.0370989791965,838.2444778560398,842.8571166992188,30651776,1278.4851014958492,1290.0459218689532,1275.5080724453824,1282.107177734375,13172268
2024-09-20,,,,,,846.8037464482039,860.8390072921377,842.3884524296358,858.989013671875,60623386,1285.0841618950908,1351.9184375163336,1281.6606270608918,1328.201416015625,73257767
2024-09-23,,,,,,862.8370939539058,871.3963864151646,858.5204418257773,868.1651000976562,26965350,1320.80849505564,1321.60241788708,1298.4807781970735,1311.7781982421875,11380409
2024-09-24,,,,,,870.7303607683197,878.9443447710721,865.4270455398441,872.2350463867188,33039036,1310.8850653274296,1321.2054564579635,1305.377513381459,1308.50341796875,13886037
2024-09-25,,,,,,868.3376691203036,882.0769427901153,868.3376691203036,877.686279296875,31965312,1300.7135877579847,1317.583418764573,1300.0685405806087,1313.7132568359375,8728019
2024-09-26,,,,,,874.7017352717152,882.0770195965482,872.2350769395101,879.8323364257812,31899644,1309.892782398436,1323.1405374478413,1306.8165432729581,1318.87353515625,11100869
2024-09-27,,,,,,876.6503084858455,877.2422823547212,863.3303544458242,864.6376953125,35613502,1322.793216287465,1322.793216287465,1293.8663936696585,1296.5953369140625,17117379
2024-09-30,,,,,,862.738402689165,864.0456833682003,850.701098537286,854.47509765625,26383534,1282.2064133181361,1286.870498271365,1261.168789397214,1263.252685546875,12622212
2024-10-01,,,,,,850.5037447767241,859.3837142697525,848.5797393423385,851.5890502929688,24572284,1260.0772141126831,1270.4471502080723,1257.8939867892805,1264.6419677734375,10972413
2024-10-03,,,,,,846.3844351066934,851.5644172954591,825.5164827720641,829.7838134765625,48473398,1244.0011592918727,1256.0581509565811,1238.5929384016897,1246.7301025390625,17648551
2024-10-04,,,,,,826.083866681385,834.0511850540141,815.4772359655595,817.771240234375,48683232,1237.5508987809962,1254.7184806872842,1226.734336136113,1230.2572021484375,13488887
2024-10-07,,,,,,815.0824984433904,818.4371776300311,795.7439225540929,798.1119384765625,94458296,1232.0434743858432,1253.2795172340534,1215.6201496244253,1224.4520263671875,20667247
2024-10-08,,,,,,804.1306032900168,817.3519158252083,800.1839500223357,814.5152587890625,29734406,1231.4976811477177,1238.245662101406,1220.3338222332038,1227.13134765625,12219259
2024-10-09,,,,,,813.7505304861846,817.3271848335777,803.4892084079638,805.6845703125,41125642,1233.5319821121263,1255.4130720043904,1223.2115909568488,1234.62353515625,14765997
2024-10-10,,,,,,808.5705299330368,821.6191272702827,805.363874384187,820.114501953125,21754766,1237.2036303622588,1245.0927087268437,1228.520629146562,1233.978515625,9118195
2024-10-11,,,,,,821.1258260358886,821.1258260358886,810.6672193318118,814.4905395507812,23672594,1227.528300150437,1231.299252032795,1212.6431550394777,1213.635498046875,8472512
2024-10-14,,,,,,816.9819085005773,834.741848018609,815.9705545228965,832.7931518554688,18527508,1211.6507942721546,1228.4214150784755,1208.0783837250117,1222.3184814453125,11833929
2024-10-15,,,,,,835.7038196244212,837.6771462351046,826.5771840500105,830.81982421875,19651130,1229.4632721003522,1248.6652054451272,1225.9405272443164,1245.8865966796875,11657338
2024-10-16,,,,,,828.8465156450762,842.585790426718,828.8465156450762,838.565185546875,20470682,1238.9402364127245,1245.340800313192,1232.0930454805564,1233.6312255859375,7869727
2024-10-17,,,,,,836.1724403142362,837.5044718768119,821.4958240034423,825.4178466796875,14695732,1239.8829828601924,1247.3255557801638,1215.024861988864,1221.8223876953125,8459497
2024-10-18,,,,,,820.4598702584595,834.2238355924767,816.0198853262701,829.7098388671875,24809724,1218.547563181441,1259.1840825393742,1215.8682854811916,1254.8177490234375,11018126
2024-10-21,,,,,,846.063768270474,862.4177242903107,844.1151323678729,852.8223876953125,46548354,1254.8177669815936,1262.607635574402,1240.9746301061532,1249.4095458984375,7742775
2024-10-22,,,,,,853.4884373802005,858.3970631644344,843.9424218629189,845.841796875,38875280,1256.9016668439735,1275.0615928812024,1250.1041412654479,1257.7947998046875,20090801
2024-10-23,,,,,,841.1551854708522,861.603759041874,841.1551854708522,856.3251342773438,38036090,1251.3445279562577,1258.2412633793258,1233.5320194899548,1242.0164794921875,14055447
2024-10-24,,,,,,857.4597103207274,872.5310159915173,857.4597103207274,863.15771484375,30832258,1240.6768573006573,1250.7987076222266,1231.547349996325,1243.15771484375,12223031
2024-10-25,,,,,,865.7970368926951,867.2030200365818,852.8223905419693,860.0744018554688,26130478,1237.6998715609657,1259.184122863092,1224.7497462785968,1245.8370361328125,13546055
2024-10-28,,,,,,859.383716444917,863.8237012026692,852.9210840084185,855.5357055664062,22012142,1275.6569864282283,1297.7862848220739,1270.794481272672,1282.95068359375,24096412
2024-10-29,,,,,,851.5644426318723,870.2370336046123,851.0464203091243,864.2430419921875,35794926,1291.3855165608227,1325.1251779791885,1289.3016205238707,1321.6519775390625,20656117
2024-10-30,,,,,,859.3836983279829,865.6736766021975,850.6023712370916,855.7330322265625,32715724,1313.8621457191011,1320.7093367177222,1295.6030101013187,1302.1029052734375,15055031
2024-10-31,,,,,,852.4771270596069,857.8544543150349,848.2344867353692,856.2757568359375,22895912,1297.2403694104125,1308.8507339009743,1278.6836040126998,1282.355224609375,23497314
2024-11-01,,,,,,854.9437133825962,860.4196824223525,851.5397130969706,857.0650634765625,1759692,1280.0727600114117,1286.2749035463628,1276.4011394929669,1281.90869140625,1007022
2024-11-04,,,,,,860.8637106769045,860.8637106769045,844.0411138190809,845.6197509765625,28089248,1280.221658871375,1281.908714624808,1260.3252547322475,1267.42041015625,14309121
2024-11-05,,,,,,840.1437747820238,869.5956493162819,837.6277954866241,867.2030029296875,44232406,1263.2526375453915,1291.3359928673021,1253.4284176295798,1286.7711181640625,16431920
2024-11-06,,,,,,873.9369881601011,873.9369881601011,861.0363539084846,865.9203491210938,27787910,1290.2940335374446,1304.9310933295442,1282.8017951557133,1292.3779296875,12037405
2024-11-07,,,,,,860.5184217555121,868.7323455565536,857.4104082699865,861.62841796875,18895456,1287.2177364325325,1292.824498565034,1265.4854006783698,1268.908935546875,9909035
2024-11-08,,,,,,864.3169963876733,869.15167034177,861.2829948869464,865.525634765625,19902986,1260.2755859661174,1265.2373008714958,1243.108003939261,1249.2109375,11195808
2024-11-11,,,,,,865.5750573030832,879.5116762015548,863.9223481240455,871.3717041015625,24565362,1252.3369021242906,1266.1304944492979,1237.1044608620273,1259.5810546875,8387780
2024-11-12,,,,,,874.1837241378527,875.6637191561447,842.931174712482,847.6424560546875,31395406,1266.3785236970411,1285.084164724792,1254.817703702316,1260.8709716796875,13486168
2024-11-13,,,,,,846.9270867373347,853.1677439816382,825.3438276461692,829.463134765625,35728500,1260.8709623351128,1266.477724382224,1240.4287212362626,1244.100341796875,12260404
2024-11-14,,,,,,825.39317914741,841.05645917869,824.8998474928816,835.087158203125,27146470,1244.149990424334,1257.993126310203,1233.5319691696748,1247.325439453125,9506892
2024-11-18,,,,,,838.6637692715708,847.987749103584,836.1971111266544,841.1797485351562,27081968,1250.3521900785158,1252.9322576721884,1239.8333784208526,1243.852294921875,6195554
2024-11-19,,,,,,845.5704607570133,865.1803941380466,839.9957889401087,859.507080078125,50981272,1247.4248442373848,1251.3445507199667,1231.3488145998942,1239.53564453125,11537317
2024-11-21,,,,,,863.0343691875372,867.7703408111802,855.5356922473849,858.989013671875,35716512,1238.9899233393824,1247.2759633109613,1223.1124350544421,1240.974609375,9593870
2024-11-22,,,,,,860.148374275574,865.4516892160756,853.2417315623627,861.15966796875,24773612,1248.3675121917486,1271.588362957257,1246.3828261628269,1268.2640380859375,11604338
2024-11-25,,,,,,880.6216480727867,889.7482832055338,870.6810037082952,880.8929443359375,427737274,1286.0765977985961,1301.160163762971,1280.1225394754547,1290.9886474609375,22717581
2024-11-26,,,,,,892.9302818593218,892.9302818593218,873.0983737208503,880.8683471679688,30935566,1300.5647702425501,1304.1868465830694,1292.4771502005863,1294.9580078125,7646955
2024-11-27,,,,,,883.0143007972586,896.5562300169572,880.6709755435701,894.06494140625,32714976,1288.5573723920809,1300.812784090288,1287.9123252215186,1290.740478515625,21938082
2024-11-28,,,,,,897.3702251985009,905.8061839354122,882.07694483503,884.6176147460938,35722392,1291.0878806767676,1300.4654733696732,1272.4814498292426,1276.5003662109375,22803745
2024-11-29,,,,,,888.6383310231244,890.2662893460416,879.561016559754,886.04833984375,27669536,1273.275310189296,1293.2710463550777,1273.275310189296,1290.1451416015625,11397228
2024-12-02,,,,,,889.7236388960249,892.0176431336934,875.6636867426915,890.3156127929688,15110876,1289.946649219065,1300.5151260626694,1279.2789623057151,1294.6602783203125,9626400
2024-12-03,,,,,,899.1955156163089,906.4475265301775,895.9395389832724,900.9715576171875,43410242,1293.9655928118616,1302.747925178162,1286.1757245707627,1298.381591796875,11509276
2024-12-04,,,,,,906.7435619082082,920.0635162996781,903.3642521901575,917.6461791992188,44669084,1292.625936747851,1309.8927287632168,1291.7328038420255,1305.9730224609375,11570281
2024-12-05,,,,,,917.596875706611,927.4388181075851,905.3622266087298,920.4335327148438,39682714,1306.171532833215,1332.6174992065928,1298.5800843127004,1326.2664794921875,19210697
2024-12-06,,,,,,916.1168429341786,919.6688066050771,909.7035317020062,915.5494995117188,17783156,1332.2205223736623,1336.7852761002946,1316.5414539912906,1318.5758056640625,8942672
2024-12-09,,,,,,914.4642517338581,927.4635290462065,912.1702474502318,922.5302124023438,26947912,1311.9766296210685,1318.8734860133875,1310.1408193352056,1312.1751708984375,8000764
2024-12-10,,,,,,926.3288062229569,926.3288062229569,916.881553393078,921.5928344726562,13325480,1308.9004164217674,1321.8008754160685,1305.1791301734115,1320.2626953125,8218214
2024-12-11,,,,,,918.4354833328279,923.4675021564423,915.9935158212785,919.1261596679688,14045426,1314.5567183054773,1321.0566133833202,1305.9233826947975,1317.3353271484375,8138066
2024-12-12,,,,,,913.1568815747593,921.864197216933,912.0221946944998,917.2268676757812,17293790,1311.4309069614158,1328.4991576758143,1311.4309069614158,1319.0718994140625,9076896
2024-12-13,,,,,,918.8301759997277,924.9968214762359,902.4268990322158,923.3934936523438,19009002,1315.201818050664,1336.8349446817394,1303.4425773055236,1334.6021728515625,13536684
2024-12-16,,,,,,920.1128492893367,922.5054957499956,915.2535445762154,920.1621704101562,13107082,1334.6020835708346,1340.1095143687996,1329.7892443970975,1335.7928466796875,9071006
2024-12-17,,,,,,915.7962178924912,918.7562078618506,901.0702798391582,904.4002685546875,21079532,1331.7243053318298,1337.7775734016686,1315.8964829440192,1323.5374755859375,9879257
2024-12-18,,,,,,902.7229483325016,905.7569501607671,891.5243434620028,893.275634765625,23422312,1315.1026301384318,1324.728309292061,1297.4388753521955,1304.087646484375,8510595
2024-12-19,,,,,,887.7995941182149,888.5395915672278,877.6369745293333,884.790283203125,25380770,1276.1531316977298,1293.0229631431896,1274.614951552865,1277.0462646484375,11517304
2024-12-20,,,,,,879.2156362475025,886.7883251977108,871.7417099804251,873.93701171875,25692348,1274.1187908536028,1287.8131731856893,1262.657301485049,1278.5347900390625,58491181
2024-12-23,,,,,,879.1169941259847,890.956953642833,878.7716860618692,888.4902954101562,11044592,1284.736921667357,1296.992333800165,1277.1951389037538,1286.8704833984375,6827512
2024-12-24,,,,,,889.0083275055933,892.2889348142179,882.8416818560752,887.0596313476562,14485834,1286.8705106850512,1294.5115036860577,1280.3706152786017,1287.3170166015625,7138516
2024-12-26,,,,,,887.2816657547127,893.916952377888,878.5003382709294,883.4336547851562,10481678,1296.9922716557783,1302.6982437766815,1279.3285182011693,1287.4161376953125,7338444
2024-12-27,,,,,,885.4316968356189,890.9322967259654,882.6196702111419,887.1336669921875,7259330,1288.6071205266592,1305.8737927483876,1288.6071205266592,1297.5382080078125,4756066
2024-12-30,,,,,,884.1489668763874,895.3969526845203,873.6903598921683,877.0943603515625,22222218,1294.957999087405,1316.343040012265,1279.576681997175,1284.7369384765625,14207425
2024-12-31,,,,,,873.3450067875037,879.0183205202264,871.0263119988338,874.6029663085938,14117236,1277.0462265132433,1280.0727999714104,1270.2982456823183,1271.83642578125,8449607
2025-01-01,,,,,,874.8989910757854,885.0369805772112,868.80635723923,879.4869995117188,7313806,1271.8364809130148,1283.0995501851953,1257.3978412327829,1273.8211669921875,4705399
2025-01-02,,,,,,876.699651347947,889.6989281059142,874.6770036544534,884.9136352539062,18558576,1275.26000882058,1283.4965044573805,1268.6113589467466,1280.7178955078125,7433222
2025-01-03,,,,,,883.5569553072743,885.6536147489581,861.5050553855514,862.9356689453125,24426194,1276.3514823434055,1278.1377481475479,1252.5849166143184,1255.363525390625,11194997
2025-01-06,,,,,,858.4463541498661,866.8823129474961,841.5251154360177,843.84375,18816348,1258.3406039432266,1267.9662826986646,1247.3751652140256,1254.4207763671875,7504047
2025-01-07,,,,,,846.063732614296,849.0237223493897,838.6637582765616,845.2744140625,13527906,1256.8024602237333,1279.0805130186131,1256.8024602237333,1269.454833984375,7539758
2025-01-08,,,,,,842.7338203435289,844.4111600559388,830.4498497882179,835.8518676757812,19738190,1270.7448974492877,1275.1607754157394,1242.7607517198803,1254.073486328125,7566309
2025-01-09,,,,,,830.844525028491,833.237171528912,817.9932112311335,822.778564453125,40420222,1248.3675530849682,1255.0658686519982,1238.543332692866,1252.73388671875,8684920
2025-01-10,,,,,,824.3571854708366,826.2811909461473,815.9705474379197,817.3272094726562,17453280,1249.359870144571,1255.264262696962,1233.5815917988612,1240.2799072265625,7854524
2025-01-13,,,,,,809.0639234971638,812.3939122066796,801.3186405131205,804.5499267578125,21669066,1225.4444532249365,1234.4250851207983,1215.5210227528514,1220.3338623046875,9669336
2025-01-14,,,,,,809.0145872775671,817.0558570637163,807.5839134440961,812.3198852539062,26661432,1223.9062438907645,1235.3181886617992,1218.0513958245872,1230.8031005859375,10342698
2025-01-15,,,,,,817.2038902170349,820.2625224034592,807.2386148292592,810.568603515625,14022892,1224.551219155373,1234.8716102214069,1220.5818472942535,1228.7686767578125,5355382
2025-01-16,,,,,,815.4032351586193,819.2019251337407,810.4699184801376,815.0086059570312,21212454,1235.56627244332,1245.8866640990627,1230.1580514277643,1239.53564453125,11895924
2025-01-17,,,,,,810.7905598983193,814.2438814190301,803.3905852110819,807.4605712890625,23112076,1233.8296138721637,1239.4363759086416,1208.6737436803246,1216.066650390625,9790533
2025-01-20,,,,,,802.1572673696536,819.3991845447669,802.1572673696536,814.6138916015625,17557618,1214.5286456993424,1232.2419443689244,1205.944854354206,1223.50927734375,7676418
2025-01-21,,,,,,818.0672195171876,819.4485722440602,805.6352858599316,810.2479248046875,31158144,1227.4786100806577,1229.4632960558952,1183.567432878532,1186.9910888671875,20520898
2025-01-22,,,,,,810.2479165643738,824.8012002853578,801.8859089377631,821.9152221679688,30619306,1191.8038937223043,1198.2541229556057,1182.6743869540314,1191.258056640625,10377123
2025-01-23,,,,,,832.2505181334424,832.2505181334424,814.6139111249832,821.347900390625,34909158,1188.0826742078204,1198.6511515402387,1176.9188152937772,1192.5482177734375,8770650
2025-01-24,,,,,,818.9305795964561,824.0119199318104,811.2839386423929,813.8986206054688,24236200,1193.8878937592276,1208.6738293636251,1192.7963406363526,1199.941162109375,9216792
2025-01-27,,,,,,809.6065327196525,810.839861804967,802.157237088582,804.0319213867188,22804166,1185.8499521739243,1225.1963785798748,1183.9644761399952,1218.547607421875,16164687
2025-01-28,,,,,,812.5172453545283,830.9185403912116,812.5172453545283,824.0612182617188,30179312,1237.7990449684048,1254.3215805212242,1226.535975889425,1237.3525390625,18066499
2025-01-29,,,,,,826.3304621132276,829.3644636153648,823.2964606110903,827.4651489257812,12619890,1242.4134579383835,1246.1844098592185,1233.5320363858045,1242.066162109375,7666777
2025-01-30,,,,,,829.2905374831995,837.6278547525732,825.1219089590883,834.4705200195312,25744846,1240.428743300886,1250.203297570973,1230.0091418571585,1245.98583984375,11921041
2025-01-31,,,,,,832.3738053097981,840.9824182950722,830.7457868177106,838.047119140625,15821686,1244.8943321590757,1246.3828467053002,1229.6122252573796,1243.2073974609375,10195417
2025-02-01,,,,,,837.4305042201771,845.0771450539991,826.8485640579613,834.1991577148438,5587528,1241.5699459496786,1251.6917959101459,1224.3528194419691,1245.936279296875,3011914
2025-02-03,,,,,,823.8638327488314,832.1518283284162,820.6324864421063,827.8104858398438,20276540,1237.3028281264465,1250.3521626222068,1228.3221967826344,1243.40576171875,6176831
2025-02-04,,,,,,833.0891713164636,851.391824544325,828.8219005259823,848.9744873046875,28616502,1253.1308244391428,1270.6952475836679,1250.3522155059911,1258.4893798828125,14839077
2025-02-05,,,,,,854.9437515638108,860.4690419690123,847.9877873258422,857.311767578125,23675506,1260.4740215455731,1267.966259598702,1255.462762111137,1257.9931640625,6840709
2025-02-06,,,,,,856.1770794811201,862.8370567631686,850.5037655001158,860.29638671875,26760716,1265.2372940723083,1269.2066659752802,1253.5275985042942,1262.6572265625,8396554
2025-02-07,,,,,,863.3304057123341,871.7170439392539,850.997114202158,854.8204345703125,23509600,1262.2603567708522,1265.2373859141799,1239.9823038025354,1247.2760009765625,7382039
2025-02-10,,,,,,847.1984039096569,850.2323451556149,842.8570616226162,846.4337158203125,17195950,1247.5735745348811,1255.3138984101563,1239.7837061908433,1252.9322509765625,5740361
2025-02-11,,,,,,840.1437497009048,844.090402664855,833.0890834393857,839.3544311523438,22724704,1246.2339539700604,1252.188012073483,1238.8410469458931,1243.15771484375,6586627
2025-02-12,,,,,,835.2104321766692,844.5837329512449,829.38909497558,842.0184326171875,22809570,1247.5735208959845,1260.0274734986122,1235.119689428972,1242.2149658203125,8809352
2025-02-13,,,,,,838.1704689996619,845.6937766231139,835.4818356095761,837.5291137695312,12602434,1242.9592342670746,1256.3061987457909,1236.3601292961446,1239.337158203125,7263785
2025-02-14,,,,,,839.601120018604,839.601120018604,828.7971451888767,836.1231079101562,19959892,1242.5126718509223,1253.8254065127483,1234.9212235163006,1250.451416015625,10368438
2025-02-17,,,,,,831.3624591587258,848.5304243918573,829.413823260936,847.2230834960938,12938946,1241.5699462890625,1248.5163471638045,1223.8069826822411,1241.5699462890625,8386151
2025-02-18,,,,,,845.1017788797033,854.2284140997132,841.697778564227,850.0350952148438,16350910,1243.3065364897366,1247.9705000138076,1227.5779245772142,1233.531982421875,8135042
2025-02-19,,,,,,847.0504387449713,857.3610822217985,844.8057556604201,852.0823974609375,11884112,1225.3947820253827,1254.7681118615644,1220.8300282561831,1251.9896240234375,10683412
2025-02-20,,,,,,844.0904430253034,845.9157460199498,831.4118438608401,832.2998046875,26390510,1245.7378271028595,1254.3216187366877,1237.203701075922,1240.379150390625,8398849
2025-02-21,,,,,,829.2411711352042,836.1724445897772,827.4404985932164,834.9638061523438,15680940,1231.5968971791747,1235.1693078219741,1215.173692889092,1223.50927734375,7786428
2025-02-24,,,,,,829.339781575346,830.8690975664632,819.4731490892408,827.366455078125,20693646,1217.3071583182455,1222.467414805944,1200.9831637697991,1209.0211181640625,11522480
2025-02-25,,,,,,824.406500920576,832.7438177754724,824.406500920576,829.9564819335938,24138708,1217.2079253456668,1222.2193060560244,1211.6508286551266,1214.7767333984375,11059417
2025-02-27,,,,,,830.0552335524236,843.9671626938127,830.0552335524236,839.0091552734375,35786800,1215.769120615194,1225.3947998146707,1209.1203494513463,1213.0897216796875,12008162
2025-02-28,,,,,,831.2638337603047,857.0404125816553,831.2638337603047,854.6477661132812,54516728,1206.6891556122284,1215.620243112648,1190.9108768010287,1194.8802490234375,20215075
2025-03-03,,,,,,858.2984018170607,859.9017296292334,835.7531099870528,839.428466796875,21205364,1201.2312348006667,1207.6814644794808,1194.929880803104,1196.964111328125,8158881
2025-03-04,,,,,,837.6771272358142,845.7184570804238,835.3338019387764,843.5971069335938,19920958,1197.9068433475454,1207.334101585249,1197.0137104452713,1201.1319580078125,9574490
2025-03-05,,,,,,839.6257577393887,843.991790915382,832.8671383829512,833.73046875,21583872,1207.6814517983407,1216.5628733470458,1202.0251450551775,1206.391357421875,9052846
2025-03-06,,,,,,832.2504799228543,838.6144701478811,824.973838204501,834.3224487304688,32966088,1218.5476101118768,1218.5476101118768,1199.7427576093883,1208.7235107421875,11949475
2025-03-07,,,,,,829.7838192395386,839.2311321984157,827.6131479773222,833.3604736328125,13372914,1201.8265880949464,1208.5249033729367,1197.0634143564148,1205.250244140625,6620284
2025-03-10,,,,,,833.2371287977431,838.6144556459366,830.3018296675241,832.4971313476562,15604050,1198.7503263397664,1216.4140799337886,1198.7503263397664,1205.5478515625,7363437
2025-03-11,,,,,,829.9811819724781,835.7038170818192,823.8885481247595,831.510498046875,19898430,1207.8798680000234,1238.4440812807522,1207.8798680000234,1235.864013671875,10927950
2025-03-12,,,,,,834.4951408301645,847.7904041385841,834.4951408301645,844.1644287109375,18784106,1237.4020778822246,1242.3637929723905,1225.8413786306357,1234.425048828125,11548372
2025-03-13,,,,,,846.5818201293218,848.9251455168071,838.6885135609504,841.9197998046875,15736264,1241.4707365370484,1245.9858244254206,1235.7647643884725,1240.4783935546875,8132940
2025-03-17,,,,,,841.1304307424771,850.5037317302232,841.1304307424771,843.79443359375,18950652,1247.4248742515454,1264.1953748180651,1245.1424367918191,1259.2833251953125,11164812
2025-03-18,,,,,,843.79443359375,843.79443359375,843.79443359375,843.79443359375,0,1259.2833251953125,1259.2833251953125,1259.2833251953125,1259.2833251953125,0
2025-03-19,,,,,,855.930432694155,863.823739278078,854.5490799535085,860.4197387695312,15221406,1295.6029599370165,1308.2057883620175,1292.1794251380722,1303.0455322265625,11278014
2025-03-20,,,,,,865.3037412350927,875.1703745445009,862.985106495842,872.5803833007812,17833978,1309.8927772461004,1314.1102350516276,1301.0113557334153,1311.5797119140625,10886735
2025-03-21,,,,,,866.0684175252852,875.2196836615442,866.0684175252852,873.3696899414062,33508264,1305.923445707521,1338.6707661545943,1301.5571120874529,1332.81591796875,60494318
2025-03-24,,,,,,877.6369838460287,890.1676194932312,874.997671627427,887.9969482421875,17393736,1345.5675050388625,1362.4870024308004,1334.7510627437973,1347.750732421875,9352280
2025-03-25,,,,,,890.4143157035983,909.5555477752322,888.7369760332164,898.5789184570312,39101416,1348.5941513991709,1353.3574463042776,1319.8658696966822,1333.4112548828125,16419207
2025-03-26,,,,,,900.3302775382388,901.5636066855513,888.9836493829623,891.2283325195312,24478442,1333.7586400786652,1347.6017762925185,1321.304687138062,1325.6710205078125,10859639
2025-03-27,,,,,,887.9969842041877,908.2235821777275,887.0596420099644,900.5029296875,41658100,1322.9420827344788,1341.1515523929718,1322.9420827344788,1326.415283203125,15109614
2025-03-28,,,,,,902.3036249715724,905.7569466636451,890.8829847599874,901.908935546875,28773648,1325.7702231722565,1347.5521031600986,1317.0375564815454,1338.025634765625,8266544
2025-04-01,,,,,,888.9836405685396,892.8809726796349,870.9030234039785,872.1363525390625,28511006,1329.739654923708,1341.995067068455,1305.328040709696,1308.3546142578125,14288024
2025-04-02,,,,,,873.5423260418547,887.602278026219,873.5423260418547,886.4676513671875,11573564,1312.026343402594,1327.705290380845,1312.026343402594,1321.056640625,8042214
2025-04-03,,,,,,878.6729886492828,889.9702954640933,876.6503409310941,885.456298828125,11250038,1311.8278468858045,1322.7932860458366,1311.1332552048473,1319.3697509765625,4591008
2025-04-04,,,,,,894.4102660639704,908.6921929973271,893.4729239008652,896.5316162109375,33540454,1319.3697112264526,1328.3007984100484,1311.9766830431024,1325.07568359375,8648542
2025-04-07,,,,,,869.6450067324856,878.0562747489253,857.5090006629878,867.1289672851562,37995450,1285.3322768617725,1314.854481252151,1255.3139009690346,1277.6912841796875,19185012
2025-04-08,,,,,,870.730371547347,879.1170096868965,863.4784203033727,872.7777099609375,35563872,1289.8969896705237,1300.0189606799747,1277.4927025037578,1289.9466552734375,13085762
2025-04-09,,,,,,870.7303466796875,875.6636630914704,865.0570328061372,870.7303466796875,22454608,1294.9579703581671,1295.106846037701,1274.6646041339118,1290.83984375,13005622
2025-04-11,,,,,,875.540352413462,897.567622795633,875.540352413462,891.3269653320312,32775766,1295.1067945023049,1314.8544439632922,1295.1067945023049,1301.606689453125,13064247
2025-04-15,,,,,,920.0634812745557,925.8848185421238,915.1301650210728,920.01416015625,49298344,1340.655373037739,1343.9301533432258,1325.9686484021752,1339.8614501953125,15202603
2025-04-16,,,,,,929.3381542000717,929.3381542000717,917.8435030643678,926.476806640625,19136820,1346.6094196449503,1349.2886972283168,1332.6174078978706,1346.0140380859375,14039073
2025-04-17,,,,,,928.4501090482869,947.0486870380013,925.8354273732423,940.6353759765625,35703084,1351.5711498907554,1398.112060263163,1349.6856739861041,1395.9288330078125,17490424
2025-04-21,,,,,,949.170085798879,962.3420166432835,942.2634427629204,950.6994018554688,34247298,1425.004587897116,1425.004587897116,1393.9442026732427,1399.0052490234375,16882426
2025-04-22,,,,,,954.5967457498784,972.1593405008402,954.5967457498784,967.7686767578125,45961750,1401.9823098324273,1407.9363681338637,1388.1887172069748,1405.6539306640625,16135274
2025-04-23,,,,,,976.2540297557508,976.2540297557508,947.4434488933124,949.1207885742188,30570642,1418.0581618237188,1418.9512947601793,1400.4937389943566,1413.493408203125,13990764
2025-04-24,,,,,,942.2634238174406,949.1207455952106,939.8460867592294,945.6181030273438,25931754,1405.4554343163697,1410.3178180904442,1388.0894318786184,1391.95947265625,15678099
2025-04-25,,,,,,949.5647662059754,953.6100615716746,933.2848220611925,942.8554077148438,18500878,1399.2035920369979,1403.966886762009,1377.769008045682,1394.04345703125,11705093
2025-04-28,,,,,,942.8554253066497,951.982060830828,941.4741328194633,947.29541015625,13920492,1394.8373106964493,1424.0122194189871,1393.0511659597357,1417.8597412109375,10948561
2025-04-29,,,,,,946.6048254524144,951.5381421157663,937.4288082816594,941.6715087890625,18918308,1417.8597077945897,1427.2869661678633,1411.7071085959242,1418.85205078125,10786910
2025-04-30,,,,,,943.7434115323153,955.5340495753018,942.4114402150566,949.6633911132812,31936870,1422.0275444346203,1422.7221360927958,1389.2802248488963,1416.073486328125,14192027
2025-05-02,,,,,,952.0314262519853,958.0007270723939,947.1967520748111,948.1340942382812,17840404,1415.9742091510598,1435.5233172200462,1413.6917718641512,1419.149658203125,8842434
2025-05-05,,,,,,956.5700467268101,962.9833580251333,953.2647488384409,955.4847412109375,15068024,1428.9738894731652,1435.7218701832576,1415.081087769954,1418.455078125,4565705
2025-05-06,,,,,,952.1300492793257,957.112686715781,949.3180830668039,952.9686889648438,17490156,1418.0581160771362,1422.7220796211836,1409.5239906903596,1420.63818359375,6301690
2025-05-07,,,,,,954.1033540161453,961.3553047488027,948.3807192627594,959.8259887695312,21420778,1414.0887881642996,1430.9586193213472,1410.119416127347,1424.4091796875,10480453
2025-05-08,,,,,,964.364722012384,964.364722012384,946.752746184645,951.3900756835938,34803430,1427.5846620245352,1437.8058437113664,1415.1803741209164,1424.5084228515625,15306490
2025-05-09,,,,,,942.3127568324845,946.7034204881495,930.8181657127636,932.248779296875,17188796,1404.3638078003796,1409.0278927234135,1376.379782804671,1378.2652587890625,13491197
2025-05-12,,,,,,946.0127244576516,966.8806765571811,943.3981029435623,965.5486450195312,18618972,1398.6082269981746,1441.8743569081432,1393.249550653154,1437.4088134765625,9925445
2025-05-13,,,,,,961.9967305905121,967.7686868855955,947.1967808891196,948.4794311523438,24242102,1429.0731325397105,1436.8134564073198,1416.4704248722041,1419.6458740234375,12475424
2025-05-14,,,,,,948.2327622761527,952.2287366384547,938.8101397074491,942.5594482421875,15445308,1418.9512828044426,1429.6685145448027,1406.4477852062123,1415.279541015625,8026837
2025-05-15,,,,,,943.9901042439285,959.4314088460198,935.85013208818,954.0047607421875,32241458,1414.9819190581854,1445.3475908699352,1404.6615275498752,1439.6912841796875,18209264
2025-05-16,,,,,,954.0047801554118,958.9380967138302,951.340777169636,954.44873046875,15868010,1442.172107583965,1447.5306627908633,1435.920298328426,1442.86669921875,6439208
2025-05-19,,,,,,955.5834183781088,959.5300716290252,952.6234284399217,956.4220581054688,10202964,1435.4241717584057,1448.5230511072755,1432.7448940711074,1437.905029296875,6005334
2025-05-20,,,,,,951.1927398071444,954.3993955236706,943.7434439560598,944.6807861328125,23879090,1439.0957378026826,1447.8284044606678,1424.5083444847762,1427.1876220703125,11352383
2025-05-21,,,,,,950.6500948788123,960.4674068130723,947.739426083267,950.5514526367188,15132040,1431.8517946649677,1440.1875004165765,1427.485461067875,1433.637939453125,5510460
2025-05-22,,,,,,944.828766015395,949.2687509312965,939.895449442171,947.1474609375,21306670,1430.0655182967434,1434.2334317099203,1416.867428660744,1431.057861328125,7245933
2025-05-23,,,,,,947.2460290070277,955.583345407158,944.4833839865793,953.906005859375,9566072,1431.1570706662649,1440.6836606711147,1423.4168677068544,1438.698974609375,5203706
2025-05-26,,,,,,954.5967478346391,961.947401503022,950.6007734925844,957.1620483398438,10802860,1446.8360701649403,1460.331910515487,1443.8590412139838,1449.4161376953125,5608725
2025-05-27,,,,,,952.9194312599001,961.0100826032541,945.3714929245052,950.3048095703125,26162148,1441.3782192942826,1451.7978208795425,1424.7068083036186,1435.324951171875,14842959
2025-05-28,,,,,,947.295443323748,954.3501102535763,946.0621141556768,948.9234619140625,18157594,1436.5157355383742,1446.836127202333,1431.454810349359,1442.6683349609375,8618343
2025-05-29,,,,,,951.1433943336576,957.4580633637506,940.9314535555673,950.896728515625,28917794,1445.4467442494526,1451.698553407669,1433.9355900375203,1445.3475341796875,15545514
2025-05-30,,,,,,953.0674622365118,961.4047794767922,949.8608063918771,959.4807739257812,28748078,1448.7216268807567,1449.7139699197687,1433.2410996992944,1434.7296142578125,11803975
2025-06-02,,,,,,952.1794133521448,955.0900821550082,941.276795842849,953.1660766601562,14668822,1430.9586389930196,1448.8208134048605,1421.8291316367724,1439.3935546875,9458990
2025-06-03,,,,,,956.0767204883472,962.9833634640112,947.1967509482078,949.466064453125,24377584,1443.7598455387374,1443.8590556109682,1421.035166759386,1426.8900146484375,11167345
2025-06-04,,,,,,947.6901200517409,958.6914401720352,947.6407989299088,957.6553955078125,12961542,1426.3938661679927,1429.0731438395549,1415.4780930628378,1420.0428466796875,8025388
2025-06-05,,,,,,961.0100588418235,966.3873858970264,957.1620478647775,961.7993774414062,22255418,1419.9436226094324,1447.8284366760695,1416.3712120373557,1443.66064453125,11385668
2025-06-06,,,,,,959.0366899431259,984.8379583134906,958.3953347348495,976.1552734375,30127008,1437.5080878919146,1450.2101271201,1431.0578582020253,1448.5230712890625,11580994
2025-06-09,,,,,,984.196594423998,984.196594423998,974.7739724063232,976.2539672851562,13202588,1453.7825541382838,1455.5688200651953,1422.4245382897982,1423.8138427734375,11022031
2025-06-10,,,,,,978.1780428487654,978.1780428487654,967.472709657825,969.5447387695312,15533126,1427.9815809293386,1430.660858582463,1405.6538633679,1412.0048828125,12905272
2025-06-11,,,,,,970.6793723493836,970.6793723493836,960.516752091058,962.194091796875,11096394,1410.9133394459884,1423.5160472131458,1407.737769134025,1420.0428466796875,7136877
2025-06-12,,,,,,961.9966994408974,967.4233474890254,954.7447484104943,958.74072265625,16349130,1419.5466979345517,1425.5007560873705,1409.127096167119,1414.2872314453125,7953247
2025-06-13,,,,,,947.19676434732,953.6100757725884,943.7434428106371,946.0127563476562,12117762,1392.8526699787633,1410.6156346634868,1392.8526699787633,1405.2569580078125,7573103
2025-06-16,,,,,,949.1700746468088,956.520728121515,947.2460692080249,954.7940673828125,16513746,1405.7530618658518,1418.0581392255135,1403.3714144517853,1415.9742431640625,5451137
2025-06-17,,,,,,955.5834055099792,957.852719054467,946.7527569357399,951.9327392578125,16978736,1415.9742319665809,1418.8520508551696,1406.9439350146247,1412.302490234375,6970098
2025-06-18,,,,,,945.7167603313338,955.2380851367438,945.7167603313338,954.0540771484375,18433816,1406.150024814166,1421.0351697486842,1399.402043989603,1401.78369140625,6751745
2025-06-19,,,,,,954.0540746334422,960.4180648603083,949.9593979158449,954.7447509765625,16876220,1397.2189939427594,1403.8676438261634,1393.9442134714564,1400.4937744140625,8849883
2025-06-20,,,,,,952.9193918485255,971.8140179089729,952.9193918485255,969.2486572265625,32900408,1400.4937821267788,1422.3253290273638,1399.4021078732494,1416.1727294921875,12408178
2025-06-23,,,,,,961.2073364257812,965.8939867961492,957.9513597916495,961.2073364257812,11739518,1406.1500791810931,1412.3025575376569,1401.0891539348067,1409.226318359375,5514384
2025-06-24,,,,,,969.3966711141703,976.3033140635843,964.7593416610487,967.3740234375,22625322,1416.7680893764307,1424.9053748687675,1405.6538959425357,1413.1956787109375,11188438
2025-06-25,,,,,,969.8900392545883,977.7833457795492,968.854054817417,976.8953247070312,18405932,1411.1117385952273,1417.9589294864209,1404.463088984364,1414.8826904296875,7527388
2025-06-26,,,,,,977.4873577522009,1000.032590400823,976.7966813877978,997.41796875,50084830,1413.8903780949927,1436.4165161110168,1410.814017835929,1428.080810546875,13617435
2025-06-27,,,,,,1004.0015037809444,1007.393088107433,994.2258430942326,1004.9491577148438,28213384,1427.882386711014,1454.774858156496,1426.0961208320166,1451.00390625,22532899
2025-06-30,,,,,,1003.2533964547342,1004.400566128524,995.2732550959096,998.2658081054688,13649020,1450.6071028820047,1450.706312958781,1431.2564136212704,1434.7296142578125,6325073
2025-07-01,,,,,,1000.0114368496795,1005.4977838847651,999.5126780283082,1003.5526123046875,14389386,1434.6302067068036,1436.5156826077227,1418.653508855977,1421.03515625,7761449
2025-07-02,,,,,,1007.4429706558585,1007.4429706558585,986.4950998423908,990.5350341796875,18878250,1421.2336440793872,1439.8897415628453,1411.707175185214,1416.867431640625,13372280
2025-07-03,,,,,,994.9739612315547,1001.507689459166,989.6871300276722,991.0836181640625,16860506,1421.1344118511029,1435.027214103107,1412.798706272776,1414.98193359375,10177738
2025-07-04,,,,,,991.0836632772651,999.2633203019867,987.5424877454124,992.1809692382812,7863944,1416.0734952431667,1433.3402880878325,1410.2186471744621,1431.7525634765625,5066503
2025-07-07,,,,,,992.0312782906421,996.7196233059492,989.4377568185034,991.2332763671875,11349426,1425.9968814549877,1429.8670433562065,1418.6535190770169,1424.706787109375,5177477
2025-07-08,,,,,,986.0462146584523,1000.0114620081927,986.0462146584523,998.2159423828125,15224316,1421.035188079707,1433.935647189369,1419.050502062836,1430.9586181640625,5315847
2025-07-09,,,,,,1001.0089360727129,1004.4005203490875,996.5699704674603,1003.1036987304688,13861428,1425.2030375827696,1427.683895203639,1415.6765685457565,1420.93603515625,8827347
2025-07-10,,,,,,1005.4977851253348,1005.9965439473215,997.5176439735463,1000.6099243164062,17030310,1425.7985078190466,1427.981614021397,1411.2109926594833,1413.1956787109375,7795964
2025-07-11,,,,,,996.5201541247731,999.9117385623401,987.9913902076418,989.3878784179688,12516922,1411.111783317687,1417.0658414751456,1403.7684206963636,1411.0125732421875,7158015
2025-07-14,,,,,,989.0387573242188,991.8816582943851,982.8541356715338,989.0387573242188,13088850,1413.9896019530586,1413.9896019530586,1405.2569348701418,1412.1041259765625,5846154
2025-07-15,,,,,,984.0511806165923,999.3131887778599,984.0511806165923,995.2732543945312,14498168,1410.218682168871,1422.8215115677394,1408.134785993891,1419.844482421875,6041457
2025-07-16,,,,,,1006.4952830829005,1008.8394251469304,993.826797075495,995.6722412109375,17994612,1415.081187967311,1418.25663727007,1408.2339967016344,1415.4781494140625,5649093
2025-07-17,,,,,,999.5126501495852,999.9116815490105,988.8890631972324,990.98388671875,22529158,1410.1194736013367,1412.3025798563917,1398.7075285299677,1407.8370361328125,12927394
2025-07-18,,,,,,990.9838927216935,996.0213445308241,974.0759568696542,976.2705078125,16129446,1404.9592604817603,1418.0581395587762,1397.7151081655259,1414.8826904296875,11297246
2025-07-21,,,,,,986.6446826643673,998.5151670456409,985.7968170158388,997.7670288085938,22309078,1436.9126621837045,1456.4617708047458,1425.9968891975022,1454.576416015625,13867136
2025-07-22,,,,,,1004.051390877723,1006.4953213272488,999.0139388595042,1001.058837890625,14836814,1462.8128219007424,1470.6523559877205,1458.4464883845856,1462.316650390625,8930165
2025-07-23,,,,,,1003.0039954915454,1012.3806857402005,999.0139248978445,1009.6375122070312,13634916,1471.5454755170424,1478.5910866693491,1461.3242940475627,1477.2017822265625,11974174
2025-07-24,,,,,,1016.3208076773761,1016.3208076773761,1001.7072110041944,1004.5999755859375,19107176,1476.3086281822896,1477.3009711792895,1466.782159638216,1472.0416259765625,6700578
2025-07-25,,,,,,1007.5,1007.5,999.5,1002.2999877929688,9306598,1488.5144734435703,1488.5144734435703,1462.31659448384,1465.789794921875,8696077
2025-07-28,,,,,,1001.5,1010.7000122070312,1000.25,1004.25,12059580,1465.7898930637602,1482.3620946590604,1465.7898930637602,1477.00341796875,7507479
2025-07-29,,,,,,999.9500122070312,1013.25,998.1500244140625,1010.7999877929688,19895696,1468.5685019046516,1478.3927223132807,1464.1029581857863,1474.8201904296875,9776027
2025-07-30,,,,,,1014.0,1016.2999877929688,1008.5,1012.9000244140625,15154036,1476.308661728485,1477.1025845983731,1465.9883912336757,1471.04931640625,7238625
2025-07-31,,,,,,1007.2999877929688,1015.7000122070312,1004.0,1009.0999755859375,22183032,1458.6450618514623,1483.0566764606926,1452.7902136757805,1470.0570068359375,12406146
2025-08-01,,,,,,1007.0,1014.1500244140625,1004.6500244140625,1006.0999755859375,11317258,1469.0645758820863,1473.7285394467383,1458.5457644921182,1460.3319091796875,4416771
2025-08-04,,,,,,1005.0499877929688,1009.25,994.0499877929688,996.0,13933946,1465.492177404952,1467.4768633867377,1450.1108610461113,1451.9962158203125,6140054
2025-08-05,,,,,,993.25,997.2000122070312,982.75,988.7999877929688,23978058,1441.8743352750153,1450.3092505192255,1429.96621963613,1433.3402099609375,14799343
2025-08-06,,,,,,985.5499877929688,994.0,985.0,992.6500244140625,14080204,1431.2564134495642,1442.866778550362,1430.561700640964,1432.54638671875,7805252
2025-08-07,,,,,,990.0499877929688,1000.7999877929688,988.4000244140625,997.7000122070312,13081186,1430.0655302659995,1436.8135113901221,1418.1574137897542,1429.271728515625,7432535
2025-08-08,,,,,,993.5499877929688,996.4000244140625,985.0,986.9500122070312,13895264,1434.8288259088201,1436.5157606227415,1421.0352334242946,1424.9053955078125,5415511
2025-08-11,,,,,,987.9500122070312,998.7999877929688,986.5499877929688,997.7999877929688,9105854,1416.9666396615337,1427.3862414978396,1409.5240669213151,1425.5999755859375,8492484
2025-08-12,,,,,,995.9500122070312,998.0,983.75,984.9500122070312,12937802,1431.0,1433.800048828125,1420.0999755859375,1422.0,5913947
2025-08-13,,,,,,997.0,997.0,984.5499877929688,990.1500244140625,13577396,1424.5999755859375,1427.699951171875,1415.199951171875,1420.800048828125,9009465
2025-08-14,,,,,,989.0,998.0,985.5999755859375,995.5499877929688,17511716,1412.0,1431.0999755859375,1412.0,1427.300048828125,7577793
2025-08-18,,,,,,1005.0,1013.2999877929688,997.7999877929688,1001.7999877929688,19284796,1450.0,1452.4000244140625,1431.0,1434.5999755859375,6908844
2025-08-19,,,,,,999.1500244140625,1003.0499877929688,993.3499755859375,995.5499877929688,12352438,1431.0999755859375,1438.5,1426.300048828125,1436.300048828125,6709554
2025-08-20,,,,,,993.5,996.0,989.5,994.0999755859375,9950228,1432.5999755859375,1435.9000244140625,1423.0,1430.5999755859375,5817858
2025-08-21,,,,,,998.75,998.75,991.5999755859375,995.5999755859375,12439850,1440.0999755859375,1447.800048828125,1436.4000244140625,1446.0,6238645
2025-08-22,,,,,,994.9500122070312,998.0,978.5499877929688,982.2999877929688,19833502,1444.300048828125,1446.0,1429.4000244140625,1436.4000244140625,6657207
2025-08-25,,,,,,980.0999755859375,988.7000122070312,978.5,982.0499877929688,17518044,1435.9000244140625,1435.9000244140625,1424.0,1433.199951171875,6738427
2025-08-26,,,,,,979.5,985.7000122070312,968.0,973.4000244140625,16917731,1427.9000244140625,1427.9000244140625,1413.0999755859375,1416.5999755859375,8720155
2025-08-28,,,,,,967.0,972.2000122070312,955.0,957.7999877929688,25438255,1408.0,1411.800048828125,1396.300048828125,1399.0999755859375,12990789
2025-08-29,,,,,,954.0,963.2999877929688,950.0999755859375,951.5999755859375,14823813,1392.0999755859375,1405.0,1392.0999755859375,1397.800048828125,8519507
2025-09-01,,,,,,949.5999755859375,957.4500122070312,946.3499755859375,950.5999755859375,20178344,1398.0999755859375,1412.4000244140625,1398.0999755859375,1411.0,4927348
2025-09-02,,,,,,951.0,954.7999877929688,944.0,944.5,14196320,1413.9000244140625,1413.9000244140625,1390.0,1394.199951171875,7163073
2025-09-03,,,,,,945.0,956.2999877929688,940.0,954.4500122070312,16083481,1389.0,1400.0,1384.199951171875,1397.0,9813382
2025-09-04,,,,,,960.2000122070312,965.7000122070312,956.25,961.25,17597657,1409.9000244140625,1415.0999755859375,1401.9000244140625,1405.5,10564859
2025-09-05,,,,,,967.5,967.5,954.0499877929688,963.4000244140625,11602111,1411.0,1411.5,1387.699951171875,1402.800048828125,6621077
2025-09-08,,,,,,969.0,973.1500244140625,960.4500122070312,966.0,11711307,1402.199951171875,1410.5999755859375,1397.5999755859375,1402.699951171875,5880943
2025-09-09,,,,,,974.0,974.4000244140625,962.7000122070312,965.1500244140625,13985539,1399.0,1407.5,1395.199951171875,1403.699951171875,6470679
2025-09-10,,,,,,973.9000244140625,973.9000244140625,961.7000122070312,965.9000244140625,18091100,1410.0,1413.699951171875,1402.0999755859375,1403.9000244140625,7452347
2025-09-11,,,,,,960.2999877929688,969.25,959.9000244140625,967.7999877929688,15113633,1398.0,1408.0,1396.0,1401.5999755859375,10192026
2025-09-12,,,,,,969.9000244140625,970.75,962.25,967.2999877929688,14363519,1405.0999755859375,1419.699951171875,1400.0999755859375,1417.699951171875,7770038
2025-09-15,,,,,,969.5999755859375,972.3499755859375,965.0,967.0499877929688,14486377,1422.0,1426.800048828125,1416.300048828125,1419.4000244140625,5845637
2025-09-16,,,,,,961.2000122070312,969.3499755859375,961.2000122070312,966.8499755859375,18661794,1414.0,1424.9000244140625,1413.699951171875,1421.5999755859375,8213151
2025-09-17,,,,,,965.1500244140625,974.4000244140625,964.3499755859375,966.5,17361476,1420.0999755859375,1426.0999755859375,1416.4000244140625,1419.199951171875,7484283
2025-09-18,,,,,,973.2999877929688,979.6500244140625,969.25,976.9000244140625,17791598,1431.0999755859375,1432.800048828125,1415.300048828125,1421.699951171875,8130537
2025-09-19,,,,,,974.9000244140625,976.7000122070312,962.0999755859375,966.9000244140625,31243267,1416.0999755859375,1418.0,1400.199951171875,1402.199951171875,13457344
2025-09-22,,,,,,964.0,971.2000122070312,961.9500122070312,964.2000122070312,10854415,1403.9000244140625,1409.9000244140625,1397.199951171875,1401.5,8847948
2025-09-23,,,,,,967.0,968.2000122070312,955.5,957.2000122070312,21022298,1391.0,1403.300048828125,1391.0,1394.300048828125,12827524
2025-09-24,,,,,,952.2000122070312,956.4500122070312,943.0,951.0499877929688,15117220,1386.4000244140625,1390.9000244140625,1376.5,1382.699951171875,9735678
2025-09-25,,,,,,952.5,958.0,947.4000244140625,949.8499755859375,31413279,1377.0,1391.5,1371.800048828125,1375.800048828125,21613389
2025-09-26,,,,,,945.0999755859375,951.4500122070312,941.2999877929688,945.0499877929688,14874656,1368.0,1372.699951171875,1357.0,1359.5999755859375,18342280
2025-09-29,,,,,,946.0499877929688,956.7999877929688,939.0999755859375,950.2999877929688,32398179,1359.5999755859375,1366.5,1346.199951171875,1348.0999755859375,20563163
2025-09-30,,,,,,958.0499877929688,960.0,946.2999877929688,951.0,28296687,1353.699951171875,1356.5999755859375,1342.5999755859375,1348.0,20166871
2025-10-01,,,,,,952.7000122070312,969.5999755859375,946.0,965.25,25350832,1348.0,1379.4000244140625,1347.0999755859375,1372.0,20952632
2025-10-03,,,,,,952.0,966.75,952.0,965.1500244140625,26658296,1371.9000244140625,1371.9000244140625,1361.300048828125,1365.199951171875,12163695
2025-10-06,,,,,,971.9000244140625,977.4000244140625,962.0,973.4500122070312,18542683,1371.0,1372.5999755859375,1359.0999755859375,1363.4000244140625,14314283
2025-10-07,,,,,,974.0,989.8499755859375,971.0,982.5,25535736,1363.5999755859375,1383.0999755859375,1363.5999755859375,1375.9000244140625,16126464
2025-10-08,,,,,,976.0,985.9000244140625,974.5499877929688,978.7000122070312,15939710,1372.300048828125,1381.5999755859375,1364.300048828125,1370.300048828125,8100832
2025-10-09,,,,,,974.5,979.0,970.1500244140625,977.0999755859375,15370950,1369.800048828125,1378.699951171875,1365.0999755859375,1376.199951171875,7909575
2025-10-10,,,,,,979.0,986.2000122070312,978.0999755859375,980.9000244140625,13757080,1370.300048828125,1385.0,1370.300048828125,1380.300048828125,7673816
2025-10-13,,,,,,974.2999877929688,981.0,972.0,977.0,18634254,1373.0999755859375,1386.4000244140625,1373.0999755859375,1379.4000244140625,8923018
2025-10-14,,,,,,970.0,980.4500122070312,967.0,977.1500244140625,22934382,1389.0,1389.0,1375.0999755859375,1384.0999755859375,10610855
2025-10-15,,,,,,975.0,984.9000244140625,973.3499755859375,978.25,23310447,1386.5,1400.4000244140625,1385.5,1398.4000244140625,8988550
2025-10-16,,,,,,982.6500244140625,996.5999755859375,981.5,994.3499755859375,22936566,1401.0,1418.9000244140625,1399.4000244140625,1417.300048828125,12185032
2025-10-17,,,,,,993.9500122070312,1009.0,986.0,1002.5499877929688,25210511,1412.0,1439.5999755859375,1410.9000244140625,1436.5999755859375,17037215
2025-10-20,,,,,,997.0,1020.0,997.0,1002.9500122070312,22195202,1442.0,1445.0,1389.199951171875,1390.300048828125,23330227
2025-10-21,,,,,,1006.0,1010.0,1004.0,1007.7000122070312,3471600,1384.5,1387.5999755859375,1375.9000244140625,1382.0,3415560
2025-10-23,,,,,,1016.0,1020.5,1006.0,1008.7999877929688,43526526,1385.0,1389.800048828125,1360.0999755859375,1363.699951171875,21124942
2025-10-24,,,,,,1011.0,1011.9500122070312,991.2999877929688,994.75,17707768,1368.0999755859375,1381.5999755859375,1368.0999755859375,1377.699951171875,10570263
2025-10-27,,,,,,996.5,1009.0499877929688,996.2000122070312,1002.9500122070312,15700796,1382.0999755859375,1386.800048828125,1374.0,1377.5999755859375,11499836
2025-10-28,,,,,,997.6500244140625,1008.0,995.0,1003.5499877929688,33904289,1373.0,1375.800048828125,1356.199951171875,1363.0999755859375,26477914
2025-10-29,,,,,,1004.9000244140625,1012.5,1000.0,1007.8499755859375,17769445,1364.5999755859375,1371.699951171875,1358.4000244140625,1370.4000244140625,16129382
2025-10-30,,,,,,1000.0,1009.5,997.0999755859375,998.1500244140625,19962917,1362.4000244140625,1370.199951171875,1361.300048828125,1362.4000244140625,9324401
2025-10-31,,,,,,994.0,1004.4500122070312,981.1500244140625,987.2999877929688,23221330,1357.0,1362.0,1343.300048828125,1345.300048828125,15926798
2025-11-03,,,,,,985.0,994.5499877929688,983.2999877929688,992.6500244140625,16607180,1340.5,1351.5999755859375,1337.9000244140625,1346.4000244140625,11071450
2025-11-04,,,,,,987.0,997.0,983.7000122070312,985.25,20024544,1342.5999755859375,1349.800048828125,1333.199951171875,1336.9000244140625,15211183
2025-11-06,,,,,,981.0,991.0499877929688,974.0,984.6500244140625,22279516,1330.0,1342.199951171875,1317.4000244140625,1320.4000244140625,24221853
2025-11-07,,,,,,980.0,984.9000244140625,974.75,982.2999877929688,15004568,1320.4000244140625,1344.300048828125,1318.5999755859375,1343.0,7719245
2025-11-10,,,,,,982.2999877929688,990.9500122070312,980.2000122070312,984.5,15988262,1342.9000244140625,1349.5999755859375,1341.0,1348.0,8542340
2025-11-11,,,,,,983.5,993.5,978.0,991.7000122070312,10200530,1349.0,1360.4000244140625,1346.199951171875,1358.300048828125,8305184
2025-11-12,,,,,,998.7999877929688,999.0,987.7000122070312,989.5,13137263,1370.0,1370.0,1355.4000244140625,1358.9000244140625,9736761
2025-11-13,,,,,,984.0,990.0999755859375,982.5999755859375,986.6500244140625,14124839,1358.9000244140625,1390.4000244140625,1358.5,1385.9000244140625,18296626
2025-11-14,,,,,,976.0499877929688,991.6500244140625,976.0499877929688,989.5999755859375,21386965,1374.0,1381.199951171875,1363.199951171875,1373.0,9694498
2025-11-17,,,,,,991.25,997.9500122070312,985.5999755859375,996.5499877929688,18396408,1375.0999755859375,1382.5,1373.5999755859375,1379.0,7660717
2025-11-18,,,,,,997.6500244140625,999.0,990.0,992.4500122070312,20002640,1380.199951171875,1382.800048828125,1369.0999755859375,1373.4000244140625,9529560
2025-11-19,,,,,,990.0,996.5499877929688,984.0,994.5999755859375,19813847,1373.5,1384.0,1371.5999755859375,1383.0999755859375,10393918
2025-11-20,,,,,,995.2999877929688,1011.5999755859375,992.4500122070312,1008.8499755859375,19850865,1380.0999755859375,1388.300048828125,1375.4000244140625,1383.0,10131863
2025-11-21,,,,,,1003.0999755859375,1008.2999877929688,996.5499877929688,998.0499877929688,17499897,1373.0,1376.0,1364.5999755859375,1369.5,11483595
2025-11-24,,,,,,1000.0,1011.4500122070312,993.5999755859375,999.1500244140625,32204053,1373.300048828125,1377.0,1361.5,1368.4000244140625,15896003
2025-11-25,,,,,,1004.0,1006.0999755859375,988.4000244140625,989.7999877929688,24989383,1365.0,1376.9000244140625,1354.300048828125,1357.800048828125,12235000
2025-11-26,,,,,,981.2999877929688,1006.9500122070312,981.2999877929688,1003.9000244140625,19494356,1360.0,1377.0,1359.9000244140625,1375.0,9659004
2025-11-27,,,,,,1002.0999755859375,1016.7999877929688,1001.0,1009.5,25536848,1379.0,1394.0,1375.699951171875,1392.199951171875,15158741
2025-11-28,,,,,,1007.0,1012.0499877929688,1004.2000122070312,1007.5999755859375,15988807,1392.0,1398.5,1385.5999755859375,1388.800048828125,7683986
2025-12-01,,,,,,1017.5,1017.5,999.2999877929688,1002.0999755859375,16746566,1394.0,1400.0,1385.4000244140625,1390.0999755859375,8867593
2025-12-02,,,,,,988.0,994.4000244140625,985.0,989.7999877929688,27316662,1381.800048828125,1381.800048828125,1370.5999755859375,1373.0,12126396
2025-12-03,,,,,,986.0,1002.2999877929688,986.0,1000.5,15448777,1367.0,1394.199951171875,1367.0,1391.5,7955933
2025-12-04,,,,,,1000.0,1004.7000122070312,993.0,997.2000122070312,14528169,1387.0,1391.5999755859375,1379.9000244140625,1386.699951171875,7373909
2025-12-05,,,,,,992.0,1008.0,990.2000122070312,1003.2999877929688,12843366,1381.0,1395.300048828125,1381.0,1392.5,4942638
2025-12-08,,,,,,1000.0,1006.5,997.5,1003.0999755859375,12901022,1387.0,1394.9000244140625,1383.300048828125,1389.5999755859375,7826227
2025-12-09,,,,,,994.9000244140625,1002.7999877929688,994.0,997.0999755859375,15294322,1379.9000244140625,1384.300048828125,1373.4000244140625,1375.199951171875,10492030
2025-12-10,,,,,,997.5,998.5,985.2999877929688,989.7999877929688,15322830,1377.9000244140625,1379.4000244140625,1357.9000244140625,1363.5999755859375,8725381
2025-12-11,,,,,,990.0,1002.7000122070312,988.5,1000.2999877929688,11844809,1363.699951171875,1366.5999755859375,1352.800048828125,1360.0,6734750
2025-12-12,,,,,,1003.0,1004.7000122070312,998.2000122070312,1001.5,11988618,1368.0,1370.699951171875,1363.300048828125,1366.0,3890885
2025-12-15,,,,,,992.0,1001.7999877929688,992.0,996.0999755859375,9790060,1356.0999755859375,1370.0,1356.0999755859375,1365.199951171875,5342530
2025-12-16,,,,,,990.0999755859375,998.7000122070312,990.0999755859375,994.2999877929688,20049088,1364.0,1368.699951171875,1355.5,1366.0,12359741
2025-12-17,,,,,,996.0,996.0,980.7999877929688,984.0,19080922,1365.0,1365.0,1343.0999755859375,1352.4000244140625,9440391
2025-12-18,,,,,,973.2999877929688,987.4000244140625,973.2999877929688,979.7000122070312,14912404,1346.300048828125,1369.5,1345.5,1356.800048828125,7314573
2025-12-19,,,,,,987.0,988.0,978.7000122070312,985.5,25952384,1354.0,1360.4000244140625,1350.800048828125,1354.0999755859375,14318512
2025-12-22,,,,,,988.0,992.9000244140625,983.9000244140625,987.7000122070312,13540411,1358.0,1371.300048828125,1354.800048828125,1368.5,9375294
2025-12-23,,,,,,990.5,998.9000244140625,987.7000122070312,996.5999755859375,17927849,1361.0999755859375,1365.0,1357.0,1363.0,9105467
2025-12-24,,,,,,993.0,999.4000244140625,993.0,997.2000122070312,13699996,1363.800048828125,1368.199951171875,1357.5999755859375,1359.800048828125,8955140
2025-12-26,,,,,,996.0,997.2000122070312,987.7000122070312,992.0999755859375,9360853,1356.5,1362.0,1348.5,1350.4000244140625,2812144
2025-12-29,,,,,,993.0999755859375,997.4000244140625,987.2000122070312,991.7000122070312,13545749,1352.0999755859375,1355.699951171875,1341.5,1343.300048828125,6057201
2025-12-30,,,,,,990.2000122070312,995.0,982.2000122070312,990.9000244140625,33155849,1343.300048828125,1347.0999755859375,1338.0999755859375,1342.5,18621277
2025-12-31,,,,,,991.0,997.5999755859375,987.5999755859375,991.2000122070312,10963454,1342.800048828125,1350.0,1339.5,1342.9000244140625,6150634
2026-01-01,,,,,,993.5,997.5499877929688,989.5,991.1500244140625,7132074,1343.9000244140625,1348.4000244140625,1336.0,1338.0,4179311
2026-01-02,,,,,,991.1500244140625,1003.2000122070312,988.7999877929688,1001.5999755859375,11751459,1338.0,1356.9000244140625,1336.300048828125,1355.4000244140625,8226205
2026-01-05,,,,,,1005.75,1006.4000244140625,976.2999877929688,977.5,27647379,1354.199951171875,1375.5,1352.5999755859375,1371.5,6920565
2026-01-06,,,,,,962.7000122070312,966.7000122070312,956.0,962.2000122070312,31988783,1372.0,1413.5999755859375,1366.0,1411.199951171875,17260416
2026-01-07,,,,,,956.0,956.4500122070312,946.0,949.0499877929688,52884712,1408.0,1429.9000244140625,1404.199951171875,1427.699951171875,15813795
2026-01-08,,,,,,944.7000122070312,953.0,941.4000244140625,946.7000122070312,21928849,1429.0,1442.199951171875,1423.300048828125,1435.0,14861699
2026-01-09,,,,,,945.0,950.5999755859375,933.2999877929688,939.0,38183839,1427.0999755859375,1429.5,1401.5,1404.300048828125,12555636
2026-01-12,,,,,,937.5,942.0,929.5999755859375,936.9500122070312,21071666,1399.9000244140625,1424.300048828125,1391.699951171875,1413.0999755859375,10923811
2026-01-13,,,,,,947.7000122070312,947.7000122070312,932.5999755859375,937.3499755859375,32042827,1420.0,1441.800048828125,1411.0999755859375,1437.0,14295581
2026-01-14,,,,,,930.0,940.0499877929688,920.2000122070312,925.4500122070312,36688248,1425.5999755859375,1443.9000244140625,1414.9000244140625,1418.4000244140625,13832255
2026-01-15,,,,,,925.4500122070312,925.4500122070312,925.4500122070312,925.4500122070312,0,1418.4000244140625,1418.4000244140625,1418.4000244140625,1418.4000244140625,0
2026-01-16,,,,,,922.0,935.9500122070312,919.2000122070312,931.0999755859375,37780235,1417.9000244140625,1429.0,1400.199951171875,1410.800048828125,12530886
2026-01-19,,,,,,935.9000244140625,936.1500244140625,919.5,927.9000244140625,38191942,1399.9000244140625,1400.0,1360.0,1380.5999755859375,23302883
2026-01-20,,,,,,929.2999877929688,934.5,919.5999755859375,931.2000122070312,36022727,1374.699951171875,1387.800048828125,1371.5,1375.800048828125,15012785
2026-01-21,,,,,,925.0,932.1500244140625,915.5,920.3499755859375,32766854,1367.5,1371.5,1339.5,1349.0,21766068
2026-01-22,,,,,,928.0,928.2999877929688,913.2000122070312,918.7000122070312,44444755,1355.0999755859375,1358.0,1338.0,1345.5,17179765
2026-01-23,,,,,,920.0,926.0999755859375,909.25,916.0999755859375,30985247,1340.5,1355.199951171875,1335.699951171875,1343.4000244140625,14056524
2026-01-27,,,,,,906.0,931.2000122070312,905.0,926.4000244140625,44753093,1340.0,1369.0999755859375,1328.5999755859375,1361.4000244140625,25263634
2026-01-28,,,,,,932.5,941.4500122070312,928.4000244140625,932.7000122070312,35347138,1362.5999755859375,1380.4000244140625,1362.5999755859375,1367.699951171875,13242696
2026-01-29,,,,,,930.0999755859375,939.2999877929688,924.3499755859375,935.5,37175628,1359.0,1387.699951171875,1354.4000244140625,1383.5999755859375,23118234
2026-01-30,,,,,,930.0,938.9000244140625,927.75,929.25,29691233,1368.199951171875,1381.9000244140625,1353.199951171875,1355.0,24013717
2026-02-02,,,,,,915.0,929.7999877929688,909.2999877929688,928.0999755859375,28032106,1329.9000244140625,1354.4000244140625,1329.0999755859375,1352.800048828125,12800245
2026-02-03,,,,,,983.75,994.0,945.0,948.7000122070312,50336968,1412.0,1417.0,1373.4000244140625,1389.699951171875,24896698
2026-02-04,,,,,,952.5,957.2000122070312,947.9500122070312,953.0999755859375,24366770,1387.0,1414.0,1386.9000244140625,1408.4000244140625,11080683
2026-02-05,,,,,,956.0,956.0499877929688,946.7000122070312,949.7000122070312,28103169,1414.0,1414.0,1393.199951171875,1396.5,8982761
2026-02-06,,,,,,945.0,948.0999755859375,937.5999755859375,941.0999755859375,18120272,1396.699951171875,1410.5,1394.699951171875,1406.0999755859375,10851190
2026-02-09,,,,,,945.0,950.0,935.3499755859375,936.75,12920117,1413.5,1414.0,1392.199951171875,1393.5999755859375,2856151
