,RELIANCE.NS,RELIANCE.NS,RELIANCE.NS,RELIANCE.NS,RELIANCE.NS,ICICIBANK.NS,ICICIBANK.NS,ICICIBANK.NS,ICICIBANK.NS,ICICIBANK.NS
,Open,High,Low,Close,Volume,Open,High,Low,Close,Volume
Date,,,,,,,,,,
2024-01-30,1449.2235971647833,1449.2484377227322,1394.1066401470152,1397.2830810546875,14093978,998.5819848189448,1007.338419115052,991.7440549694523,1000.5005493164062,16085742
2024-01-31,1393.6847810610707,1423.7125336444733,1392.195801594125,1416.1435546875,15130226,1000.4020967435955,1022.2440902784828,987.070629039353,1011.569091796875,25627447
2024-02-01,1424.4569627393994,1432.745590517861,1407.631543948549,1416.1683349609375,13349362,1017.2755035530364,1017.2755035530364,1000.9924764517363,1008.6174926757812,13058880
2024-02-02,1422.6453963923934,1464.0638152243819,1422.6453963923934,1446.9901123046875,19652588,1020.3746743205556,1033.0666601657867,1005.1738843616477,1007.4859619140625,14774650
2024-02-05,1450.0177530325548,1459.6961190035063,1421.007495677393,1428.452392578125,8814432,1006.0102065272255,1009.8964570838909,995.7779026556566,1006.9940795898438,12948430
2024-02-06,1431.2565145548228,1431.2565145548228,1409.3933108861847,1417.309814453125,9047984,1007.0432159063025,1018.2102106949073,1000.3037097510473,1009.8472900390625,12886927
2024-02-07,1425.3752031215413,1438.8504181404362,1418.7491963623445,1431.554443359375,9296568,1011.4214656725248,1014.9142629380416,996.6633703562916,1005.6658325195312,16410895
2024-02-08,1439.3467435794867,1448.752105824393,1417.0368932886952,1439.4708251953125,14694634,1007.5843506463148,1011.6674477599702,969.3609072749921,973.3455810546875,20565502
2024-02-09,1443.31729322881,1461.1602045826953,1440.2896534634558,1450.0177001953125,12556798,972.9028503266528,997.401313514954,969.6068995994941,994.4005126953125,12799837
2024-02-12,1450.017752117624,1450.2659153474917,1431.7529141646626,1441.679443359375,6674430,994.105320862232,995.876280283492,969.360890452768,980.035888671875,8050066
2024-02-13,1444.8063713272154,1468.1337156942297,1443.3173918995335,1454.3358154296875,7715594,989.7762629977263,1010.4868382114652,984.1681747459204,1003.3536987304688,18706292
2024-02-14,1446.7916226083244,1472.749520552248,1446.7916226083244,1470.4912109375,7117888,993.2690157159769,1018.997259686499,991.3012696355923,1006.2069702148438,17878720
2024-02-15,1472.4516121931645,1473.8165098910026,1455.750276105359,1459.7952880859375,10006782,1006.3544812043777,1010.0932466717068,990.3665448403932,1000.2545166015625,10069878
2024-02-16,1465.6271998466532,1466.1483668657747,1447.8339689108675,1449.843994140625,9767498,1006.6989262673613,1009.650485394361,1000.5005380040549,1006.7481079101562,7159395
2024-02-19,1451.3082561823699,1468.6300012389227,1442.8458657695369,1463.17041015625,6729828,1006.8464465307476,1029.1311947979043,1006.8464465307476,1026.91748046875,9388255
2024-02-20,1464.1880192365334,1464.659505178025,1451.0602075132595,1460.2174072265625,7117496,1024.2610180558977,1035.6739206502066,1016.5867607398595,1031.8367919921875,11293528
2024-02-21,1463.170510366537,1477.5888193115914,1446.8414171157522,1456.916748046875,12720292,1039.7569873370444,1046.8408245754547,1031.0988572886058,1034.985107421875,15946325
2024-02-22,1457.3633484018678,1474.0398440634356,1447.2878974462733,1470.8634033203125,18493728,1038.969987954932,1048.808718901475,1023.5232284095382,1045.5618896484375,13432573
2024-02-23,1478.556551746289,1486.5474563697878,1472.4517119404402,1482.6512451171875,14438584,1052.744218252001,1052.744218252001,1040.5934094728898,1044.1845703125,13142759
2024-02-26,1482.5768223248915,1483.5446346905887,1471.607959051116,1476.3974609375,7513106,1036.1166162761153,1045.1683197973161,1033.558570535963,1037.1988525390625,7875941
2024-02-27,1472.1291493159843,1488.9297276070065,1467.1907251784094,1474.73486328125,10826044,1033.8046204513494,1049.0054112267308,1029.6231599356051,1043.1021728515625,10580973
2024-02-28,1472.1042938560004,1480.3185210789975,1439.5205099276588,1444.930419921875,8647950,1045.8569952406344,1047.6771362637548,1025.3432672847086,1029.327880859375,7730332
2024-02-29,1454.2365988812116,1468.1088998815815,1443.8385832706604,1450.0675048828125,23628976,1026.22885861961,1043.5941223069317,1021.7521880889905,1035.231201171875,20944844
2024-03-01,1452.7475417409498,1488.979373154373,1451.7548888255137,1481.1622314453125,12132926,1037.986009477885,1072.3723226042753,1037.0021364831193,1069.37158203125,14909562
2024-03-04,1479.5243736818861,1501.337897909408,1476.2982516112518,1496.3250732421875,10024420,1063.5667080999103,1077.3409300364494,1062.6811983836533,1074.733642578125,11424581
2024-03-05,1494.7119691573153,1496.3250301461744,1475.1319146195472,1489.1778564453125,7107668,1068.6829125129027,1081.7684727754213,1059.1393914895327,1070.503173828125,9222544
2024-03-06,1482.4775132325713,1497.9133152152726,1467.6373999640691,1491.9573974609375,7805676,1062.878109231162,1095.5918883060335,1062.878109231162,1079.4071044921875,21796484
2024-03-07,1491.9325571368477,1492.056638756749,1464.7091224345347,1468.059326171875,8315726,1077.2917746056637,1077.3410163000535,1065.2393294461426,1070.4046630859375,9963926
2024-03-11,1478.060156044582,1478.060156044582,1452.7475073010382,1455.82470703125,11277130,1070.404535791999,1070.404535791999,1059.3852067115477,1061.3037109375,13310362
2024-03-12,1455.8248476863198,1477.0676458601295,1454.2614676999044,1464.5850830078125,9432678,1059.6804892440682,1077.1442354316735,1038.625582496139,1059.483642578125,21785435
2024-03-13,1468.9029635812572,1472.2034859914554,1417.2850129833478,1421.6527099609375,13522134,1059.77885170946,1072.0772645081547,1055.8433596138777,1066.4691162109375,24855870
2024-03-14,1429.1224321842872,1437.882667347047,1415.0268084821887,1420.9578857421875,18571102,1062.5828370894137,1079.4070413229927,1057.7127137934276,1066.124755859375,14231421
2024-03-15,1415.4733954219128,1422.694969713975,1402.5193474045138,1407.80517578125,19223818,1054.7119299877845,1068.7321212212976,1052.7441838497475,1062.92724609375,66192734
2024-03-18,1409.5671563330236,1431.1325169373013,1406.1177116464064,1428.8990478515625,9169392,1057.7128263089558,1067.3055890531218,1042.9547297794695,1063.7635498046875,8769440
2024-03-19,1418.252849649116,1427.0378036957165,1406.8373411480031,1414.778564453125,8275764,1061.0578145795118,1071.1917547663113,1057.9094689437209,1066.4691162109375,16708715
2024-03-20,1417.458614341769,1434.3833942099568,1413.5625245390722,1433.142578125,8488806,1062.5829470306016,1072.4216780216257,1050.2845332918216,1067.0103759765625,18725251
2024-03-21,1441.8532357214951,1447.1887452733042,1434.060934378195,1440.3145751953125,13006936,1074.3893386064215,1082.2603227720363,1061.7465943107402,1064.3538818359375,19992607
2024-03-22,1439.321893152815,1449.2732629085037,1436.716179238339,1444.3348388671875,19527608,1063.7143347625467,1076.061869046459,1061.303773813482,1072.716796875,17214415
2024-03-26,1434.3835274360674,1441.7291835759677,1428.4276096750873,1430.983642578125,11415906,1063.5667354159368,1071.585324555275,1059.58200164128,1066.22314453125,13367635
2024-03-27,1437.3614966588377,1488.9794509587407,1436.368843691532,1481.8819580078125,16326644,1066.223219242338,1074.8813504721743,1062.1402420015347,1066.2724609375,26907245
2024-03-28,1481.90676076149,1494.8856495085238,1467.786296896486,1474.933349609375,21854364,1067.5022626495677,1087.2289654055658,1067.5022626495677,1075.66845703125,22070566
2024-04-01,1481.509712382751,1482.9986918329437,1471.6080232736622,1473.8663330078125,5013880,1078.3740966909645,1085.162724605495,1076.7998037410023,1081.916015625,10848191
2024-04-02,1473.0968689675985,1483.0233977342266,1464.1629930776332,1476.025146484375,8910166,1076.7998684057336,1076.7998684057336,1061.845045296533,1063.7635498046875,14380396
2024-04-03,1471.186101560143,1473.5436523631188,1458.1079713887636,1460.7880859375,7008292,1057.6634084362693,1066.1739333709988,1054.9577578565486,1059.827880859375,15477184
2024-04-04,1468.878217464342,1468.878217464342,1439.3467919062653,1452.1768798828125,14490272,1067.2562910312008,1068.2894057744195,1046.2997470246664,1061.451416015625,21419689
2024-04-05,1450.1417667351745,1459.9938949751336,1445.3025839763254,1449.3724365234375,7442298,1052.7441775200211,1068.4861465296663,1050.235253168432,1065.9281005859375,15340637
2024-04-08,1452.226356281804,1480.0206375610207,1450.2658910334067,1475.057373046875,8357118,1060.9594232885527,1074.1433454810406,1058.9425557038237,1069.6175537109375,8023461
2024-04-09,1478.060211901015,1478.8543827139295,1451.7549092714805,1452.896484375,7071414,1074.340076856861,1097.2643658518941,1070.7490364796934,1089.1966552734375,12298463
2024-04-10,1455.5766564963697,1476.0749645358123,1455.5766564963697,1468.7044677734375,9138330,1093.0337202336968,1098.5435054120717,1087.3273285870816,1091.5087890625,10598000
2024-04-12,1465.031599863232,1475.5536963762681,1452.3255942645226,1456.3707275390625,15551012,1085.7038457563601,1093.9191612122947,1078.1280717650227,1086.58935546875,12216657
2024-04-15,1450.2658952456557,1471.2356878788278,1435.6986653849476,1454.062744140625,12902062,1082.4570746408115,1088.3111913118553,1059.2376948297706,1060.95947265625,10526597
2024-04-16,1442.6721581376476,1460.3662698899807,1440.265047408789,1454.9810791015625,9366184,1053.2853525855292,1057.2699664181264,1045.561852981989,1049.841796875,11278092
2024-04-18,1452.7475160786112,1475.0822062813913,1448.6279823176308,1453.56640625,19005692,1056.67972736376,1060.66446152718,1033.5094674241823,1038.4288330078125,16564216
2024-04-19,1446.0720814485837,1463.1705049395248,1432.4231028577299,1459.323974609375,15741778,1035.9691407376135,1054.7119714804403,1031.1973801854901,1050.03857421875,11284433
2024-04-22,1461.6317610616636,1471.9305352298081,1457.0160218672338,1468.9774169921875,10350362,1061.4023525762484,1071.1426002239434,1053.088552786897,1069.125732421875,10346714
2024-04-23,1468.1337674689391,1482.5272357774581,1444.8561033979943,1448.603271484375,14605554,1082.2603648639933,1082.2603648639933,1065.239312903183,1072.6676025390625,9848215
2024-04-24,1452.7475596039474,1457.7605053579202,1438.8504186169605,1439.5205078125,10462776,1074.6353155118281,1080.686158658188,1071.4377281688085,1079.062744140625,5461309
2024-04-25,1431.9018276580116,1457.189636393573,1430.9091747445573,1449.2484130859375,15943926,1072.4215900322672,1107.4966871577883,1072.3723483406734,1095.78857421875,19905338
2024-04-26,1453.1943211694756,1454.2366552962403,1439.346860190818,1441.878173828125,9413848,1094.2144193811591,1101.9377986819404,1084.9659888361693,1090.032958984375,14190059
2024-04-29,1439.3467183436048,1457.1152296530197,1439.3467183436048,1454.2613525390625,7247974,1090.1313056288498,1144.6870165205935,1090.032942347235,1141.4403076171875,28578063
2024-04-30,1457.2144546560796,1472.178648628076,1452.1271085524606,1456.2218017578125,11474262,1141.2434493596547,1150.6887263324581,1128.2563736745785,1131.8475341796875,29568491
2024-05-02,1461.185178797564,1466.4710074185996,1453.368036621592,1455.7752685546875,14512646,1124.5668940413143,1136.8653071432534,1114.9741318218018,1121.0740966796875,25118334
2024-05-03,1460.1925152681529,1464.1134460205978,1405.7455242326487,1423.46435546875,17226958,1122.8944193922243,1138.7347523146345,1117.1386656639672,1123.63232421875,19933604
2024-05-06,1424.9533097670264,1429.4202480421582,1407.5818831415143,1409.095703125,7394208,1123.1403237344898,1139.767682131019,1119.7458896646774,1127.813720703125,14970524
2024-05-07,1405.571689953147,1410.311631866643,1381.772860502106,1391.17822265625,14517472,1129.4369636309043,1134.1596020771042,1108.1362092373274,1113.6458740234375,15097728
2024-05-08,1387.2325360419566,1422.4220356245855,1387.2325360419566,1408.1279296875,9439002,1108.3823240237211,1113.7443845482246,1098.0516561458446,1104.8895263671875,19913090
2024-05-09,1402.6186490602306,1413.2896685063718,1379.787630710347,1383.88232421875,11009612,1102.4790338657724,1110.6451084134283,1092.0991247743116,1097.7071533203125,12229853
2024-05-10,1386.4879762578594,1399.6406275450738,1377.8766636438304,1397.0845947265625,10505096,1099.9700317150034,1110.6942716080541,1094.1160353113987,1099.035400390625,8573656
2024-05-13,1389.6149314683873,1396.6379028351905,1373.8317248456565,1392.394287109375,8456620,1094.4604418124766,1112.4161255815404,1088.8522931770124,1109.808837890625,9707983
2024-05-14,1390.6818338615062,1416.590049599915,1389.738862101979,1409.6414794921875,7188300,1107.7427007496667,1109.7104468669584,1100.5112577889583,1102.47900390625,8944262
2024-05-15,1410.063563528233,1419.468926315315,1402.6435067088078,1405.86962890625,5046534,1104.003936981434,1109.612085486358,1095.5426526828924,1106.2176513671875,10743423
2024-05-16,1408.1278405018506,1417.0120356183081,1387.75361519461,1414.8778076171875,14711774,1114.7281968433215,1118.2209943092364,1094.8540087178606,1112.8096923828125,14265565
2024-05-17,1412.5948920294334,1426.6408349602225,1402.8668442157614,1425.15185546875,10916476,1112.8096108108375,1125.5507181902365,1102.528065843281,1112.2684326171875,8641784
2024-05-21,1415.1260338425998,1431.231803864575,1415.1260338425998,1425.57373046875,11176128,1104.1022778238569,1115.5153011731006,1098.2482812745363,1102.8724365234375,10452900
2024-05-22,1425.7226630539947,1457.9838844507517,1425.7226630539947,1449.9185791015625,10281604,1106.857133236162,1107.742642963088,1080.3909253188892,1093.1812744140625,17527411
2024-05-23,1447.8340020088174,1481.2615172416956,1444.3100355832012,1475.1319580078125,14608260,1097.5596331640875,1118.6636621265907,1093.4765359706398,1116.2039794921875,13787687
2024-05-24,1472.724715385057,1477.5638984586112,1465.2549777906743,1469.37451171875,7094776,1111.7765639224867,1116.6959292495774,1106.0209305101291,1113.695068359375,6312670
2024-05-27,1469.3497180106694,1473.990419113941,1450.8119965034373,1455.4774169921875,6629010,1113.6459433951586,1129.2895491082788,1103.4628812192523,1111.579833984375,11599857
2024-05-28,1457.2144512745626,1467.6373066821805,1442.0764946111178,1445.5010986328125,7820162,1114.2361779831701,1116.8925870555686,1106.8571304468578,1108.775634765625,9311718
2024-05-29,1435.8724890871501,1447.287997987601,1427.8815843874524,1430.1895751953125,7383556,1097.067741329381,1105.4306626270395,1080.7845935856149,1084.2281494140625,19268547
2024-05-30,1424.9532474164846,1429.817270893488,1409.6663684202383,1414.3814697265625,13206858,1079.308747806472,1102.9217012680538,1079.2103845207203,1095.7393798828125,15255387
2024-05-31,1420.7841589242364,1431.653659822201,1411.800601617005,1419.8907470703125,31069832,1099.970086377496,1112.366862972861,1093.328943190512,1102.970947265625,26197718
2024-06-03,1472.1043222829317,1503.3728901534053,1448.2806515244756,1499.228515625,21527942,1151.1314549939386,1154.0830741093077,1117.974981638635,1141.292724609375,25699977
2024-06-04,1487.0437791255476,1487.0437791255476,1349.3131842665355,1387.0091552734375,36709098,1139.2265453107807,1140.702354777864,1036.5594240710273,1054.170654296875,43476837
2024-06-05,1411.5524616660985,1420.6352601794422,1373.9308915121778,1410.3116455078125,17464890,1067.5022525173526,1105.1353964425034,1034.0998107211954,1090.7708740234375,42172104
2024-06-06,1424.4569533735907,1433.0929853880773,1410.9072166555904,1421.0819091796875,17855722,1099.970087057546,1099.970087057546,1078.9151794387894,1092.49267578125,18574162
2024-06-07,1418.004611799037,1461.1850112482903,1416.0193060772324,1459.1500244140625,18558696,1092.4926581643756,1110.104009770429,1085.8022733872265,1103.6103515625,17197635
2024-06-10,1459.150058153404,1482.3781598703026,1457.2888339961758,1460.5894775390625,9251760,1098.0022563128857,1114.9248236920885,1097.1167466019742,1105.676513671875,10851455
2024-06-11,1458.20717740815,1462.847878399236,1443.9874724286744,1445.9727783203125,11774902,1101.6919214874545,1110.8419895056586,1093.0830317236544,1100.1668701171875,12250002
2024-06-12,1446.7916974833406,1465.1557773484808,1444.4838278075101,1452.5738525390625,10081742,1102.9216850641683,1115.1217348604168,1094.0668276461688,1101.4951171875,16096514
2024-06-13,1461.1851486521073,1461.433311890669,1449.3725542618724,1454.4847412109375,9181160,1104.1021886675976,1105.0860616284854,1087.1796217809997,1089.49169921875,12494254
2024-06-14,1459.199879544848,1468.8038455887872,1446.518713499826,1466.6944580078125,8157998,1096.0345294527124,1096.0345294527124,1081.719129164698,1087.8192138671875,11377979
2024-06-18,1476.4224025999808,1476.4720837189377,1460.5399547367645,1470.1439208984375,7196766,1095.9853271941342,1116.7451444635597,1083.4409459075023,1104.7418212890625,18306176
2024-06-19,1476.571240472528,1476.571240472528,1445.3026730272272,1447.9332275390625,8725874,1109.75950368303,1146.75322461017,1107.9886043418487,1125.993408203125,34309514
2024-06-20,1448.280730003189,1471.9554798675892,1439.446094050177,1462.8726806640625,16113776,1135.4386364718932,1141.2926325377728,1117.1877450402078,1138.144287109375,15475933
2024-06-21,1462.7982011333013,1463.8652545834836,1429.9909727182371,1443.515869140625,31170360,1144.7854792681483,1151.033048809149,1132.0934935247788,1139.9644775390625,69259425
2024-06-24,1434.9045699529108,1438.8503408924523,1426.9385064042085,1430.88427734375,8878386,1136.0289470067053,1156.6902793435293,1134.0612010698649,1151.229736328125,12210295
2024-06-25,1432.3982039886682,1445.2282918111714,1430.4128980926341,1443.46630859375,7045386,1151.3773811074136,1186.5508409447048,1148.8193353214021,1178.630615234375,27309845
2024-06-26,1435.425808927042,1507.8149506909176,1434.5075565031482,1502.9013671875,22014882,1182.6154524579229,1203.1291823342124,1174.59686276576,1198.357421875,25403461
2024-06-27,1502.6283145931025,1526.2038207675607,1494.9352546835423,1519.304931640625,28383030,1208.5403632954783,1215.083142699582,1189.6008082372055,1200.2266845703125,20516632
2024-06-28,1519.7764812043604,1569.3842873036351,1519.7764812043604,1553.89892578125,28957336,1207.2122974343558,1207.2122974343558,1177.0565628057336,1180.254150390625,12507092
2024-07-01,1551.0450507194453,1567.7960689891884,1544.2454023527885,1548.6875,7724306,1180.25407382428,1195.7500741919466,1172.8259044392062,1192.3065185546875,8636894
2024-07-02,1557.968834801107,1561.9394466769938,1545.5606726889605,1553.6756591796875,7749246,1197.3734411453652,1197.3734411453652,1166.4306833322826,1171.399169921875,16153925
2024-07-03,1554.8170660210362,1563.4283787351976,1531.440162014497,1541.019287109375,9049620,1177.54840489326,1196.24199235147,1160.428990253299,1182.2218017578125,22330897
2024-07-04,1545.5606622734106,1555.983518377374,1539.4062623766438,1542.6075439453125,6837176,1209.179986290108,1215.033982934888,1194.7171004020095,1213.115478515625,15275791
2024-07-05,1542.4088769403465,1586.755694667964,1536.6267221432645,1576.9532470703125,12269710,1205.2444756355717,1222.5606171427328,1201.1613784936928,1213.509033203125,9535575
2024-07-08,1577.3255888697254,1596.9801663885871,1570.898185044045,1589.13818359375,9500806,1209.0816030717467,1219.5106332770943,1197.2751265898385,1215.1324462890625,6617190
2024-07-09,1585.8623208770043,1588.7410386525216,1568.887979750272,1578.5911865234375,6960002,1215.0339475267522,1230.038011199292,1209.4751610015549,1228.1195068359375,13366874
2024-07-10,1583.2814308954767,1585.7630632323035,1551.6654591589945,1572.5855712890625,7134578,1232.5469141994527,1232.5469141994527,1216.4113728030459,1223.15087890625,18226503
2024-07-11,1575.8365135146928,1592.4634499565013,1558.9614138424095,1569.036865234375,11940946,1226.2501602309792,1237.5155787915146,1205.2937361837155,1218.4775390625,11307116
2024-07-12,1572.8586162043875,1593.3569240772113,1562.9320865975437,1584.9937744140625,12924784,1215.9687089511149,1232.6945505595163,1210.2621973028672,1213.01708984375,12208290
2024-07-15,1592.6620057625546,1594.0517441522056,1573.8512804915936,1585.4901123046875,5329688,1213.213848187686,1218.4775450466864,1204.309869041595,1210.1146240234375,15612671
2024-07-16,1581.792452589091,1588.24469666931,1557.5965372882695,1564.669189453125,9386838,1210.1638079399554,1224.9219031587354,1209.1799349253702,1219.9041748046875,12320605
2024-07-18,1564.4210812674708,1582.1895936713806,1546.3795650620239,1575.0177001953125,12298374,1214.9849267751276,1236.1873202209238,1211.8364607641408,1230.1365966796875,10999632
2024-07-19,1574.3475621142547,1578.293333314245,1541.3915329908289,1543.7242431640625,13140390,1223.9380279933182,1230.3332025768846,1220.2485041951068,1228.5130615234375,7958817
2024-07-22,1525.9557698439748,1526.203933085127,1488.2597977476694,1489.6495361328125,19674376,1220.0026771573469,1225.2172527697476,1213.0172019778342,1221.1341552734375,9958965
2024-07-23,1489.9719903646578,1494.6870915999891,1452.2511804820083,1476.96826171875,18052044,1221.1341050565184,1228.5131532036169,1192.9461171142627,1206.96630859375,19369832
2024-07-24,1474.0895996286229,1498.4095963901725,1465.552808673545,1484.7109375,11913362,1205.2444794873966,1213.7550053424823,1182.6646411572679,1203.2767333984375,20122521
2024-07-25,1470.1189136102262,1489.4508041915794,1466.2227025912728,1481.4351806640625,12519876,1186.0589540798987,1198.6033353860112,1171.3992217096722,1178.58154296875,14154461
2024-07-26,1481.4352554076795,1501.3131545447015,1479.4002684339398,1497.9381103515625,9859940,1170.808877642708,1200.3250678353813,1166.824143926023,1187.7314453125,19309265
2024-07-29,1500.8416167163412,1516.2774189432153,1500.6679751498336,1508.9317626953125,7538550,1195.5533833447412,1222.7082560181059,1184.7307795900044,1193.142822265625,28458261
2024-07-30,1505.8792447159437,1513.795627121447,1498.9058340677934,1502.03271484375,8228208,1193.4379877337221,1211.0000973333736,1184.976703679443,1189.9451904296875,23972277
2024-07-31,1492.9499231376883,1499.3524857083617,1490.1208866802617,1494.364501953125,10057346,1199.3412284660044,1204.9001351285349,1191.4702441938732,1195.307373046875,22297629
2024-08-01,1500.8913109431162,1506.8472288436842,1493.2479314401046,1504.1671142578125,10764222,1192.946036063854,1202.9323712314479,1187.4363711753606,1190.584716796875,8725046
2024-08-02,1493.9425575637474,1498.2357327232485,1482.3037269895096,1488.3092041015625,10268248,1177.6959907114142,1182.2710242194773,1170.9072429350965,1177.2532958984375,10735395
2024-08-05,1469.1262655731218,1472.9976360481728,1422.7197433328897,1436.6912841796875,17046704,1162.937883324056,1169.7266310287719,1148.1797883580148,1153.689453125,14306771
2024-08-06,1444.4590050773538,1466.6447748995176,1440.6620347326755,1445.3524169921875,10236186,1156.0508158159441,1168.5459553164283,1142.768529846995,1148.0322265625,13575619
2024-08-07,1458.2071184913539,1461.6814036613468,1450.7622216985117,1454.062744140625,8174568,1159.9370447242293,1160.7734328695763,1142.8668719088475,1153.5418701171875,15753644
2024-08-08,1446.816580877676,1454.2366377811502,1435.3018303695276,1438.478271484375,12387192,1148.1305589944793,1155.4604849673224,1140.2104533386794,1145.8184814453125,10806438
2024-08-09,1449.2732763644294,1465.6520496932055,1445.3026646483625,1463.46826171875,6249776,1157.5758097480823,1161.9047548052447,1150.1475206629223,1152.70556640625,8687307
2024-08-12,1459.199797918004,1462.1777566892652,1447.0397996020206,1449.8936767578125,8184584,1162.0336803927066,1169.228167312303,1147.1485350418181,1163.8199462890625,10860455
2024-08-13,1450.0178268110735,1459.2742672925806,1447.28803114191,1452.8717041015625,6265064,1174.1402001247322,1180.143923785119,1154.6903013699869,1159.4039306640625,13117927
2024-08-14,1452.7973239887267,1461.1851932386814,1443.0195951522678,1451.1097412109375,6267466,1158.0642597488902,1161.090954297597,1144.1714580038308,1152.7552490234375,13431801
2024-08-16,1457.8598362701878,1469.5235088888628,1447.3377388233519,1467.339599609375,9416902,1161.0412636212889,1183.8651517095705,1156.7245959708455,1178.1591796875,10961370
2024-08-19,1476.6025720306277,1492.3397678065596,1474.6105280885965,1482.4791259765625,13797742,1181.8804727263328,1186.5941018157116,1164.3160506791048,1166.8961181640625,6686394
2024-08-20,1491.268975771349,1497.9423959482733,1484.0976661921165,1489.9990234375,8411808,1165.2091443736933,1180.6897926432184,1161.041352076898,1170.4189453125,10427061
2024-08-21,1487.30978907883,1501.8766102174725,1484.072717714687,1492.7132568359375,7769996,1167.9876876109618,1169.625077755297,1156.178781920312,1165.8541259765625,17234142
2024-08-22,1497.0210123494212,1500.5070892244864,1484.720165407205,1492.1654052734375,10445782,1172.9494391539793,1183.468250844818,1167.5907626667606,1181.979736328125,8564142
2024-08-23,1497.768063961028,1505.3128818837536,1492.4642955105633,1494.008056640625,9249654,1183.8651886303296,1195.7733045260243,1179.449310773257,1194.2847900390625,7518309
2024-08-26,1500.9802618699923,1516.941539085057,1497.021098650585,1506.5828857421875,8816114,1196.3191076607097,1205.647034605679,1191.8535643266057,1204.009765625,10920226
2024-08-27,1504.4912711730515,1507.4544123852302,1493.485179145279,1494.481201171875,6251156,1204.0098351320562,1223.0627726699063,1199.6435016150756,1216.9598388671875,16295325
2024-08-28,1499.0131426615155,1501.4782728482842,1487.0608784010915,1492.33984375,9610286,1213.2882407138438,1217.009527109644,1207.9792296829603,1214.47900390625,12291305
2024-08-29,1497.1205913811584,1530.885760314005,1488.0568158159556,1514.874755859375,38335358,1209.6164607584685,1225.5436144859966,1207.681440347739,1212.5439453125,10806748
2024-08-30,1527.89778785993,1533.599989641746,1497.3447635789732,1503.6197509765625,41620730,1220.5818867193016,1226.0894388087463,1209.5669036760319,1219.7879638671875,21211148
2024-09-02,1504.8647654458696,1520.7264647058682,1500.6316718721823,1510.2183837890625,11240852,1229.5129791826912,1229.7113993287953,1213.1393196536237,1220.5322265625,12516759
2024-09-03,1515.1984708784905,1516.941509382377,1501.5031683479538,1503.1217041015625,10923800,1217.8033299887798,1241.371477184039,1211.055469999512,1238.1463623046875,19114907
2024-09-04,1494.7301447200666,1511.4633627071519,1493.534966971581,1508.525146484375,11983304,1230.3565014424944,1234.176997942738,1223.3605556490777,1226.88330078125,13505843
2024-09-05,1513.0072347057646,1519.7054581926027,1481.1345314015284,1487.035888671875,16264168,1228.5206798050983,1235.3182053814185,1221.8720299114532,1226.486328125,9142811
2024-09-06,1486.5627588054047,1491.0448575756723,1455.8105811316245,1458.997802734375,19394228,1216.5628019074484,1224.4520011114125,1195.7732653744783,1198.899169921875,10170479
2024-09-09,1460.666261949736,1464.07768593117,1449.809597840599,1456.63232421875,9010298,1193.6893937018356,1228.8183593866072,1191.2580807218426,1225.5435791015625,13863250
2024-09-10,1454.6901127162012,1466.1942153054945,1451.7766997689328,1455.7110595703125,10768260,1227.4786328440832,1231.844966297702,1217.6048683884173,1227.8260498046875,15545130
2024-09-11,1457.2300550346945,1462.9073318760024,1441.7917138302157,1445.7259521484375,9760202,1222.0704612349368,1229.8107854485313,1217.009535927106,1226.88330078125,11993242
2024-09-12,1451.2039809867947,1480.088617533546,1440.1232367942907,1473.913330078125,22349376,1228.520699503871,1247.3752175091806,1216.9598787103319,1242.5623779296875,15376442
2024-09-13,1470.5268529366479,1477.2500011980833,1463.6542770635715,1466.766845703125,8711328,1242.4133910945052,1246.333097348584,1232.5396270556282,1240.7760009765625,9877288
2024-09-16,1471.6723576050656,1475.0090069946318,1458.9232273463058,1465.4969482421875,5481774,1241.4210578615323,1255.9092410243197,1235.169248684242,1253.1802978515625,8973335
2024-09-17,1468.1364260685732,1471.5975781970765,1460.790763828237,1466.4432373046875,5935328,1250.302517024621,1262.508384404533,1248.7644580527592,1258.39013671875,11513121
2024-09-18,1464.1522884024148,1476.10455198121,1454.7399294679985,1457.6282958984375,8574714,1252.3368930345305,1285.4315085718288,1252.3368930345305,1278.485107421875,12466597
2024-09-19,1460.4171894563083,1470.6264144806405,1449.7598031867433,1463.82861328125,16955902,1278.4851014958492,1290.0459218689532,1275.5080724453824,1282.107177734375,13172268
2024-09-20,1468.136427109257,1489.0528890965668,1465.5218693608433,1480.0140380859375,30897320,1285.0841618950908,1351.9184375163336,1281.6606270608918,1328.201416015625,73257767
2024-09-23,1485.0687739665293,1495.5270047691104,1483.026880271187,1487.434326171875,8832314,1320.80849505564,1321.60241788708,1298.4807781970735,1311.7781982421875,11380409
2024-09-24,1482.5786761041754,1494.530939532627,1481.9561623839436,1483.4501953125,17137444,1310.8850653274296,1321.2054564579635,1305.377513381459,1308.50341796875,13886037
2024-09-25,1477.9970102640052,1490.5468626388433,1474.3116560624171,1488.0069580078125,7069002,1300.7135877579847,1317.583418764573,1300.0685405806087,1313.7132568359375,8728019
2024-09-26,1484.7202013028073,1498.017070530802,1482.1305684499498,1491.9910888671875,18818998,1309.892782398436,1323.1405374478413,1306.8165432729581,1318.87353515625,11100869
2024-09-27,1493.0369361114394,1527.3747692811157,1486.0647823070499,1520.1038818359375,20597478,1322.793216287465,1322.793216287465,1293.8663936696585,1296.5953369140625,17117379
2024-09-30,1513.3558880158446,1518.9086621673466,1468.5348969230117,1470.701171875,27008814,1282.2064133181361,1286.870498271365,1261.168789397214,1263.252685546875,12622212
2024-10-01,1474.7599230273088,1482.0308103038055,1457.0057588364782,1458.997802734375,16431642,1260.0772141126831,1270.4471502080723,1257.8939867892805,1264.6419677734375,10972413
2024-10-03,1430.8602791168494,1443.634334423912,1396.4975195620746,1401.3780517578125,37757294,1244.0011592918727,1256.0581509565811,1238.5929384016897,1246.7301025390625,17648551
2024-10-04,1398.34020617394,1411.711728297617,1376.2782950115372,1381.0093994140625,37072876,1237.5508987809962,1254.7184806872842,1226.734336136113,1230.2572021484375,13488887
2024-10-07,1387.9566419173104,1390.9447078848398,1355.9594355150189,1365.272216796875,22181340,1232.0434743858432,1253.2795172340534,1215.6201496244253,1224.4520263671875,20667247
2024-10-08,1367.513224520688,1395.4267642320656,1359.669551595401,1391.791259765625,17020808,1231.4976811477177,1238.245662101406,1220.3338222332038,1227.13134765625,12219259
2024-10-09,1391.9656892391695,1395.4019165531051,1367.0402140253339,1369.1318359375,14310610,1233.5319821121263,1255.4130720043904,1223.2115909568488,1234.62353515625,14765997
2024-10-10,1374.5352199766685,1380.4864268287754,1363.9774115920343,1365.595947265625,22358646,1237.2036303622588,1245.0927087268437,1228.520629146562,1233.978515625,9118195
2024-10-11,1364.5501018082973,1377.7723178051706,1363.3797273571677,1366.6417236328125,7980122,1227.528300150437,1231.299252032795,1212.6431550394777,1213.635498046875,8472512
2024-10-14,1373.962442591221,1374.5849563155427,1362.8070452852592,1367.0650634765625,12221432,1211.6507942721546,1228.4214150784755,1208.0783837250117,1222.3184814453125,11833929
2024-10-15,1353.1207855156183,1366.243302159234,1335.3666207605413,1338.678466796875,33762794,1229.4632721003522,1248.6652054451272,1225.9405272443164,1245.8865966796875,11657338
2024-10-16,1334.6695151768993,1358.5740438069333,1332.3039628645522,1348.6884765625,20034438,1238.9402364127245,1245.340800313192,1232.0930454805564,1233.6312255859375,7869727
2024-10-17,1360.2671814831224,1363.0062419523483,1346.6715786036464,1351.0291748046875,15543660,1239.8829828601924,1247.3255557801638,1215.024861988864,1221.8223876953125,8459497
2024-10-18,1346.796043723323,1362.9814005892638,1335.9891081789099,1353.8927001953125,12082452,1218.547563181441,1259.1840825393742,1215.8682854811916,1254.8177490234375,11018126
2024-10-21,1361.686598848784,1368.5342502099143,1352.3239675798945,1363.7532958984375,14067408,1254.8177669815936,1262.607635574402,1240.9746301061532,1249.4095458984375,7742775
2024-10-22,1363.7532474009167,1370.5262455038624,1334.8935348257999,1338.006103515625,15831960,1256.9016668439735,1275.0615928812024,1250.1041412654479,1257.7947998046875,20090801
2024-10-23,1332.1793705575924,1352.0748848775756,1329.689315659354,1333.2003173828125,17214742,1251.3445279562577,1258.2412633793258,1233.5320194899548,1242.0164794921875,14055447
2024-10-24,1329.9633130042932,1338.3547254831988,1317.8616212723593,1334.4703369140625,22155934,1240.6768573006573,1250.7987076222266,1231.547349996325,1243.15771484375,12223031
2024-10-25,1338.1555171764887,1339.002111534351,1316.7410448137834,1322.5677490234375,18597496,1237.6998715609657,1259.184122863092,1224.7497462785968,1245.8370361328125,13546055
2024-10-28,1331.6813526124565,1347.6177038778262,1316.8406011796387,1329.0418701171875,10824350,1275.6569864282283,1297.7862848220739,1270.794481272672,1282.95068359375,24096412
2024-10-29,1322.8167478889227,1337.856655249044,1315.0478495098762,1334.66943359375,12008361,1291.3855165608227,1325.1251779791885,1289.3016205238707,1321.6519775390625,20656117
2024-10-30,1329.6893351932274,1344.62966480214,1320.0776988278842,1338.553955078125,11984423,1313.8621457191011,1320.7093367177222,1295.6030101013187,1302.1029052734375,15055031
2024-10-31,1334.6694245700712,1337.6574904459744,1320.8745447599274,1326.7510986328125,9331650,1297.2403694104125,1308.8507339009743,1278.6836040126998,1282.355224609375,23497314
2024-11-01,1327.7471304089104,1336.6116286385318,1327.6972806767253,1333.3248291015625,2127335,1280.0727600114117,1286.2749035463628,1276.4011394929669,1281.90869140625,1007022
2024-11-04,1332.5280301195805,1334.6695017714562,1279.9878687625326,1296.9700927734375,19796890,1280.221658871375,1281.908714624808,1260.3252547322475,1267.42041015625,14309121
2024-11-05,1287.8564249120313,1304.3406373759979,1281.0336986406933,1300.1075439453125,16267479,1263.2526375453915,1291.3359928673021,1253.4284176295798,1286.7711181640625,16431920
2024-11-06,1304.7888451117578,1323.0160966964434,1295.0277806900112,1320.0777587890625,21625209,1290.2940335374446,1304.9310933295442,1282.8017951557133,1292.3779296875,12037405
2024-11-07,1318.7331565363688,1318.7331565363688,1297.4182609581876,1300.4561767578125,9611974,1287.2177364325325,1292.824498565034,1265.4854006783698,1268.908935546875,9909035
2024-11-08,1292.4879180085577,1296.4720058402277,1269.9279963447846,1278.6431884765625,19814406,1260.2755859661174,1265.2373008714958,1243.108003939261,1249.2109375,11195808
2024-11-11,1273.8622221377802,1280.884225507143,1261.9598084895413,1267.6370849609375,9056552,1252.3369021242906,1266.1304944492979,1237.1044608620273,1259.5810546875,8387780
2024-11-12,1270.4759075040322,1284.1712099692156,1262.4578817905294,1269.1810302734375,10671091,1266.3785236970411,1285.084164724792,1254.817703702316,1260.8709716796875,13486168
2024-11-13,1265.196886863478,1270.3761523895544,1244.5294313213271,1247.0693359375,14633633,1260.8709623351128,1266.477724382224,1240.4287212362626,1244.100341796875,12260404
2024-11-14,1248.613186761178,1267.537605244334,1246.1231316976048,1262.5574951171875,12612633,1244.149990424334,1257.993126310203,1233.5319691696748,1247.325439453125,9506892
2024-11-18,1262.55746761959,1267.8364328732807,1238.951794764919,1255.7347412109375,13620611,1250.3521900785158,1252.9322576721884,1239.8333784208526,1243.852294921875,6195554
2024-11-19,1255.734688515481,1276.4021442257297,1230.236550606767,1236.710693359375,14183746,1247.4248442373848,1251.3445507199667,1231.3488145998942,1239.53564453125,11537317
2024-11-21,1236.7107220331202,1239.0014996478671,1212.407761281373,1218.1348876953125,19433843,1238.9899233393824,1247.2759633109613,1223.1124350544421,1240.974609375,9593870
2024-11-22,1224.509420421979,1263.8024380613526,1217.586994857739,1260.3662109375,20471957,1248.3675121917486,1271.588362957257,1246.3828261628269,1268.2640380859375,11604338
2024-11-25,1284.868314871977,1299.260783408558,1277.3483005192684,1281.8802490234375,28923341,1286.0765977985961,1301.160163762971,1280.1225394754547,1290.9886474609375,22717581
2024-11-26,1289.7986377983043,1292.687125909721,1279.0914013187908,1290.545654296875,9247557,1300.5647702425501,1304.1868465830694,1292.4771502005863,1294.9580078125,7646955
2024-11-27,1288.3543972122054,1298.6632001168684,1280.8842325588682,1288.0555419921875,9572746,1288.5573723920809,1300.812784090288,1287.9123252215186,1290.740478515625,21938082
2024-11-28,1284.818474176107,1291.442044503892,1264.0017125526565,1265.7447509765625,15027412,1291.0878806767676,1300.4654733696732,1272.4814498292426,1276.5003662109375,22803745
2024-11-29,1274.9081506356404,1294.3305794929802,1270.177046170391,1287.0595703125,13202307,1273.275310189296,1293.2710463550777,1273.275310189296,1290.1451416015625,11397228
2024-12-02,1282.876370557777,1306.133460567327,1271.9699779978703,1303.9422607421875,11024152,1289.946649219065,1300.5151260626694,1279.2789623057151,1294.6602783203125,9626400
2024-12-03,1311.7609017834461,1321.5219654799555,1301.8006823317874,1318.035888671875,16869482,1293.9655928118616,1302.747925178162,1286.1757245707627,1298.381591796875,11509276
2024-12-04,1320.7251432865569,1323.1156203515295,1298.8625094957517,1303.742919921875,19608540,1292.625936747851,1309.8927287632168,1291.7328038420255,1305.9730224609375,11570281
2024-12-05,1309.1214514378748,1324.6593698468237,1300.9541199209712,1316.7908935546875,16858723,1306.171532833215,1332.6174992065928,1298.5800843127004,1326.2664794921875,19210697
2024-12-06,1318.6334884089777,1318.6334884089777,1304.7887589399247,1306.3326416015625,9037514,1332.2205223736623,1336.7852761002946,1316.5414539912906,1318.5758056640625,8942672
2024-12-09,1297.8166732313093,1309.7689372979064,1287.9560310594236,1289.9979248046875,14650002,1311.9766296210685,1318.8734860133875,1310.1408193352056,1312.1751708984375,8000764
2024-12-10,1284.121290398709,1289.7488386952925,1275.107243177966,1279.73876953125,16043729,1308.9004164217674,1321.8008754160685,1305.1791301734115,1320.2626953125,8218214
2024-12-11,1279.8882324099652,1284.8683422637005,1270.9738844056644,1273.115234375,11724373,1314.5567183054773,1321.0566133833202,1305.9233826947975,1317.3353271484375,8138066
2024-12-12,1264.9479526569407,1273.1152845047754,1255.5853214463157,1257.876220703125,20906813,1311.4309069614158,1328.4991576758143,1311.4309069614158,1319.0718994140625,9076896
2024-12-13,1254.9877622795104,1270.1272485556606,1234.6688884780408,1267.78662109375,28630222,1315.201818050664,1336.8349446817394,1303.4425773055236,1334.6021728515625,13536684
2024-12-16,1269.9280595585296,1275.904191603511,1261.511722229068,1263.2547607421875,9486781,1334.6020835708346,1340.1095143687996,1329.7892443970975,1335.7928466796875,9071006
2024-12-17,1256.033537225462,1258.8721754853295,1237.8561365143116,1240.34619140625,17462791,1331.7243053318298,1337.7775734016686,1315.8964829440192,1323.5374755859375,9879257
2024-12-18,1235.714673937889,1254.9378248920182,1235.714673937889,1248.2645263671875,12670179,1315.1026301384318,1324.728309292061,1297.4388753521955,1304.087646484375,8510595
2024-12-19,1234.0712121990753,1239.947766097918,1224.1109925687356,1225.55517578125,14244653,1276.1531316977298,1293.0229631431896,1274.614951552865,1277.0462646484375,11517304
2024-12-20,1219.1309339507777,1234.5692750261348,1196.7204388413884,1200.50537109375,20312896,1274.1187908536028,1287.8131731856893,1262.657301485049,1278.5347900390625,58491181
2024-12-23,1210.1667348774333,1222.3181546925216,1208.3738466363206,1217.437744140625,10052824,1284.736921667357,1296.992333800165,1277.1951389037538,1286.8704833984375,6827512
2024-12-24,1217.4377030050357,1228.6429501715868,1216.1428258096823,1217.8858642578125,6734917,1286.8705106850512,1294.5115036860577,1280.3706152786017,1287.3170166015625,7138516
2024-12-26,1219.3798917928577,1222.8161189414398,1209.4196721335327,1211.7105712890625,10016178,1296.9922716557783,1302.6982437766815,1279.3285182011693,1287.4161376953125,7338444
2024-12-27,1213.4536884394554,1223.0154756156849,1212.1588111658666,1216.1927490234375,7000397,1288.6071205266592,1305.8737927483876,1288.6071205266592,1297.5382080078125,4756066
2024-12-30,1211.5611874241417,1218.3340640862093,1203.294156174512,1205.8837890625,8818766,1294.957999087405,1316.343040012265,1279.576681997175,1284.7369384765625,14207425
2024-12-31,1203.1945530395503,1214.2503727116298,1201.3519366916562,1210.6148681640625,6405475,1277.0462265132433,1280.0727999714104,1270.2982456823183,1271.83642578125,8449607
2025-01-01,1210.0172807004092,1221.4218053468785,1206.7802092584152,1216.391845703125,5892590,1271.8364809130148,1283.0995501851953,1257.3978412327829,1273.8211669921875,4705399
2025-01-02,1216.3918076943417,1239.4994683243335,1215.1467802555553,1236.860107421875,15486276,1275.26000882058,1283.4965044573805,1268.6113589467466,1280.7178955078125,7433222
2025-01-03,1238.9518139936486,1257.0296379589822,1230.5852047154665,1246.1729736328125,15521102,1276.3514823434055,1278.1377481475479,1252.5849166143184,1255.363525390625,11194997
2025-01-06,1248.961727102304,1256.9797527645217,1210.1667191829588,1213.15478515625,14816766,1258.3406039432266,1267.9662826986646,1247.3751652140256,1254.4207763671875,7504047
2025-01-07,1217.1388288273843,1239.5493228115217,1216.3918123612464,1235.913818359375,10070505,1256.8024602237333,1279.0805130186131,1256.8024602237333,1269.454833984375,7539758
2025-01-08,1244.0314575822304,1265.9937909556584,1240.395953024955,1260.4658203125,19346579,1270.7448974492877,1275.1607754157394,1242.7607517198803,1254.073486328125,7566309
2025-01-09,1261.9598138402198,1264.6988742096441,1243.0852464738894,1249.758544921875,12794704,1248.3675530849682,1255.0658686519982,1238.543332692866,1252.73388671875,8684920
2025-01-10,1248.8621307808614,1251.750618829338,1231.0831628192257,1236.959716796875,8120332,1249.359870144571,1255.264262696962,1233.5815917988612,1240.2799072265625,7854524
2025-01-13,1225.1070543419412,1240.2963897717905,1221.5213994754447,1234.9178466796875,13764861,1225.4444532249365,1234.4250851207983,1215.5210227528514,1220.3338623046875,9669336
2025-01-14,1239.1509590647415,1248.3641626627486,1222.3680125031533,1233.822265625,13095266,1223.9062438907645,1235.3181886617992,1218.0513958245872,1230.8031005859375,10342698
2025-01-15,1239.9974688456068,1251.9995818882041,1236.90982514039,1247.2186279296875,9578856,1224.551219155373,1234.8716102214069,1220.5818472942535,1228.7686767578125,5355382
2025-01-16,1253.8920943102864,1269.9280238633037,1246.3223515830243,1261.4119873046875,14117603,1235.56627244332,1245.8866640990627,1230.1580514277643,1239.53564453125,11895924
2025-01-17,1316.9900509904955,1320.7251333812799,1279.888232575373,1297.169189453125,29366277,1233.8296138721637,1239.4363759086416,1208.6737436803246,1216.066650390625,9790533
2025-01-20,1310.764916385877,1310.764916385877,1295.0775703121099,1300.2568359375,14040244,1214.5286456993424,1232.2419443689244,1205.944854354206,1223.50927734375,7676418
2025-01-21,1305.2868371165837,1307.776892128252,1265.1471016946018,1268.6331787109375,14562976,1227.4786100806577,1229.4632960558952,1183.567432878532,1186.9910888671875,20520898
2025-01-22,1273.2149526536994,1277.7966294698952,1263.6530443254642,1272.0196533203125,10273590,1191.8038937223043,1198.2541229556057,1182.6743869540314,1191.258056640625,10377123
2025-01-23,1264.9478840486133,1272.2686211078578,1256.581275301743,1258.6231689453125,8720682,1188.0826742078204,1198.6511515402387,1176.9188152937772,1192.5482177734375,8770650
2025-01-24,1260.9638702056575,1267.9360243063209,1238.5533748820974,1241.34228515625,14235970,1193.8878937592276,1208.6738293636251,1192.7963406363526,1199.941162109375,9216792
2025-01-27,1234.1708090151494,1235.515414368934,1215.1468135462453,1224.4595947265625,9536019,1185.8499521739243,1225.1963785798748,1183.9644761399952,1218.547607421875,16164687
2025-01-28,1233.0752790316255,1239.7984277662488,1213.6528493538253,1229.4896240234375,10568025,1237.7990449684048,1254.3215805212242,1226.535975889425,1237.3525390625,18066499
2025-01-29,1231.0832160878692,1237.8063647194172,1223.1648896668228,1230.585205078125,5928156,1242.4134579383835,1246.1844098592185,1233.5320363858045,1242.066162109375,7666777
2025-01-30,1230.635044492625,1251.9996679975989,1227.497550840604,1248.0654296875,9269259,1240.428743300886,1250.203297570973,1230.0091418571585,1245.98583984375,11921041
2025-01-31,1250.8541794958078,1261.9598488917904,1244.0314532484974,1260.0673828125,6584612,1244.8943321590757,1246.3828467053002,1229.6122252573796,1243.2073974609375,10195417
2025-02-01,1260.0673469134033,1265.495739501575,1236.0632421918099,1259.5693359375,7118453,1241.5699459496786,1251.6917959101459,1224.3528194419691,1245.936279296875,3011914
2025-02-03,1246.0235355947286,1251.003645649064,1232.6270881824535,1240.94384765625,9252345,1237.3028281264465,1250.3521626222068,1228.3221967826344,1243.40576171875,6176831
2025-02-04,1243.0852829885687,1283.6731787459128,1241.6409781641657,1280.08740234375,16691069,1253.1308244391428,1270.6952475836679,1250.3522155059911,1258.4893798828125,14839077
2025-02-05,1277.5476050956522,1285.366353249074,1271.6212014188793,1273.115234375,10112028,1260.4740215455731,1267.966259598702,1255.462762111137,1257.9931640625,6840709
2025-02-06,1268.6331564996678,1282.8763195509282,1265.2965071593937,1276.4520263671875,9956001,1265.2372940723083,1269.2066659752802,1253.5275985042942,1262.6572265625,8396554
2025-02-07,1271.073491533156,1278.5933846345008,1256.979756005846,1261.6610107421875,8764283,1262.2603567708522,1265.2373859141799,1239.9823038025354,1247.2760009765625,7382039
2025-02-10,1259.469777897567,1261.461821832557,1240.5952102474196,1248.6629638671875,6970972,1247.5735745348811,1255.3138984101563,1239.7837061908433,1252.9322509765625,5740361
2025-02-11,1259.5196705337273,1259.5196705337273,1225.2066396338644,1229.937744140625,8859714,1246.2339539700604,1252.188012073483,1238.8410469458931,1243.15771484375,6586627
2025-02-12,1214.5989377224967,1222.0193743195214,1188.6027887286011,1211.7105712890625,21131654,1247.5735208959845,1260.0274734986122,1235.119689428972,1242.2149658203125,8809352
2025-02-13,1212.2086229517822,1223.1150152108587,1207.1786632211406,1211.2623291015625,8511216,1242.9592342670746,1256.3061987457909,1236.3601292961446,1239.337158203125,7263785
2025-02-14,1214.1507532507958,1219.1308629852126,1200.6546072366423,1212.40771484375,10298145,1242.5126718509223,1253.8254065127483,1234.9212235163006,1250.451416015625,10368438
2025-02-17,1206.2821918357026,1222.6169765728448,1199.7084711054922,1220.02734375,8166683,1241.5699462890625,1248.5163471638045,1223.8069826822411,1241.5699462890625,8386151
2025-02-18,1219.9775298877432,1225.0074896525716,1211.2623373341316,1220.525390625,6673250,1243.3065364897366,1247.9705000138076,1227.5779245772142,1233.531982421875,8135042
2025-02-19,1214.6488125132394,1227.8461038341088,1212.706618273488,1222.567138671875,6217338,1225.3947820253827,1254.7681118615644,1220.8300282561831,1251.9896240234375,10683412
2025-02-20,1219.0810452834291,1234.4198079853766,1217.1388510698625,1228.0950927734375,7795582,1245.7378271028595,1254.3216187366877,1237.203701075922,1240.379150390625,8398849
2025-02-21,1223.8121434284387,1235.0672403005465,1217.2882724889691,1223.264404296875,6904025,1231.5968971791747,1235.1693078219741,1215.173692889092,1223.50927734375,7786428
2025-02-24,1211.7105497558396,1218.3838481751116,1205.68456833515,1209.718505859375,7172498,1217.3071583182455,1222.467414805944,1200.9831637697991,1209.0211181640625,11522480
2025-02-25,1206.1826029932777,1216.1428226711741,1196.7203942992758,1199.21044921875,11552182,1217.2079253456668,1222.2193060560244,1211.6508286551266,1214.7767333984375,11059417
2025-02-27,1207.975493883109,1210.166693583284,1195.8738026303336,1202.298095703125,11509215,1215.769120615194,1225.3947998146707,1209.1203494513463,1213.0897216796875,12008162
2025-02-28,1197.218393771922,1212.5073065135477,1188.5530513693543,1195.325927734375,23007298,1206.6891556122284,1215.620243112648,1190.9108768010287,1194.8802490234375,20215075
2025-03-03,1199.2104168056296,1201.6506219268736,1151.4013636439433,1166.5906982421875,17944938,1201.2312348006667,1207.6814644794808,1194.929880803104,1196.964111328125,8158881
2025-03-04,1157.576687742468,1169.3297956512124,1154.9373267832577,1157.2779541015625,11377373,1197.9068433475454,1207.334101585249,1197.0137104452713,1201.1319580078125,9574490
2025-03-05,1156.3815647449799,1178.2940491759787,1152.3974766666165,1170.9234619140625,8664095,1207.6814517983407,1216.5628733470458,1202.0251450551775,1206.391357421875,9052846
2025-03-06,1192.2383549047067,1209.1208794668382,1180.4355183146993,1204.7882080078125,14468014,1218.5476101118768,1218.5476101118768,1199.7427576093883,1208.7235107421875,11949475
2025-03-07,1211.1627762331514,1249.8084792402678,1207.178688153437,1244.828369140625,16474965,1201.8265880949464,1208.5249033729367,1197.0634143564148,1205.250244140625,6620284
2025-03-10,1240.0473535020744,1252.9956391209716,1230.4855669004469,1233.4736328125,11931051,1198.7503263397664,1216.4140799337886,1198.7503263397664,1205.5478515625,7363437
2025-03-11,1235.0672477916657,1244.5294565449083,1224.858022557904,1242.3382568359375,10089838,1207.8798680000234,1238.4440812807522,1207.8798680000234,1235.864013671875,10927950
2025-03-12,1252.995610693361,1257.9757204337955,1239.0513034201438,1252.0494384765625,11977555,1237.4020778822246,1242.3637929723905,1225.8413786306357,1234.425048828125,11548372
2025-03-13,1255.0376050433522,1259.1212710412995,1238.901975238559,1242.9359130859375,9505270,1241.4707365370484,1245.9858244254206,1235.7647643884725,1240.4783935546875,8132940
2025-03-17,1237.208673957254,1252.3980085038181,1228.1946267891797,1233.9217529296875,16640917,1247.4248742515454,1264.1953748180651,1245.1424367918191,1259.2833251953125,11164812
2025-03-18,1233.9217529296875,1233.9217529296875,1233.9217529296875,1233.9217529296875,0,1259.2833251953125,1259.2833251953125,1259.2833251953125,1259.2833251953125,0
2025-03-19,1236.113132982547,1248.2645525643281,1233.8720835165427,1242.1888427734375,16162399,1295.6029599370165,1308.2057883620175,1292.1794251380722,1303.0455322265625,11278014
2025-03-20,1246.8700894970418,1267.9359786597456,1245.0773228865291,1264.101318359375,15971477,1309.8927772461004,1314.1102350516276,1301.0113557334153,1311.5797119140625,10886735
2025-03-21,1269.927977701306,1275.9041093610767,1265.0474458622177,1271.2725830078125,21780769,1305.923445707521,1338.6707661545943,1301.5571120874529,1332.81591796875,60494318
2025-03-24,1285.86434660882,1300.8046759652354,1279.141198398433,1296.920166015625,20299319,1345.5675050388625,1362.4870024308004,1334.7510627437973,1347.750732421875,9352280
2025-03-25,1302.497915186312,1302.497915186312,1277.4977874103538,1280.33642578125,13713899,1348.5941513991709,1353.3574463042776,1319.8658696966822,1333.4112548828125,16419207
2025-03-26,1285.8643858858131,1288.6532960847499,1263.7028966635362,1267.98583984375,12074747,1333.7586400786652,1347.6017762925185,1321.304687138062,1325.6710205078125,10859639
2025-03-27,1273.0655062272906,1279.8882324099652,1266.242780044616,1273.115234375,15028056,1322.9420827344788,1341.1515523929718,1322.9420827344788,1326.415283203125,15109614
2025-03-28,1274.9081198538831,1290.5954658598978,1263.9518781988888,1270.027587890625,18147129,1325.7702231722565,1347.5521031600986,1317.0375564815454,1338.025634765625,8266544
2025-04-01,1259.5693287834792,1272.8164693011493,1244.330265958221,1247.6170654296875,12099648,1329.739654923708,1341.995067068455,1305.328040709696,1308.3546142578125,14288024
2025-04-02,1242.5873186806543,1250.5554948342144,1238.9518139936486,1246.1729736328125,10142590,1312.026343402594,1327.705290380845,1312.026343402594,1321.056640625,8042214
2025-04-03,1228.145018441354,1246.8204315907722,1228.145018441354,1243.732666015625,7434366,1311.8278468858045,1322.7932860458366,1311.1332552048473,1319.3697509765625,4591008
2025-04-04,1236.1628160172713,1240.4954871764826,1188.4036122186155,1199.9075927734375,17908652,1319.3697112264526,1328.3007984100484,1311.9766830431024,1325.07568359375,8648542
2025-04-07,1127.6960086529814,1166.590714623955,1110.415052053189,1161.062744140625,22156106,1285.3322768617725,1314.854481252151,1255.3139009690346,1277.6912841796875,19185012
2025-04-08,1167.3378163352843,1191.8399338970503,1158.6724733291408,1177.4971923828125,19555040,1289.8969896705237,1300.0189606799747,1277.4927025037578,1289.9466552734375,13085762
2025-04-09,1164.8477193030515,1185.0670143686195,1163.3536863154889,1180.6346435546875,10223104,1294.9579703581671,1295.106846037701,1274.6646041339118,1290.83984375,13005622
2025-04-11,1190.3957018139643,1217.786306450343,1190.3957018139643,1214.1009521484375,11224242,1295.1067945023049,1314.8544439632922,1295.1067945023049,1301.606689453125,13064247
2025-04-15,1246.0235343416643,1246.0235343416643,1232.1788040875913,1235.1668701171875,13378535,1340.655373037739,1343.9301533432258,1325.9686484021752,1339.8614501953125,15202603
2025-04-16,1229.1907298200806,1235.9637280756608,1224.1110419207541,1234.3701171875,8248464,1346.6094196449503,1349.2886972283168,1332.6174078978706,1346.0140380859375,14039073
2025-04-17,1235.266450081142,1275.1073305428426,1222.7165970526498,1269.4300537109375,15398401,1351.5711498907554,1398.112060263163,1349.6856739861041,1395.9288330078125,17490424
2025-04-21,1264.947875835223,1295.7249783909904,1261.9598099867933,1290.346435546875,10429964,1425.004587897116,1425.004587897116,1393.9442026732427,1399.0052490234375,16882426
2025-04-22,1294.8286411452223,1298.713151385602,1281.1831879455033,1286.0635986328125,13051707,1401.9823098324273,1407.9363681338637,1388.1887172069748,1405.6539306640625,16135274
2025-04-23,1291.840547250601,1300.8047453425481,1280.286716249035,1294.82861328125,10480888,1418.0581618237188,1418.9512947601793,1400.4937389943566,1413.493408203125,13990764
2025-04-24,1287.2588872304611,1299.3107293954529,1285.1672652984741,1296.4222412109375,10468940,1405.4554343163697,1410.3178180904442,1388.0894318786184,1391.95947265625,15678099
2025-04-25,1298.3146947064158,1319.928323767296,1282.9759313802824,1295.22705078125,14431012,1399.2035920369979,1403.966886762009,1377.769008045682,1394.04345703125,11705093
2025-04-28,1334.669497851195,1369.1318351951852,1314.9482133535364,1363.35498046875,31104496,1394.8373106964493,1424.0122194189871,1393.0511659597357,1417.8597412109375,10948561
2025-04-29,1365.5461749701867,1405.2874774645995,1364.5501529607263,1394.1319580078125,32538970,1417.8597077945897,1427.2869661678633,1411.7071085959242,1418.85205078125,10786910
2025-04-30,1396.4228227174156,1406.7814756764847,1363.5540972183608,1399.410888671875,25480745,1422.0275444346203,1422.7221360927958,1389.2802248488963,1416.073486328125,14192027
2025-05-02,1408.3751233126775,1421.024554216323,1403.4945911426703,1414.152099609375,13007841,1415.9742091510598,1435.5233172200462,1413.6917718641512,1419.149658203125,8842434
2025-05-05,1425.3074680112338,1433.773654928142,1421.2238021682567,1425.6063232421875,12685649,1428.9738894731652,1435.7218701832576,1415.081087769954,1418.455078125,4565705
2025-05-06,1425.3074785225756,1426.3035005201455,1404.9886054552057,1415.2476806640625,14084117,1418.0581160771362,1422.7220796211836,1409.5239906903596,1420.63818359375,6301690
2025-05-07,1415.2476117092147,1418.733688530858,1397.1199392858432,1400.4068603515625,13440169,1414.0887881642996,1430.9586193213472,1410.119416127347,1424.4091796875,10480453
2025-05-08,1398.51446598441,1415.1481063364454,1392.438756100913,1401.4029541015625,16106175,1427.5846620245352,1437.8058437113664,1415.1803741209164,1424.5084228515625,15306490
2025-05-09,1379.9884666950659,1389.251519832932,1369.032224808638,1371.721435546875,13668904,1404.3638078003796,1409.0278927234135,1376.379782804671,1378.2652587890625,13491197
2025-05-12,1394.430721507353,1433.275577320772,1394.430721507353,1430.7855224609375,10674081,1398.6082269981746,1441.8743569081432,1393.249550653154,1437.4088134765625,9925445
2025-05-13,1427.7974767909468,1441.9409399606418,1406.7814377941193,1410.0682373046875,11407896,1429.0731325397105,1436.8134564073198,1416.4704248722041,1419.6458740234375,12475424
2025-05-14,1414.3512435205853,1424.2118856620737,1409.8691445094285,1418.7337646484375,5570160,1418.9512828044426,1429.6685145448027,1406.4477852062123,1415.279541015625,8026837
2025-05-15,1419.3313670179805,1455.5865925696291,1407.0802476372012,1448.4151611328125,20177211,1414.9819190581854,1445.3475908699352,1404.6615275498752,1439.6912841796875,18209264
2025-05-16,1447.4191020051853,1455.1881221330052,1441.542669553187,1450.6064453125,9036695,1442.172107583965,1447.5306627908633,1435.920298328426,1442.86669921875,6439208
2025-05-19,1446.3234565863577,1448.81351147394,1432.4787270944578,1435.0684814453125,6195791,1435.4241717584057,1448.5230511072755,1432.7448940711074,1437.905029296875,6005334
2025-05-20,1432.4787356808251,1439.2517336495314,1416.1440727881434,1418.932861328125,11270560,1439.0957378026826,1447.8284044606678,1424.5083444847762,1427.1876220703125,11352383
2025-05-21,1418.235682967954,1430.486680037078,1412.458707007589,1423.5145263671875,6136364,1431.8517946649677,1440.1875004165765,1427.485461067875,1433.637939453125,5510460
2025-05-22,1415.5464438973825,1418.1361984129633,1391.3431818014155,1403.79345703125,12134466,1430.0655182967434,1434.2334317099203,1416.867428660744,1431.057861328125,7245933
2025-05-23,1401.0045498118507,1428.0964217220903,1401.0045498118507,1421.124267578125,6474883,1431.1570706662649,1440.6836606711147,1423.4168677068544,1438.698974609375,5203706
2025-05-26,1426.3034970063507,1435.2676949623963,1419.430920923106,1429.0924072265625,4842944,1446.8360701649403,1460.331910515487,1443.8590412139838,1449.4161376953125,5608725
2025-05-27,1420.4269591196573,1431.2836233071982,1408.275539274527,1416.44287109375,12640414,1441.3782192942826,1451.7978208795425,1424.7068083036186,1435.324951171875,14842959
2025-05-28,1414.4508509493858,1416.9409060075968,1405.0882196135674,1407.279541015625,5944611,1436.5157355383742,1446.836127202333,1431.454810349359,1442.6683349609375,8618343
2025-05-29,1406.4826358531975,1414.3512339364067,1402.996558868143,1412.1600341796875,13771917,1445.4467442494526,1451.698553407669,1433.9355900375203,1445.3475341796875,15545514
2025-05-30,1412.3591925541664,1424.9090454066043,1404.0921613404494,1415.2476806640625,13788484,1448.7216268807567,1449.7139699197687,1433.2410996992944,1434.7296142578125,11803975
2025-06-02,1406.4826830156508,1411.8612262898896,1390.0483195350275,1408.0762939453125,8098668,1430.9586389930196,1448.8208134048605,1421.8291316367724,1439.3935546875,9458990
2025-06-03,1416.6421539546416,1420.8253977642241,1397.8173136420837,1399.908935546875,11252626,1443.7598455387374,1443.8590556109682,1421.035166759386,1426.8900146484375,11167345
2025-06-04,1409.0722382665938,1420.0284799827916,1400.506473605418,1417.8372802734375,8126827,1426.3938661679927,1429.0731438395549,1415.4780930628378,1420.0428466796875,8025388
2025-06-05,1422.3193687346825,1448.913106617055,1417.9368477633755,1436.662109375,13716817,1419.9436226094324,1447.8284366760695,1416.3712120373557,1443.66064453125,11385668
2025-06-06,1435.2676355449807,1445.7258660607492,1431.28354772945,1437.7576904296875,8182161,1437.5080878919146,1450.2101271201,1431.0578582020253,1448.5230712890625,11580994
2025-06-09,1451.204075048637,1451.70208605586,1439.5506661134996,1443.0367431640625,7885125,1453.7825541382838,1455.5688200651953,1422.4245382897982,1423.8138427734375,11022031
2025-06-10,1444.2318404180787,1448.1163503747662,1430.2875329933524,1432.777587890625,7913181,1427.9815809293386,1430.660858582463,1405.6538633679,1412.0048828125,12905272
2025-06-11,1440.0485867347081,1462.7578142878924,1437.3592545136698,1443.13623046875,8195700,1410.9133394459884,1423.5160472131458,1407.737769134025,1420.0428466796875,7136877
2025-06-12,1447.7179200254843,1451.2039968882907,1428.6939248911115,1435.865234375,8828114,1419.5466979345517,1425.5007560873705,1409.127096167119,1414.2872314453125,7953247
2025-06-13,1418.335338487147,1429.7895915718395,1408.6739736495979,1422.2198486328125,9757276,1392.8526699787633,1410.6156346634868,1392.8526699787633,1405.2569580078125,7573103
2025-06-16,1421.223780491138,1436.6621211041454,1418.7337255535563,1432.0804443359375,8458093,1405.7530618658518,1418.0581392255135,1403.3714144517853,1415.9742431640625,5451137
2025-06-17,1442.2398094911548,1442.2398094911548,1420.12817043809,1425.506591796875,10366599,1415.9742319665809,1418.8520508551696,1406.9439350146247,1412.302490234375,6970098
2025-06-18,1424.3114328610282,1437.0605628519918,1420.028489708749,1424.4110107421875,6681735,1406.150024814166,1421.0351697486842,1399.402043989603,1401.78369140625,6751745
2025-06-19,1424.4110453044384,1434.1721095891817,1420.0285241646616,1427.598388671875,10007230,1397.2189939427594,1403.8676438261634,1393.9442134714564,1400.4937744140625,8849883
2025-06-20,1425.3075053013417,1465.148385952672,1422.4190171371765,1460.367431640625,29010635,1400.4937821267788,1422.3253290273638,1399.4021078732494,1416.1727294921875,12408178
2025-06-23,1447.2199506188397,1457.9770367383994,1436.2637087352834,1451.0048828125,5989078,1406.1500791810931,1412.3025575376569,1401.0891539348067,1409.226318359375,5514384
2025-06-24,1459.1721495093714,1469.1323689599471,1437.359244595668,1445.0286865234375,16402744,1416.7680893764307,1424.9053748687675,1405.6538959425357,1413.1956787109375,11188438
2025-06-25,1458.1762135192969,1466.5428226679085,1454.690136506102,1461.463134765625,7525851,1411.1117385952273,1417.9589294864209,1404.463088984364,1414.8826904296875,7527388
2025-06-26,1463.2558362824063,1492.8377614283193,1459.2717484446844,1489.3516845703125,14657893,1413.8903780949927,1436.4165161110168,1410.814017835929,1428.080810546875,13617435
2025-06-27,1493.4353527246628,1515.9454247275912,1490.9452978220222,1509.3717041015625,11117052,1427.882386711014,1454.774858156496,1426.0961208320166,1451.00390625,22532899
2025-06-30,1507.7781788170053,1518.734421010171,1490.0489382705405,1494.630615234375,8409527,1450.6071028820047,1450.706312958781,1431.2564136212704,1434.7296142578125,6325073
2025-07-01,1494.630607775488,1525.3081343971446,1494.132596769193,1522.320068359375,10368523,1434.6302067068036,1436.5156826077227,1418.653508855977,1421.03515625,7761449
2025-07-02,1522.3200879079554,1523.9136988316197,1502.6983810571346,1512.75830078125,6361002,1421.2336440793872,1439.8897415628453,1411.707175185214,1416.867431640625,13372280
2025-07-03,1514.7502729656235,1525.8060926058627,1506.9812529023668,1511.76220703125,11283291,1421.1344118511029,1435.027214103107,1412.798706272776,1414.98193359375,10177738
2025-07-04,1517.9375659885409,1523.913698138102,1511.1645675851503,1521.2244873046875,6603501,1416.0734952431667,1433.3402880878325,1410.2186471744621,1431.7525634765625,5066503
2025-07-07,1520.5271677380254,1538.65484117058,1518.933556847784,1535.367919921875,7251074,1425.9968814549877,1429.8670433562065,1418.6535190770169,1424.706787109375,5177477
2025-07-08,1529.8897875590692,1538.7544076502807,1524.1128113419518,1531.4833984375,7171261,1421.035188079707,1433.935647189369,1419.050502062836,1430.9586181640625,5315847
2025-07-09,1530.586937987722,1544.8301010282516,1504.0927774643353,1512.9573974609375,8870660,1425.2030375827696,1427.683895203639,1415.6765685457565,1420.93603515625,8827347
2025-07-10,1513.654605815878,1518.6347158851345,1501.5031858807802,1511.16455078125,10047129,1425.7985078190466,1427.981614021397,1411.2109926594833,1413.1956787109375,7795964
2025-07-11,1505.9852937598653,1508.9733598189127,1484.3716645666439,1489.2520751953125,7234991,1411.111783317687,1417.0658414751456,1403.7684206963636,1411.0125732421875,7158015
2025-07-14,1486.263916129696,1494.0329360309418,1473.2160528053016,1477.7977294921875,10311846,1413.9896019530586,1413.9896019530586,1405.2569348701418,1412.1041259765625,5846154
2025-07-15,1480.2878335086834,1490.5469086437597,1476.503022895967,1479.4910888671875,8132454,1410.218682168871,1422.8215115677394,1408.134785993891,1419.844482421875,6041457
2025-07-16,1467.1403332858122,1485.068728397248,1465.6463003598592,1479.690185546875,10409983,1415.081187967311,1418.25663727007,1408.2339967016344,1415.4781494140625,5649093
2025-07-17,1481.4830970988435,1483.674296790977,1468.0368005528198,1470.52685546875,11854613,1410.1194736013367,1412.3025798563917,1398.7075285299677,1407.8370361328125,12927394
2025-07-18,1478.8934598804974,1478.8934598804974,1463.2558421043927,1470.12841796875,10296318,1404.9592604817603,1418.0581395587762,1397.7151081655259,1414.8826904296875,11297246
2025-07-21,1459.1722169809668,1470.128458883213,1417.4388712363768,1422.9169921875,22442744,1436.9126621837045,1456.4617708047458,1425.9968891975022,1454.576416015625,13867136
2025-07-22,1421.721828538219,1426.2039275426996,1405.0881881707605,1407.179931640625,20396320,1462.8128219007424,1470.6523559877205,1458.4464883845856,1462.316650390625,8930165
2025-07-23,1420.3273163904719,1420.3273163904719,1408.7734859597779,1418.932861328125,8354596,1471.5454755170424,1478.5910866693491,1461.3242940475627,1477.2017822265625,11974174
2025-07-24,1413.554298653669,1417.3392306864348,1390.4466381154343,1397.3192138671875,14740507,1476.3086281822896,1477.3009711792895,1466.782159638216,1472.0416259765625,6700578
2025-07-25,1393.3351272649268,1395.4267490386208,1378.593953801798,1386.1636962890625,11854722,1488.5144734435703,1488.5144734435703,1462.31659448384,1465.789794921875,8696077
2025-07-28,1386.7614543919697,1402.199795115413,1379.490445288333,1382.080078125,7748361,1465.7898930637602,1482.3620946590604,1465.7898930637602,1477.00341796875,7507479
2025-07-29,1377.4984422704579,1414.550412474214,1377.4984422704579,1411.4627685546875,10750072,1468.5685019046516,1478.3927223132807,1464.1029581857863,1474.8201904296875,9776027
2025-07-30,1412.458776601272,1417.6381639620695,1395.7256799199,1404.4906005859375,7209849,1476.308661728485,1477.1025845983731,1465.9883912336757,1471.04931640625,7238625
2025-07-31,1382.5780559389787,1397.0203743336986,1376.7015020683227,1384.669677734375,17065827,1458.6450618514623,1483.0566764606926,1452.7902136757805,1470.0570068359375,12406146
2025-08-01,1381.3828853186424,1400.3073026227253,1378.7932525308158,1388.15576171875,10321171,1469.0645758820863,1473.7285394467383,1458.5457644921182,1460.3319091796875,4416771
2025-08-04,1389.5502251510159,1410.466686507784,1386.1637261382157,1405.885009765625,6312820,1465.492177404952,1467.4768633867377,1450.1108610461113,1451.9962158203125,6140054
2025-08-05,1405.38696851784,1405.38696851784,1382.5780415934858,1386.1636962890625,9315972,1441.8743352750153,1450.3092505192255,1429.96621963613,1433.3402099609375,14799343
2025-08-06,1386.3630773472378,1390.3471654369864,1377.797312271222,1387.259521484375,5834312,1431.2564134495642,1442.866778550362,1430.561700640964,1432.54638671875,7805252
2025-08-07,1382.1796145349972,1388.1557462486337,1360.5659868045632,1383.8729248046875,9976705,1430.0655302659995,1436.8135113901221,1418.1574137897542,1429.271728515625,7432535
2025-08-08,1379.4904158119157,1391.6418351007062,1359.569976594415,1362.35888671875,8793606,1434.8288259088201,1436.5157606227415,1421.0352334242946,1424.9053955078125,5415511
2025-08-11,1364.5501609316866,1382.4785572067015,1355.7851185633474,1380.6856689453125,9997486,1416.9666396615337,1427.3862414978396,1409.5240669213151,1425.5999755859375,8492484
2025-08-12,1376.4028464986861,1396.3232867936674,1369.7294260490362,1374.9088134765625,12244664,1431.0,1433.800048828125,1420.0999755859375,1422.0,5913947
2025-08-13,1382.4785186353236,1386.2634508216695,1372.0202877666845,1377.0999755859375,7457021,1424.5999755859375,1427.699951171875,1415.199951171875,1420.800048828125,9009465
2025-08-14,1377.300048828125,1380.699951171875,1370.0999755859375,1373.800048828125,7126128,1412.0,1431.0999755859375,1412.0,1427.300048828125,7577793
2025-08-18,1390.0,1394.9000244140625,1377.0,1381.699951171875,11785109,1450.0,1452.4000244140625,1431.0,1434.5999755859375,6908844
2025-08-19,1390.0,1421.0,1389.0999755859375,1420.0999755859375,14384719,1431.0999755859375,1438.5,1426.300048828125,1436.300048828125,6709554
2025-08-20,1413.0,1424.9000244140625,1410.0,1413.0,8725641,1432.5999755859375,1435.9000244140625,1423.0,1430.5999755859375,5817858
2025-08-21,1425.0,1431.9000244140625,1420.300048828125,1424.800048828125,11021323,1440.0999755859375,1447.800048828125,1436.4000244140625,1446.0,6238645
2025-08-22,1420.0,1423.4000244140625,1407.9000244140625,1409.199951171875,5818868,1444.300048828125,1446.0,1429.4000244140625,1436.4000244140625,6657207
2025-08-25,1414.699951171875,1419.5,1405.699951171875,1412.5999755859375,5979407,1435.9000244140625,1435.9000244140625,1424.0,1433.199951171875,6738427
2025-08-26,1408.0,1410.0,1381.5999755859375,1384.9000244140625,12145259,1427.9000244140625,1427.9000244140625,1413.0999755859375,1416.5999755859375,8720155
2025-08-28,1389.9000244140625,1392.199951171875,1366.5,1385.9000244140625,13161813,1408.0,1411.800048828125,1396.300048828125,1399.0999755859375,12990789
2025-08-29,1381.0999755859375,1403.5,1350.0,1357.199951171875,18758842,1392.0999755859375,1405.0,1392.0999755859375,1397.800048828125,8519507
2025-09-01,1356.0,1363.199951171875,1340.5999755859375,1353.9000244140625,11232238,1398.0999755859375,1412.4000244140625,1398.0999755859375,1411.0,4927348
2025-09-02,1354.800048828125,1384.5,1354.5,1366.5,11517006,1413.9000244140625,1413.9000244140625,1390.0,1394.199951171875,7163073
2025-09-03,1369.699951171875,1376.5,1360.5,1372.5999755859375,7847563,1389.0,1400.0,1384.199951171875,1397.0,9813382
2025-09-04,1371.800048828125,1374.0,1357.0999755859375,1359.300048828125,13223177,1409.9000244140625,1415.0999755859375,1401.9000244140625,1405.5,10564859
2025-09-05,1363.0,1381.0,1359.300048828125,1375.0,5777575,1411.0,1411.5,1387.699951171875,1402.800048828125,6621077
2025-09-08,1380.0,1386.0,1372.4000244140625,1378.5,6986720,1402.199951171875,1410.5999755859375,1397.5999755859375,1402.699951171875,5880943
2025-09-09,1376.5999755859375,1381.199951171875,1368.699951171875,1376.199951171875,9754452,1399.0,1407.5,1395.199951171875,1403.699951171875,6470679
2025-09-10,1383.9000244140625,1388.5,1374.0999755859375,1377.0,7790815,1410.0,1413.699951171875,1402.0999755859375,1403.9000244140625,7452347
2025-09-11,1376.0,1385.5,1375.0,1383.300048828125,9766072,1398.0,1408.0,1396.0,1401.5999755859375,10192026
2025-09-12,1383.300048828125,1396.300048828125,1380.5,1395.0,7403368,1405.0999755859375,1419.699951171875,1400.0999755859375,1417.699951171875,7770038
2025-09-15,1393.0,1400.800048828125,1388.5999755859375,1399.300048828125,5396697,1422.0,1426.800048828125,1416.300048828125,1419.4000244140625,5845637
2025-09-16,1404.699951171875,1408.0,1398.199951171875,1405.300048828125,8686961,1414.0,1424.9000244140625,1413.699951171875,1421.5999755859375,8213151
2025-09-17,1407.0,1416.199951171875,1406.9000244140625,1413.800048828125,7519417,1420.0999755859375,1426.0999755859375,1416.4000244140625,1419.199951171875,7484283
2025-09-18,1420.4000244140625,1422.0,1410.699951171875,1415.0,9332642,1431.0999755859375,1432.800048828125,1415.300048828125,1421.699951171875,8130537
2025-09-19,1414.9000244140625,1417.0,1403.5999755859375,1407.4000244140625,13461373,1416.0999755859375,1418.0,1400.199951171875,1402.199951171875,13457344
2025-09-22,1403.9000244140625,1410.699951171875,1388.0,1390.5999755859375,7757970,1403.9000244140625,1409.9000244140625,1397.199951171875,1401.5,8847948
2025-09-23,1391.0,1395.0,1376.800048828125,1389.800048828125,14014702,1391.0,1403.300048828125,1391.0,1394.300048828125,12827524
2025-09-24,1385.300048828125,1396.0,1380.4000244140625,1383.0,5922759,1386.4000244140625,1390.9000244140625,1376.5,1382.699951171875,9735678
2025-09-25,1381.300048828125,1384.5,1369.0,1372.4000244140625,11411143,1377.0,1391.5,1371.800048828125,1375.800048828125,21613389
2025-09-26,1372.0,1382.699951171875,1366.0,1377.5999755859375,9879109,1368.0,1372.699951171875,1357.0,1359.5999755859375,18342280
2025-09-29,1381.5999755859375,1389.0,1368.0,1372.800048828125,14231999,1359.5999755859375,1366.5,1346.199951171875,1348.0999755859375,20563163
2025-09-30,1377.0999755859375,1377.0999755859375,1362.800048828125,1364.0,14604684,1353.699951171875,1356.5999755859375,1342.5999755859375,1348.0,20166871
2025-10-01,1367.0,1378.5999755859375,1362.699951171875,1368.699951171875,12045916,1348.0,1379.4000244140625,1347.0999755859375,1372.0,20952632
2025-10-03,1363.199951171875,1371.5999755859375,1356.9000244140625,1363.4000244140625,12842347,1371.9000244140625,1371.9000244140625,1361.300048828125,1365.199951171875,12163695
2025-10-06,1360.0,1377.4000244140625,1359.0,1375.0,12396580,1371.0,1372.5999755859375,1359.0999755859375,1363.4000244140625,14314283
2025-10-07,1376.0,1395.9000244140625,1375.9000244140625,1384.800048828125,11244040,1363.5999755859375,1383.0999755859375,1363.5999755859375,1375.9000244140625,16126464
2025-10-08,1384.800048828125,1389.0,1364.5,1367.4000244140625,8525081,1372.300048828125,1381.5999755859375,1364.300048828125,1370.300048828125,8100832
2025-10-09,1374.0,1380.0,1369.0999755859375,1377.800048828125,8826633,1369.800048828125,1378.699951171875,1365.0999755859375,1376.199951171875,7909575
2025-10-10,1377.800048828125,1388.0,1375.0999755859375,1381.699951171875,6373084,1370.300048828125,1385.0,1370.300048828125,1380.300048828125,7673816
2025-10-13,1376.9000244140625,1377.699951171875,1367.800048828125,1375.0,7600682,1373.0999755859375,1386.4000244140625,1373.0999755859375,1379.4000244140625,8923018
2025-10-14,1380.0,1388.0,1370.0999755859375,1375.9000244140625,9768174,1389.0,1389.0,1375.0999755859375,1384.0999755859375,10610855
2025-10-15,1383.0,1384.0,1372.699951171875,1374.300048828125,10882743,1386.5,1400.4000244140625,1385.5,1398.4000244140625,8988550
2025-10-16,1375.0999755859375,1400.5,1375.0,1398.300048828125,12315932,1401.0,1418.9000244140625,1399.4000244140625,1417.300048828125,12185032
2025-10-17,1401.0,1423.300048828125,1399.0999755859375,1416.800048828125,19335561,1412.0,1439.5999755859375,1410.9000244140625,1436.5999755859375,17037215
2025-10-20,1440.0,1473.800048828125,1433.300048828125,1466.800048828125,24721978,1442.0,1445.0,1389.199951171875,1390.300048828125,23330227
2025-10-21,1468.0,1474.0,1460.0,1465.199951171875,2066169,1384.5,1387.5999755859375,1375.9000244140625,1382.0,3415560
2025-10-23,1475.0,1482.9000244140625,1444.5999755859375,1448.4000244140625,18707090,1385.0,1389.800048828125,1360.0999755859375,1363.699951171875,21124942
2025-10-24,1450.0,1459.800048828125,1441.0,1451.5999755859375,9700837,1368.0999755859375,1381.5999755859375,1368.0999755859375,1377.699951171875,10570263
2025-10-27,1463.0,1485.0,1458.0,1484.0999755859375,14113867,1382.0999755859375,1386.800048828125,1374.0,1377.5999755859375,11499836
2025-10-28,1484.0999755859375,1492.0,1477.5999755859375,1486.9000244140625,17631577,1373.0,1375.800048828125,1356.199951171875,1363.0999755859375,26477914
2025-10-29,1490.0,1508.300048828125,1488.0999755859375,1504.199951171875,11884745,1364.5999755859375,1371.699951171875,1358.4000244140625,1370.4000244140625,16129382
2025-10-30,1500.0,1503.0999755859375,1484.0,1488.5,9318663,1362.4000244140625,1370.199951171875,1361.300048828125,1362.4000244140625,9324401
2025-10-31,1490.4000244140625,1497.5,1482.300048828125,1486.4000244140625,8758053,1357.0,1362.0,1343.300048828125,1345.300048828125,15926798
2025-11-03,1486.0,1495.0,1479.300048828125,1484.699951171875,8452085,1340.5,1351.5999755859375,1337.9000244140625,1346.4000244140625,11071450
2025-11-04,1483.9000244140625,1492.800048828125,1470.0999755859375,1473.0999755859375,10007806,1342.5999755859375,1349.800048828125,1333.199951171875,1336.9000244140625,15211183
2025-11-06,1484.0,1501.5999755859375,1476.199951171875,1496.0999755859375,16772678,1330.0,1342.199951171875,1317.4000244140625,1320.4000244140625,24221853
2025-11-07,1494.5999755859375,1498.4000244140625,1475.9000244140625,1478.0,7821765,1320.4000244140625,1344.300048828125,1318.5999755859375,1343.0,7719245
2025-11-10,1477.9000244140625,1501.0,1475.5,1489.300048828125,7068438,1342.9000244140625,1349.5999755859375,1341.0,1348.0,8542340
2025-11-11,1497.0,1498.800048828125,1480.199951171875,1493.4000244140625,7127506,1349.0,1360.4000244140625,1346.199951171875,1358.300048828125,8305184
2025-11-12,1505.0,1524.699951171875,1500.0,1511.5,12384459,1370.0,1370.0,1355.4000244140625,1358.9000244140625,9736761
2025-11-13,1515.0,1522.0999755859375,1506.800048828125,1510.9000244140625,7196443,1358.9000244140625,1390.4000244140625,1358.5,1385.9000244140625,18296626
2025-11-14,1505.5,1520.9000244140625,1505.5,1518.9000244140625,7682823,1374.0,1381.199951171875,1363.199951171875,1373.0,9694498
2025-11-17,1520.9000244140625,1523.699951171875,1511.5,1518.300048828125,5871416,1375.0999755859375,1382.5,1373.5999755859375,1379.0,7660717
2025-11-18,1521.699951171875,1527.800048828125,1510.5,1519.4000244140625,11045042,1380.199951171875,1382.800048828125,1369.0999755859375,1373.4000244140625,9529560
2025-11-19,1517.4000244140625,1522.300048828125,1512.0,1518.9000244140625,5692366,1373.5,1384.0,1371.5999755859375,1383.0999755859375,10393918
2025-11-20,1530.0,1550.9000244140625,1526.699951171875,1549.0999755859375,18171724,1380.0999755859375,1388.300048828125,1375.4000244140625,1383.0,10131863
2025-11-21,1541.0,1557.800048828125,1540.0999755859375,1546.5999755859375,9615271,1373.0,1376.0,1364.5999755859375,1369.5,11483595
2025-11-24,1550.0,1550.0,1531.800048828125,1535.9000244140625,18433951,1373.300048828125,1377.0,1361.5,1368.4000244140625,15896003
2025-11-25,1535.9000244140625,1559.5999755859375,1525.0999755859375,1539.699951171875,15033482,1365.0,1376.9000244140625,1354.300048828125,1357.800048828125,12235000
2025-11-26,1542.300048828125,1571.5999755859375,1540.5,1569.9000244140625,14054299,1360.0,1377.0,1359.9000244140625,1375.0,9659004
2025-11-27,1575.0,1575.5,1556.0,1563.4000244140625,9794643,1379.0,1394.0,1375.699951171875,1392.199951171875,15158741
2025-11-28,1568.0,1581.300048828125,1563.0,1567.5,8959508,1392.0,1398.5,1385.5999755859375,1388.800048828125,7683986
2025-12-01,1575.0,1577.5,1563.5999755859375,1566.0999755859375,8920233,1394.0,1400.0,1385.4000244140625,1390.0999755859375,8867593
2025-12-02,1561.0999755859375,1567.5,1542.0,1546.300048828125,11389150,1381.800048828125,1381.800048828125,1370.5999755859375,1373.0,12126396
2025-12-03,1545.199951171875,1552.4000244140625,1533.0,1538.800048828125,6090883,1367.0,1394.199951171875,1367.0,1391.5,7955933
2025-12-04,1536.0,1560.5,1517.5999755859375,1535.5999755859375,11867930,1387.0,1391.5999755859375,1379.9000244140625,1386.699951171875,7373909
2025-12-05,1530.4000244140625,1545.800048828125,1520.5999755859375,1540.5999755859375,10183266,1381.0,1395.300048828125,1381.0,1392.5,4942638
2025-12-08,1539.199951171875,1551.0,1535.0,1543.0,11301491,1387.0,1394.9000244140625,1383.300048828125,1389.5999755859375,7826227
2025-12-09,1540.300048828125,1542.5,1520.0999755859375,1529.4000244140625,11503971,1379.9000244140625,1384.300048828125,1373.4000244140625,1375.199951171875,10492030
2025-12-10,1534.0,1547.5,1531.4000244140625,1536.9000244140625,7991629,1377.9000244140625,1379.4000244140625,1357.9000244140625,1363.5999755859375,8725381
2025-12-11,1536.9000244140625,1550.0,1524.0,1545.0,4706197,1363.699951171875,1366.5999755859375,1352.800048828125,1360.0,6734750
2025-12-12,1550.800048828125,1559.800048828125,1546.0999755859375,1556.5,5106655,1368.0,1370.699951171875,1363.300048828125,1366.0,3890885
2025-12-15,1551.199951171875,1558.5999755859375,1546.5,1556.199951171875,5774543,1356.0999755859375,1370.0,1356.0999755859375,1365.199951171875,5342530
2025-12-16,1545.0,1551.699951171875,1538.800048828125,1542.300048828125,11731856,1364.0,1368.699951171875,1355.5,1366.0,12359741
2025-12-17,1550.0,1550.0,1539.300048828125,1544.4000244140625,7116649,1365.0,1365.0,1343.0999755859375,1352.4000244140625,9440391
2025-12-18,1535.199951171875,1551.5,1535.199951171875,1544.4000244140625,6580829,1346.300048828125,1369.5,1345.5,1356.800048828125,7314573
2025-12-19,1554.4000244140625,1574.199951171875,1551.0,1565.0999755859375,13937275,1354.0,1360.4000244140625,1350.800048828125,1354.0999755859375,14318512
2025-12-22,1573.5,1577.5,1565.300048828125,1575.4000244140625,10184852,1358.0,1371.300048828125,1354.800048828125,1368.5,9375294
2025-12-23,1580.9000244140625,1580.9000244140625,1568.0999755859375,1570.699951171875,7506564,1361.0999755859375,1365.0,1357.0,1363.0,9105467
2025-12-24,1572.699951171875,1575.699951171875,1553.5999755859375,1558.199951171875,8815745,1363.800048828125,1368.199951171875,1357.5999755859375,1359.800048828125,8955140
2025-12-26,1554.699951171875,1561.0,1554.300048828125,1559.199951171875,2311495,1356.5,1362.0,1348.5,1350.4000244140625,2812144
2025-12-29,1554.9000244140625,1558.0999755859375,1543.5999755859375,1545.5999755859375,5972105,1352.0999755859375,1355.699951171875,1341.5,1343.300048828125,6057201
2025-12-30,1547.0,1553.5999755859375,1537.800048828125,1539.800048828125,8815884,1343.300048828125,1347.0999755859375,1338.0999755859375,1342.5,18621277
2025-12-31,1541.0,1577.0,1541.0,1570.4000244140625,5771830,1342.800048828125,1350.0,1339.5,1342.9000244140625,6150634
2026-01-01,1573.699951171875,1592.5,1571.0999755859375,1575.5999755859375,6408128,1343.9000244140625,1348.4000244140625,1336.0,1338.0,4179311
2026-01-02,1580.0,1594.5999755859375,1578.199951171875,1592.300048828125,6602230,1338.0,1356.9000244140625,1336.300048828125,1355.4000244140625,8226205
2026-01-05,1593.0,1611.800048828125,1575.300048828125,1578.0999755859375,8704973,1354.199951171875,1375.5,1352.5999755859375,1371.5,6920565
2026-01-06,1569.0,1569.0,1496.300048828125,1507.5999755859375,27417125,1372.0,1413.5999755859375,1366.0,1411.199951171875,17260416
2026-01-07,1510.0,1520.0,1498.0,1504.199951171875,11199340,1408.0,1429.9000244140625,1404.199951171875,1427.699951171875,15813795
2026-01-08,1500.0,1503.9000244140625,1468.800048828125,1470.5999755859375,16518684,1429.0,1442.199951171875,1423.300048828125,1435.0,14861699
2026-01-09,1465.0,1479.9000244140625,1465.0,1475.300048828125,8335311,1427.0999755859375,1429.5,1401.5,1404.300048828125,12555636
2026-01-12,1475.300048828125,1485.300048828125,1451.0,1483.199951171875,8883745,1399.9000244140625,1424.300048828125,1391.699951171875,1413.0999755859375,10923811
2026-01-13,1485.0,1485.800048828125,1444.699951171875,1452.800048828125,13499760,1420.0,1441.800048828125,1411.0999755859375,1437.0,14295581
2026-01-14,1444.0,1467.0,1440.199951171875,1458.800048828125,8321764,1425.5999755859375,1443.9000244140625,1414.9000244140625,1418.4000244140625,13832255
2026-01-15,1458.800048828125,1458.800048828125,1458.800048828125,1458.800048828125,0,1418.4000244140625,1418.4000244140625,1418.4000244140625,1418.4000244140625,0
2026-01-16,1458.800048828125,1480.0,1455.0999755859375,1457.9000244140625,17167161,1417.9000244140625,1429.0,1400.199951171875,1410.800048828125,12530886
2026-01-19,1450.5999755859375,1450.5999755859375,1403.300048828125,1413.5999755859375,20392765,1399.9000244140625,1400.0,1360.0,1380.5999755859375,23302883
2026-01-20,1410.699951171875,1416.0,1390.0,1394.0,13189498,1374.699951171875,1387.800048828125,1371.5,1375.800048828125,15012785
2026-01-21,1389.5,1412.9000244140625,1373.0,1404.5999755859375,17352720,1367.5,1371.5,1339.5,1349.0,21766068
2026-01-22,1410.0999755859375,1419.5,1395.0,1402.5,15721693,1355.0999755859375,1358.0,1338.0,1345.5,17179765
2026-01-23,1401.800048828125,1407.0,1381.0,1386.0999755859375,9837802,1340.5,1355.199951171875,1335.699951171875,1343.4000244140625,14056524
2026-01-27,1380.0,1391.5999755859375,1368.0,1380.5,26302396,1340.0,1369.0999755859375,1328.5999755859375,1361.4000244140625,25263634
2026-01-28,1385.0,1409.9000244140625,1384.9000244140625,1396.699951171875,11121657,1362.5999755859375,1380.4000244140625,1362.5999755859375,1367.699951171875,13242696
2026-01-29,1402.9000244140625,1402.9000244140625,1384.0,1391.0,20846683,1359.0,1387.699951171875,1354.4000244140625,1383.5999755859375,23118234
2026-01-30,1382.5999755859375,1398.0,1378.5,1395.4000244140625,11239835,1368.199951171875,1381.9000244140625,1353.199951171875,1355.0,24013717
2026-02-01,1382.5999755859375,1411.0,1335.0,1347.0,9709839,1368.199951171875,1365.9000244140625,1328.800048828125,1334.199951171875,4968773
