,RELIANCE.NS,RELIANCE.NS,RELIANCE.NS,RELIANCE.NS,RELIANCE.NS,HDFCBANK.NS,HDFCBANK.NS,HDFCBANK.NS,HDFCBANK.NS,HDFCBANK.NS
,Open,High,Low,Close,Volume,Open,High,Low,Close,Volume
Date,,,,,,,,,,
2024-02-02,1422.6455164089482,1464.0639387350582,1422.6455164089482,1446.990234375,19652588,717.8614898495053,720.7085896391353,701.8252179588541,703.8206176757812,44867754
2024-02-05,1450.0177530325548,1459.6961190035063,1421.007495677393,1428.452392578125,8814432,703.7476277670278,706.6190857097415,697.931756543557,703.1879272460938,38605046
2024-02-06,1431.256637826339,1431.256637826339,1409.3934322746634,1417.3099365234375,9047984,703.5285448598157,705.5482430083341,697.2259293320517,702.8228149414062,41075740
2024-02-07,1425.3752031215413,1438.8504181404362,1418.7491963623445,1431.554443359375,9296568,707.1543478186637,707.5437201567751,694.330191039234,695.9362182617188,54837086
2024-02-08,1439.3467435794867,1448.752105824393,1417.0368932886952,1439.4708251953125,14694634,695.8876252029665,700.3164537570308,681.6034099643059,682.844482421875,69106124
2024-02-09,1443.31729322881,1461.1602045826953,1440.2896534634558,1450.0177001953125,12556798,677.5395328507874,688.2709172654594,675.033089526087,683.112060546875,56642124
2024-02-12,1450.017752117624,1450.2659153474917,1431.7529141646626,1441.679443359375,6674430,681.18969323455,688.0032934481292,673.2566920790741,676.4931640625,34447812
2024-02-13,1444.806250056761,1468.1335924657844,1443.3172707540573,1454.335693359375,7715594,677.4422211445823,683.4771364619307,673.7434212435891,678.658935546875,57580994
2024-02-14,1446.7916226083244,1472.749520552248,1446.7916226083244,1470.4912109375,7117888,669.6795681971766,677.2231970540489,663.6203545889955,673.597412109375,91320810
2024-02-15,1472.4517353218182,1473.8166331337911,1455.7503978374216,1459.79541015625,10006782,674.0597534612269,688.903668609651,673.7433958465795,688.197998046875,41584944
2024-02-16,1465.6271998466532,1466.1483668657747,1447.8339689108675,1449.843994140625,9767498,692.9918479710976,694.8412181662663,685.4725175238648,691.0451049804688,32175742
2024-02-19,1451.3082561823699,1468.6300012389227,1442.8458657695369,1463.17041015625,6729828,695.4738838784058,695.4738838784058,688.7575972750415,689.6823120117188,34451756
2024-02-20,1464.1878968342883,1464.659382736365,1451.0600862084646,1460.21728515625,7117496,688.6603356526384,709.222808572302,687.102965017942,707.787109375,56133508
2024-02-21,1463.170510366537,1477.5888193115914,1446.8414171157522,1456.916748046875,12720292,712.5079475266035,712.5079475266035,698.3940605878935,700.413818359375,45893136
2024-02-22,1457.36346935178,1474.0399663973683,1447.2880175600008,1470.863525390625,18493728,689.9987587340186,695.3766603212918,687.2976289140083,690.8748168945312,50560882
2024-02-23,1478.556551746289,1486.5474563697878,1472.4517119404402,1482.6512451171875,14438584,692.334815015207,697.85868621692,690.1203711604371,691.3857421875,29833452
2024-02-26,1482.5768223248915,1483.5446346905887,1471.607959051116,1476.3974609375,7513106,687.9546346452112,698.3210050066913,687.9546346452112,692.213134765625,23506870
2024-02-27,1472.1291493159843,1488.9297276070065,1467.1907251784094,1474.73486328125,10826044,687.9546948776648,694.3545652339111,687.7113519923358,691.1668090820312,32087150
2024-02-28,1472.1042938560004,1480.3185210789975,1439.5205099276588,1444.930419921875,8647950,691.1667470533215,693.1377886016653,683.3067606806109,685.9348754882812,25321986
2024-02-29,1454.2365988812116,1468.1088998815815,1443.8385832706604,1450.0675048828125,23628976,682.3820552900959,686.4215706434694,680.0459994144303,683.0147705078125,53295700
2024-03-01,1452.7475417409498,1488.979373154373,1451.7548888255137,1481.1622314453125,12132926,681.360036052442,697.2989940386686,681.360036052442,696.3256225585938,34738898
2024-03-04,1479.5243736818861,1501.337897909408,1476.2982516112518,1496.3250732421875,10024420,696.422958130924,699.3674307159147,693.186545384466,697.274658203125,35616474
2024-03-05,1494.712091681268,1496.3251528023525,1475.1320355384912,1489.177978515625,7107668,692.0671354112525,702.2875361451739,691.8968072809968,701.2411499023438,37991672
2024-03-06,1482.4773919378927,1497.9131926576536,1467.6372798835923,1491.957275390625,7805676,697.6883641851937,707.0813632922424,697.6883641851937,702.0928344726562,42409530
2024-03-07,1491.9325571368477,1492.056638756749,1464.7091224345347,1468.059326171875,8315726,703.5042650748312,706.205394802925,701.5088653436588,703.7962646484375,49348046
2024-03-11,1478.060279979328,1478.060279979328,1452.747629113329,1455.8248291015625,11277130,695.9605773947812,703.7231908402335,692.553777365576,694.889892578125,50531094
2024-03-12,1455.8247263461558,1477.0675227494196,1454.261346490045,1464.5849609375,9432678,697.9073192338245,712.5078907659129,695.5955620745772,710.3421630859375,65418454
2024-03-13,1468.9029635812572,1472.2034859914554,1417.2850129833478,1421.6527099609375,13522134,713.2379447418698,716.2067158438075,705.7429725398497,710.755859375,63067454
2024-03-14,1429.1223094125826,1437.8825438227764,1415.0266869213976,1420.957763671875,18571102,711.5832127948388,713.4812990740788,702.9202422173576,708.3467407226562,52432158
2024-03-15,1415.4733954219128,1422.694969713975,1402.5193474045138,1407.80517578125,19223818,705.6943406988961,710.2205419583659,701.9225261192986,706.9840698242188,143613804
2024-03-18,1409.56727675182,1431.1326391984185,1406.1178317705178,1428.899169921875,9169392,704.2342392927528,708.6144107880084,698.7833829737194,703.7719116210938,21437856
2024-03-19,1418.252849649116,1427.0378036957165,1406.8373411480031,1414.778564453125,8275764,698.6373444116205,706.8623448833252,698.6373444116205,705.3779296875,36183594
2024-03-20,1417.4587350761735,1434.3835163859578,1413.562644941621,1433.1427001953125,8488806,705.2319615530049,706.4973325344582,693.3568181834665,696.4716186523438,43606094
2024-03-21,1441.8532357214951,1447.1887452733042,1434.060934378195,1440.3145751953125,13006936,702.0928435492851,706.3026871236781,700.0001304926251,703.6259155273438,28922860
2024-03-22,1439.321893152815,1449.2732629085037,1436.716179238339,1444.3348388671875,19527608,701.3141208411934,706.0593065998343,699.7323922549797,702.2144775390625,45980326
2024-03-26,1434.3835274360674,1441.7291835759677,1428.4276096750873,1430.983642578125,11415906,694.597800363169,699.8296715860995,692.1400732485544,693.7218017578125,56844290
2024-03-27,1437.3613782559069,1488.979328303771,1436.368725370371,1481.8818359375,16326644,692.8215385852401,704.6966236214441,691.7021375713913,701.1681518554688,62168668
2024-03-28,1481.90676076149,1494.8856495085238,1467.786296896486,1474.933349609375,21854364,701.1681292352769,710.8045307526719,701.1681292352769,704.6723022460938,55592142
2024-04-01,1481.5095896793896,1482.9985690062601,1471.60790139039,1473.8662109375,5013880,709.5878149173326,717.2774734382766,708.4197572494843,715.67138671875,25199570
2024-04-02,1473.0968689675985,1483.0233977342266,1464.1629930776332,1476.025146484375,8910166,713.0676337207477,727.5221766350272,712.1429189199621,720.367919921875,41225446
2024-04-03,1471.186101560143,1473.5436523631188,1458.1079713887636,1460.7880859375,7008292,716.450076374618,727.9115494819865,716.109420115624,721.414306640625,45584386
2024-04-04,1468.8780939901114,1468.8780939901114,1439.3466709144527,1452.1767578125,14490272,731.9754091764817,744.6292393883092,731.9754091764817,743.461181640625,88935066
2024-04-05,1450.1417667351745,1459.9938949751336,1445.3025839763254,1449.3724365234375,7442298,749.0093625181328,756.5529915753328,744.7022055513205,754.1439208984375,59055902
2024-04-08,1452.226356281804,1480.0206375610207,1450.2658910334067,1475.057373046875,8357118,756.7720051664586,757.8914061879058,750.2504634550537,752.7081909179688,20482940
2024-04-09,1478.060211901015,1478.8543827139295,1451.7549092714805,1452.896484375,7071414,756.7233110790663,756.7233110790663,749.6420692068525,753.6572265625,21884494
2024-04-10,1455.5766564963697,1476.0749645358123,1455.5766564963697,1468.7044677734375,9138330,754.3142198543229,754.3142198543229,746.0648611390807,747.7196044921875,27807400
2024-04-12,1465.0317226594827,1475.5538200544618,1452.3257159957793,1456.370849609375,15551012,740.2490112702176,744.5561681914903,736.5745101656407,739.2512817382812,41084208
2024-04-15,1450.2658952456557,1471.2356878788278,1435.6986653849476,1454.062744140625,12902062,728.8361984614614,734.8954117012732,726.1594270943376,727.4490966796875,23415248
2024-04-16,1442.6720371000315,1460.3661473678603,1440.2649265731254,1454.98095703125,9366184,723.7017589124875,736.3069325670494,721.3900014445425,734.530517578125,20744886
2024-04-18,1452.7476380801534,1475.0823301585979,1448.628103973215,1453.5665283203125,19005692,734.7980983246009,739.2025682918519,725.6727413912242,727.4490966796875,34234884
2024-04-19,1446.0720814485837,1463.1705049395248,1432.4231028577299,1459.323974609375,15741778,723.4827148610226,747.0382572891224,720.4165709168466,745.2619018554688,34576434
2024-04-22,1461.6317610616636,1471.9305352298081,1457.0160218672338,1468.9774169921875,10350362,757.9643557818745,757.9643557818745,734.0680986992392,735.9661254882812,42298438
2024-04-23,1468.1337674689391,1482.5272357774581,1444.8561033979943,1448.603271484375,14605554,742.8284760660457,742.9257894510552,731.6103458842442,733.7274169921875,26827060
2024-04-24,1452.7475596039474,1457.7605053579202,1438.8504186169605,1439.5205078125,10462776,737.3288649584306,740.613993564681,734.4331086916868,735.7227783203125,22441580
2024-04-25,1431.9018276580116,1457.189636393573,1430.9091747445573,1449.2484130859375,15943926,733.0704121681982,739.616311752735,733.0704121681982,735.260498046875,35445204
2024-04-26,1453.194198141131,1454.236532179651,1439.3467383348082,1441.8780517578125,9413848,739.6650141563123,743.6558134751455,732.729742335618,734.7981567382812,24854694
2024-04-29,1439.3467183436048,1457.1152296530197,1439.3467183436048,1454.2613525390625,7247974,737.3289207914913,746.7949349875348,733.216449914726,744.3858642578125,36093350
2024-04-30,1457.214576809603,1472.178772035999,1452.1272302795285,1456.221923828125,11474262,744.2397410284531,749.2526274508922,737.2801712358929,739.8109130859375,52307382
2024-05-02,1461.1850562736174,1466.4708844514234,1453.3679147531318,1455.775146484375,14512646,740.7356535814621,748.0359392606487,739.9326102747762,745.7241821289062,33475006
2024-05-03,1460.1925152681529,1464.1134460205978,1405.7455242326487,1423.46435546875,17226958,746.2108374978702,749.7879654532404,733.532651453262,739.5675659179688,31865242
2024-05-06,1424.9533097670264,1429.4202480421582,1407.5818831415143,1409.095703125,7394208,740.7357053714223,746.819277196089,738.3752913854279,741.0520629882812,28793396
2024-05-07,1405.571689953147,1410.311631866643,1381.772860502106,1391.17822265625,14517472,740.7113274497933,741.7334150168236,732.0483570497901,733.021728515625,28480602
2024-05-08,1387.2324157830615,1422.42191231512,1387.2324157830615,1408.1278076171875,9439002,728.0574791574124,728.5441648774708,720.465193806477,721.5845947265625,41687862
2024-05-09,1402.6185253372132,1413.2895438420787,1379.7875090012217,1383.8822021484375,11009612,717.83709973452,723.5800151607533,703.4069152466064,704.4776000976562,46281278
2024-05-10,1386.4879762578594,1399.6406275450738,1377.8766636438304,1397.0845947265625,10505096,709.9042250216206,716.2928456267198,703.8856031439476,709.361572265625,27276608
2024-05-13,1389.6149314683873,1396.6379028351905,1373.8317248456565,1392.394287109375,8456620,706.4509373389452,720.1655815796556,705.6122976051453,717.9208984375,27047202
2024-05-14,1390.681954289976,1416.5901722719507,1389.7389824487905,1409.6416015625,7188300,716.4408878596623,722.9775322143812,715.4789152317669,720.7328491210938,25665142
2024-05-15,1410.063563528233,1419.468926315315,1402.6435067088078,1405.86962890625,5046534,720.116199874965,720.116199874965,708.3256213801538,709.6575927734375,38931996
2024-05-16,1408.1278405018506,1417.0120356183081,1387.75361519461,1414.8778076171875,14711774,713.3822271543565,721.5221990437014,708.1775543730138,720.3875122070312,34945236
2024-05-17,1412.5948920294334,1426.6408349602225,1402.8668442157614,1425.15185546875,10916476,713.4562165510583,724.210870736283,713.4562165510583,722.286865234375,20920190
2024-05-21,1415.1260338425998,1431.231803864575,1415.1260338425998,1425.57373046875,11176128,715.3801590157026,725.0494465734148,715.3801590157026,719.6721801757812,43769978
2024-05-22,1425.722543020764,1457.9837617014118,1425.722543020764,1449.91845703125,10281604,719.203521164468,723.0268413842214,714.4182283327197,719.8695068359375,39996278
2024-05-23,1447.8340020088174,1481.2615172416956,1444.3100355832012,1475.1319580078125,14608260,719.5982164877166,737.8514873644924,718.808897899437,736.3468017578125,40861920
2024-05-24,1472.724715385057,1477.5638984586112,1465.2549777906743,1469.37451171875,7094776,733.8308615274302,749.814819731989,733.0908640200075,748.4827880859375,31060206
2024-05-27,1469.3497180106694,1473.990419113941,1450.8119965034373,1455.4774169921875,6629010,751.5168000055969,762.1974428837648,749.3955099218479,753.6627807617188,29385440
2024-05-28,1457.2145743340495,1467.637430621861,1442.0766163922278,1445.501220703125,7820162,754.846722684579,757.7820820455768,752.2321011517142,755.0440673828125,27908904
2024-05-29,1435.8724890871501,1447.287997987601,1427.8815843874524,1430.1895751953125,7383556,748.8774560751649,751.763434227272,740.6141508121484,744.0921630859375,35147706
2024-05-30,1424.9532474164846,1429.817270893488,1409.6663684202383,1414.3814697265625,13206858,739.6027730570852,751.6400771573121,738.8381451452329,747.3234252929688,33755350
2024-05-31,1420.7841589242364,1431.653659822201,1411.800601617005,1419.8907470703125,31069832,749.370736784836,757.7573743920395,746.9040786650703,755.5620727539062,74079588
2024-06-03,1472.1043222829317,1503.3728901534053,1448.2806515244756,1499.228515625,21527942,788.8372786068238,788.8372786068238,764.6640286682782,775.615966796875,72637256
2024-06-04,1487.0437791255476,1487.0437791255476,1349.3131842665355,1387.0091552734375,36709098,768.1174071283333,769.1040704644005,717.3042453208712,731.6848754882812,89531240
2024-06-05,1411.5524616660985,1420.6352601794422,1373.9308915121778,1410.3116455078125,17464890,737.062160780223,769.4000136473305,731.2901444599279,765.5520629882812,81631650
2024-06-06,1424.4569533735907,1433.0929853880773,1410.9072166555904,1421.0819091796875,17855722,772.0147015010076,772.2859977724349,762.9867083301413,769.4493408203125,46422870
2024-06-07,1418.004611799037,1461.1850112482903,1416.0193060772324,1459.1500244140625,18558696,770.115345809898,781.6099363682906,765.675361251112,776.1832885742188,36712216
2024-06-10,1459.150058153404,1482.3781598703026,1457.2888339961758,1460.5894775390625,9251760,776.5040577255814,779.784725413951,768.4134061980604,770.23876953125,22454058
2024-06-11,1458.20717740815,1462.847878399236,1443.9874724286744,1445.9727783203125,11774902,767.6240504407497,775.0240252200629,765.7493660748642,771.9653930664062,29545326
2024-06-12,1446.7915758989445,1465.155654220818,1444.4837064170613,1452.57373046875,10081742,776.9973227739393,783.5586575880445,772.7546827700062,776.5780029296875,39280436
2024-06-13,1461.1851486521073,1461.433311890669,1449.3725542618724,1454.4847412109375,9181160,780.3273770852536,782.2760131134276,776.5040566032491,779.8340454101562,24120192
2024-06-14,1459.199879544848,1468.8038455887872,1446.518713499826,1466.6944580078125,8157998,781.4373401835603,788.8373149959045,778.329326673916,787.8013305664062,25540554
2024-06-18,1476.4224025999808,1476.4720837189377,1460.5399547367645,1470.1439208984375,7196766,787.8012622589033,794.5105601294592,784.1259056214269,793.1785888671875,32415714
2024-06-19,1476.571240472528,1476.571240472528,1445.3026730272272,1447.9332275390625,8725874,795.941305047812,823.8145435842582,791.3039754417663,817.869873046875,90131196
2024-06-20,1448.2806091505108,1471.9553570393568,1439.4459739347105,1462.87255859375,16113776,823.7651872236406,829.5124525875813,814.983860042712,823.5431518554688,41408742
2024-06-21,1462.7982011333013,1463.8652545834836,1429.9909727182371,1443.515869140625,31170360,825.2698546527171,825.2698546527171,810.6179284522095,821.7672119140625,51630776
2024-06-24,1434.9045699529108,1438.8503408924523,1426.9385064042085,1430.88427734375,8878386,812.5172157896385,826.3798229097616,811.9005512360641,825.0478515625,28544994
2024-06-25,1432.3982039886682,1445.2282918111714,1430.4128980926341,1443.46630859375,7045386,824.4065232844747,847.025767804676,824.4065232844747,844.2631225585938,74521548
2024-06-26,1435.425808927042,1507.8149506909176,1434.5075565031482,1502.9013671875,22014882,842.5857736709851,844.041138181783,834.2731473521208,839.40380859375,47596666
2024-06-27,1502.6284353235128,1526.2039433921725,1494.935374795845,1519.3050537109375,28383030,836.7397746618053,845.0770913433391,832.0531241260426,836.7644653320312,55074650
2024-06-28,1519.7764812043604,1569.3842873036351,1519.7764812043604,1553.89892578125,28957336,837.4798157900913,841.9198007397313,828.3038589383985,830.671875,26476046
2024-07-01,1551.0450507194453,1567.7960689891884,1544.2454023527885,1548.6875,7724306,828.7971320491276,842.2651095333842,828.7971320491276,841.2290649414062,21187024
2024-07-02,1557.968712393485,1561.939323957406,1545.5605512562322,1553.675537109375,7749246,846.0637432263002,855.8810546817267,840.0204307746837,853.7597045898438,45921690
2024-07-03,1554.8170660210362,1563.4283787351976,1531.440162014497,1541.019287109375,9049620,883.5569558267186,885.0369507276009,870.5576793248654,872.531005859375,123217802
2024-07-04,1545.5606622734106,1555.983518377374,1539.4062623766438,1542.6075439453125,6837176,868.1404005851939,868.1404005851939,850.9231133709549,852.0578002929688,45848658
2024-07-05,1542.4088769403465,1586.755694667964,1536.6267221432645,1576.9532470703125,12269710,831.2638253093144,831.2638253093144,810.1492067263514,813.0598754882812,82242548
2024-07-08,1577.325467706802,1596.9800437158895,1570.8980643748457,1589.1380615234375,9500806,811.678583484828,816.4391857049037,802.7246020410699,806.7698974609375,39087800
2024-07-09,1585.8623208770043,1588.7410386525216,1568.887979750272,1578.5911865234375,6960002,801.6639054458949,812.3691778178521,799.369901303005,807.3372192382812,48550878
2024-07-10,1583.2814308954767,1585.7630632323035,1551.6654591589945,1572.5855712890625,7134578,804.1058576798249,809.063864597064,799.5672308205436,802.20654296875,45507182
2024-07-11,1575.8365135146928,1592.4634499565013,1558.9614138424095,1569.036865234375,11940946,801.1459373403621,802.0832795528332,789.8239996598078,800.1346435546875,44177074
2024-07-12,1572.8586162043875,1593.3569240772113,1562.9320865975437,1584.9937744140625,12924784,800.1839277769812,808.2745787950348,794.8312914757237,800.5292358398438,56049960
2024-07-15,1592.6620057625546,1594.0517441522056,1573.8512804915936,1585.4901123046875,5329688,800.9239527377698,804.031966294815,796.8292758573642,800.2332763671875,33375694
2024-07-16,1581.792452589091,1588.24469666931,1557.5965372882695,1564.669189453125,9386838,799.5672452078501,802.6505679180453,797.6186093434653,799.0739135742188,28950324
2024-07-18,1564.4210812674708,1582.1895936713806,1546.3795650620239,1575.0177001953125,12298374,793.2773395385489,801.1459557272271,788.9113662252444,796.6320190429688,33717064
2024-07-19,1574.3475621142547,1578.293333314245,1541.3915329908289,1543.7242431640625,13140390,797.2239068544229,800.677228233124,791.0572615353138,792.9319458007812,26002152
2024-07-22,1525.9557698439748,1526.203933085127,1488.2597977476694,1489.6495361328125,19674376,797.7172520784763,814.4905276323838,795.5712715150735,810.3218994140625,53744822
2024-07-23,1489.9719903646578,1494.6870915999891,1452.2511804820083,1476.96826171875,18052044,812.7885887086006,812.9119216218081,791.7973027922226,798.407958984375,52002152
2024-07-24,1474.0895996286229,1498.4095963901725,1465.552808673545,1484.7109375,11913362,793.3513220807449,799.6906218755655,783.4353677463822,791.3286743164062,61728206
2024-07-25,1470.1190347480779,1489.4509269223795,1466.2228234080762,1481.435302734375,12519876,785.8772830890329,801.6638951787058,785.8772830890329,797.5198974609375,25535732
2024-07-26,1481.4352554076795,1501.3131545447015,1479.4002684339398,1497.9381103515625,9859940,791.7972838101718,800.0605887969758,787.5792741911353,798.2846069335938,43810540
2024-07-29,1500.8414953005092,1516.2772962786503,1500.6678537480493,1508.931640625,7538550,796.7306475152811,805.0432741154053,788.4920327099303,791.822021484375,51001148
2024-07-30,1505.8793670988641,1513.7957501477324,1498.9059558839842,1502.0328369140625,8228208,790.317345854264,806.4739582617092,788.8373508245744,797.0020141601562,54595834
2024-07-31,1492.9499231376883,1499.3524857083617,1490.1208866802617,1494.364501953125,10057346,796.2373165488889,803.0946388161857,793.8693004409521,797.1006469726562,37820484
2024-08-01,1500.8913109431162,1506.8472288436842,1493.2479314401046,1504.1671142578125,10764222,800.627938629233,814.0219048337823,798.1859108540549,808.471923828125,26215174
2024-08-02,1493.9426800961044,1498.2358556077295,1482.303848567256,1488.309326171875,10268248,804.6239322848401,824.1105327295066,804.6239322848401,818.51123046875,44119238
2024-08-05,1469.126390399314,1472.997761203301,1422.7198642160924,1436.69140625,17046704,809.1132611105608,812.0239300120638,789.824004829474,797.1006469726562,41333634
2024-08-06,1444.4588830824964,1466.6446510309138,1440.6619130584993,1445.352294921875,10236186,804.1305829139676,805.5858871810888,786.0253355957136,789.922607421875,45116050
2024-08-07,1458.2071184913539,1461.6814036613468,1450.7622216985117,1454.062744140625,8174568,797.7172944045706,804.1306059860544,790.4159617464212,800.9239501953125,42346264
2024-08-08,1446.8164580997684,1454.2365143735713,1435.3017085687702,1438.4781494140625,12387192,801.1705962949537,815.6252376687839,798.8272709671206,810.3958740234375,33976950
2024-08-09,1449.2732763644294,1465.6520496932055,1445.3026646483625,1463.46826171875,6249776,814.9839073123685,820.1885804457108,811.9252750900921,814.0958862304688,26644618
2024-08-12,1459.199797918004,1462.1777566892652,1447.0397996020206,1449.8936767578125,8184584,814.9838233487179,826.7990913723679,812.6898193077751,818.9797973632812,39316196
2024-08-13,1450.0178268110735,1459.2742672925806,1447.28803114191,1452.8717041015625,6265064,803.1439511462899,805.3146225179424,789.8980079765901,790.9093017578125,54055042
2024-08-14,1452.7972017764512,1461.1850703208015,1443.0194737625147,1451.109619140625,6267466,792.5372336839343,796.0891971974215,790.9092152779186,793.1785888671875,32334428
2024-08-16,1457.8598362701878,1469.5235088888628,1447.3377388233519,1467.339599609375,9416902,803.3905830654421,806.177918901087,794.7572792867222,805.1665649414062,27849246
2024-08-19,1476.6025720306277,1492.3397678065596,1474.6105280885965,1482.4791259765625,13797742,807.9045746403995,807.9045746403995,801.0225621096914,804.895263671875,19502164
2024-08-20,1491.268975771349,1497.9423959482733,1484.0976661921165,1489.9990234375,8411808,802.8725499307859,812.0238759013653,802.8725499307859,807.92919921875,31134494
2024-08-21,1487.30978907883,1501.8766102174725,1484.072717714687,1492.7132568359375,7769996,803.1932203742449,806.3752455426795,798.1119406824072,802.05859375,47630904
2024-08-22,1497.0210123494212,1500.5070892244864,1484.720165407205,1492.1654052734375,10445782,805.1172807347715,808.2252943260683,803.1439540663039,804.77197265625,21300638
2024-08-23,1497.768063961028,1505.3128818837536,1492.4642955105633,1494.008056640625,9249654,806.1038926835937,806.1038926835937,800.6772446912317,801.6885986328125,20333422
2024-08-26,1500.9802618699923,1516.941539085057,1497.021098650585,1506.5828857421875,8816114,805.2159251748899,812.9858989531632,805.2159251748899,809.0392456054688,22364266
2024-08-27,1504.4912711730515,1507.4544123852302,1493.485179145279,1494.481201171875,6251156,810.7412543536698,812.714580974844,805.2159036816922,807.9539184570312,35773244
2024-08-28,1499.0131426615155,1501.4782728482842,1487.0608784010915,1492.33984375,9610286,807.9539173658313,808.9405806750858,804.2292392849356,807.6332397460938,26921188
2024-08-29,1497.1205913811584,1530.885760314005,1488.0568158159556,1514.874755859375,38335358,810.0505418236547,811.2345497877237,804.6979056469421,808.3485717773438,49052604
2024-08-30,1527.89778785993,1533.599989641746,1497.3447635789732,1503.6197509765625,41620730,816.9572296027775,819.9172195651064,799.7646332824804,807.5346069335938,445342100
2024-09-02,1504.8647654458696,1520.7264647058682,1500.6316718721823,1510.2183837890625,11240852,812.4185353190471,812.4185353190471,800.7758609185206,802.6258544921875,34049680
2024-09-03,1515.1984708784905,1516.941509382377,1501.5031683479538,1503.1217041015625,10923800,806.1038818486695,809.0391809529892,801.4665524914798,807.7565307617188,37282860
2024-09-04,1494.7301447200666,1511.4633627071519,1493.534966971581,1508.525146484375,11983304,808.5706125582972,811.4319603519671,805.1172908451134,809.9519653320312,24682744
2024-09-05,1513.0072347057646,1519.7054581926027,1481.1345314015284,1487.035888671875,16264168,812.0238589250097,813.947864316631,810.0505324148638,811.7525024414062,22876318
2024-09-06,1486.5627588054047,1491.0448575756723,1455.8105811316245,1458.997802734375,19394228,808.2252499925564,812.8872099026286,806.1532209716318,807.5592041015625,26029602
2024-09-09,1460.666261949736,1464.07768593117,1449.809597840599,1456.63232421875,9010298,808.0772497858858,813.2572321563082,804.1799176724811,812.2705688476562,23792914
2024-09-10,1454.6901127162012,1466.1942153054945,1451.7766997689328,1455.7110595703125,10768260,815.9705945420105,815.9705945420105,808.0772877024264,814.169921875,26606646
2024-09-11,1457.2300550346945,1462.9073318760024,1441.7917138302157,1445.7259521484375,9760202,814.1945707781381,815.2305552034559,808.6692201411954,810.9879150390625,22226684
2024-09-12,1451.2039809867947,1480.088617533546,1440.1232367942907,1473.913330078125,22349376,815.970556634334,823.8638631072175,812.541925723635,822.1865234375,32424046
2024-09-13,1470.5268529366479,1477.2500011980833,1463.6542770635715,1466.766845703125,8711328,825.8371886289187,825.8371886289187,817.4752411837702,821.8658447265625,23860532
2024-09-16,1471.6723576050656,1475.0090069946318,1458.9232273463058,1465.4969482421875,5481774,822.383822656841,827.7118283198007,820.9285184448568,824.3324584960938,15172820
2024-09-17,1468.1364260685732,1471.5975781970765,1460.790763828237,1466.4432373046875,5935328,827.8104775064535,827.8104775064535,820.9778464556504,823.2718505859375,20127122
2024-09-18,1464.1522884024148,1476.10455198121,1454.7399294679985,1457.6282958984375,8574714,824.7765131575844,838.1211584780381,824.4065144173259,836.0985107421875,40917342
2024-09-19,1460.4171894563083,1470.6264144806405,1449.7598031867433,1463.82861328125,16955902,838.2691083056365,848.0370989791965,838.2444778560398,842.8571166992188,30651776
2024-09-20,1468.136427109257,1489.0528890965668,1465.5218693608433,1480.0140380859375,30897320,846.8037464482039,860.8390072921377,842.3884524296358,858.989013671875,60623386
2024-09-23,1485.0687739665293,1495.5270047691104,1483.026880271187,1487.434326171875,8832314,862.8370332933276,871.3963251528371,858.5203814686755,868.1650390625,26965350
2024-09-24,1482.5786761041754,1494.530939532627,1481.9561623839436,1483.4501953125,17137444,870.7303607683197,878.9443447710721,865.4270455398441,872.2350463867188,33039036
2024-09-25,1477.9970102640052,1490.5468626388433,1474.3116560624171,1488.0069580078125,7069002,868.3377295053485,882.0770041306025,868.3377295053485,877.6863403320312,31965312
2024-09-26,1484.7202013028073,1498.017070530802,1482.1305684499498,1491.9910888671875,18818998,874.7016745924757,882.0769584056752,872.2350164313859,879.832275390625,31899644
2024-09-27,1493.0369361114394,1527.3747692811157,1486.0647823070499,1520.1038818359375,20597478,876.6503703689774,877.2423442796407,863.3304153886946,864.6377563476562,35613502
2024-09-30,1513.3558880158446,1518.9086621673466,1468.5348969230117,1470.701171875,27008814,862.738402689165,864.0456833682003,850.701098537286,854.47509765625,26383534
2024-10-01,1474.7599230273088,1482.0308103038055,1457.0057588364782,1458.997802734375,16431642,850.5037447767241,859.3837142697525,848.5797393423385,851.5890502929688,24572284
2024-10-03,1430.8602791168494,1443.634334423912,1396.4975195620746,1401.3780517578125,37757294,846.3844351066934,851.5644172954591,825.5164827720641,829.7838134765625,48473398
2024-10-04,1398.34020617394,1411.711728297617,1376.2782950115372,1381.0093994140625,37072876,826.083866681385,834.0511850540141,815.4772359655595,817.771240234375,48683232
2024-10-07,1387.9566419173104,1390.9447078848398,1355.9594355150189,1365.272216796875,22181340,815.0824984433904,818.4371776300311,795.7439225540929,798.1119384765625,94458296
2024-10-08,1367.513224520688,1395.4267642320656,1359.669551595401,1391.791259765625,17020808,804.1305430330278,817.351854577489,800.1838900610866,814.5151977539062,29734406
2024-10-09,1391.9656892391695,1395.4019165531051,1367.0402140253339,1369.1318359375,14310610,813.750592132383,817.3272467507278,803.4892692768091,805.6846313476562,41125642
2024-10-10,1374.5352199766685,1380.4864268287754,1363.9774115920343,1365.595947265625,22358646,808.5705299330368,821.6191272702827,805.363874384187,820.114501953125,21754766
2024-10-11,1364.5501018082973,1377.7723178051706,1363.3797273571677,1366.6417236328125,7980122,821.1258875682706,821.1258875682706,810.6672800804614,814.4906005859375,23672594
2024-10-14,1373.962442591221,1374.5849563155427,1362.8070452852592,1367.0650634765625,12221432,816.9819085005773,834.741848018609,815.9705545228965,832.7931518554688,18527508
2024-10-15,1353.1207855156183,1366.243302159234,1335.3666207605413,1338.678466796875,33762794,835.7038196244212,837.6771462351046,826.5771840500105,830.81982421875,19651130
2024-10-16,1334.6695151768993,1358.5740438069333,1332.3039628645522,1348.6884765625,20034438,828.8465156450762,842.585790426718,828.8465156450762,838.565185546875,20470682
2024-10-17,1360.2671814831224,1363.0062419523483,1346.6715786036464,1351.0291748046875,15543660,836.1724403142362,837.5044718768119,821.4958240034423,825.4178466796875,14695732
2024-10-18,1346.796043723323,1362.9814005892638,1335.9891081789099,1353.8927001953125,12082452,820.4598702584595,834.2238355924767,816.0198853262701,829.7098388671875,24809724
2024-10-21,1361.686598848784,1368.5342502099143,1352.3239675798945,1363.7532958984375,14067408,846.063768270474,862.4177242903107,844.1151323678729,852.8223876953125,46548354
2024-10-22,1363.7532474009167,1370.5262455038624,1334.8935348257999,1338.006103515625,15831960,853.4884373802005,858.3970631644344,843.9424218629189,845.841796875,38875280
2024-10-23,1332.1793705575924,1352.0748848775756,1329.689315659354,1333.2003173828125,17214742,841.1551854708522,861.603759041874,841.1551854708522,856.3251342773438,38036090
2024-10-24,1329.9633130042932,1338.3547254831988,1317.8616212723593,1334.4703369140625,22155934,857.4597103207274,872.5310159915173,857.4597103207274,863.15771484375,30832258
2024-10-25,1338.1555171764887,1339.002111534351,1316.7410448137834,1322.5677490234375,18597496,865.7970368926951,867.2030200365818,852.8223905419693,860.0744018554688,26130478
2024-10-28,1331.6813526124565,1347.6177038778262,1316.8406011796387,1329.0418701171875,10824350,859.383716444917,863.8237012026692,852.9210840084185,855.5357055664062,22012142
2024-10-29,1322.8167478889227,1337.856655249044,1315.0478495098762,1334.66943359375,12008361,851.5644426318723,870.2370336046123,851.0464203091243,864.2430419921875,35794926
2024-10-30,1329.6893351932274,1344.62966480214,1320.0776988278842,1338.553955078125,11984423,859.3837596235229,865.6737383463702,850.6024319063034,855.7330932617188,32715724
2024-10-31,1334.6694245700712,1337.6574904459744,1320.8745447599274,1326.7510986328125,9331650,852.4770662952162,857.8543931673494,848.234426273393,856.2756958007812,22895912
2024-11-01,1327.7471304089104,1336.6116286385318,1327.6972806767253,1333.3248291015625,2127335,854.9437742666823,860.419743696405,851.5397737386437,857.0651245117188,1759692
2024-11-04,1332.5280301195805,1334.6695017714562,1279.9878687625326,1296.9700927734375,19796890,860.8637106769045,860.8637106769045,844.0411138190809,845.6197509765625,28089248
2024-11-05,1287.8564249120313,1304.3406373759979,1281.0336986406933,1300.1075439453125,16267479,840.1437747820238,869.5956493162819,837.6277954866241,867.2030029296875,44232406
2024-11-06,1304.7888451117578,1323.0160966964434,1295.0277806900112,1320.0777587890625,21625209,873.9370497603172,873.9370497603172,861.0364145993881,865.92041015625,27787910
2024-11-07,1318.7331565363688,1318.7331565363688,1297.4182609581876,1300.4561767578125,9611974,860.5184217555121,868.7323455565536,857.4104082699865,861.62841796875,18895456
2024-11-08,1292.4879180085577,1296.4720058402277,1269.9279963447846,1278.6431884765625,19814406,864.3170573375987,869.1517316326272,861.2830556229201,865.5256958007812,19902986
2024-11-11,1273.8622221377802,1280.884225507143,1261.9598084895413,1267.6370849609375,9056552,865.5750573030832,879.5116762015548,863.9223481240455,871.3717041015625,24565362
2024-11-12,1270.4759075040322,1284.1712099692156,1262.4578817905294,1269.1810302734375,10671091,874.1836611915717,875.6636561032956,842.9311140165652,847.6423950195312,31395406
2024-11-13,1265.196886863478,1270.3761523895544,1244.5294313213271,1247.0693359375,14633633,846.9270867373347,853.1677439816382,825.3438276461692,829.463134765625,35728500
2024-11-14,1248.613186761178,1267.537605244334,1246.1231316976048,1262.5574951171875,12612633,825.39317914741,841.05645917869,824.8998474928816,835.087158203125,27146470
2024-11-18,1262.55746761959,1267.8364328732807,1238.951794764919,1255.7347412109375,13620611,838.6637692715708,847.987749103584,836.1971111266544,841.1797485351562,27081968
2024-11-19,1255.734688515481,1276.4021442257297,1230.236550606767,1236.710693359375,14183746,845.5704607570133,865.1803941380466,839.9957889401087,859.507080078125,50981272
2024-11-21,1236.7107220331202,1239.0014996478671,1212.407761281373,1218.1348876953125,19433843,863.0343691875372,867.7703408111802,855.5356922473849,858.989013671875,35716512
2024-11-22,1224.509420421979,1263.8024380613526,1217.586994857739,1260.3662109375,20471957,860.1484352390544,865.4517505554312,853.2417920363309,861.1597290039062,24773612
2024-11-25,1284.868314871977,1299.260783408558,1277.3483005192684,1281.8802490234375,28923341,880.6216480727867,889.7482832055338,870.6810037082952,880.8929443359375,427737274
2024-11-26,1289.7986377983043,1292.687125909721,1279.0914013187908,1290.545654296875,9247557,892.9302818593218,892.9302818593218,873.0983737208503,880.8683471679688,30935566
2024-11-27,1288.3543972122054,1298.6632001168684,1280.8842325588682,1288.0555419921875,9572746,883.0143007972586,896.5562300169572,880.6709755435701,894.06494140625,32714976
2024-11-28,1284.818474176107,1291.442044503892,1264.0017125526565,1265.7447509765625,15027412,897.3702251985009,905.8061839354122,882.07694483503,884.6176147460938,35722392
2024-11-29,1274.9081506356404,1294.3305794929802,1270.177046170391,1287.0595703125,13202307,888.6383310231244,890.2662893460416,879.561016559754,886.04833984375,27669536
2024-12-02,1282.876370557777,1306.133460567327,1271.9699779978703,1303.9422607421875,11024152,889.7236388960249,892.0176431336934,875.6636867426915,890.3156127929688,15110876
2024-12-03,1311.7609017834461,1321.5219654799555,1301.8006823317874,1318.035888671875,16869482,899.1955156163089,906.4475265301775,895.9395389832724,900.9715576171875,43410242
2024-12-04,1320.7251432865569,1323.1156203515295,1298.8625094957517,1303.742919921875,19608540,906.7435619082082,920.0635162996781,903.3642521901575,917.6461791992188,44669084
2024-12-05,1309.1214514378748,1324.6593698468237,1300.9541199209712,1316.7908935546875,16858723,917.596875706611,927.4388181075851,905.3622266087298,920.4335327148438,39682714
2024-12-06,1318.6334884089777,1318.6334884089777,1304.7887589399247,1306.3326416015625,9037514,916.1168429341786,919.6688066050771,909.7035317020062,915.5494995117188,17783156
2024-12-09,1297.8166732313093,1309.7689372979064,1287.9560310594236,1289.9979248046875,14650002,914.4641912323508,927.4634676846591,912.1701871004972,922.5301513671875,26947912
2024-12-10,1284.121290398709,1289.7488386952925,1275.107243177966,1279.73876953125,16043729,926.3288062229569,926.3288062229569,916.881553393078,921.5928344726562,13325480
2024-12-11,1279.8882324099652,1284.8683422637005,1270.9738844056644,1273.115234375,11724373,918.4354833328279,923.4675021564423,915.9935158212785,919.1261596679688,14045426
2024-12-12,1264.9479526569407,1273.1152845047754,1255.5853214463157,1257.876220703125,20906813,913.1568815747593,921.864197216933,912.0221946944998,917.2268676757812,17293790
2024-12-13,1254.9877622795104,1270.1272485556606,1234.6688884780408,1267.78662109375,28630222,918.8301759997277,924.9968214762359,902.4268990322158,923.3934936523438,19009002
2024-12-16,1269.9280595585296,1275.904191603511,1261.511722229068,1263.2547607421875,9486781,920.1128492893367,922.5054957499956,915.2535445762154,920.1621704101562,13107082
2024-12-17,1256.033537225462,1258.8721754853295,1237.8561365143116,1240.34619140625,17462791,915.7962178924912,918.7562078618506,901.0702798391582,904.4002685546875,21079532
2024-12-18,1235.714673937889,1254.9378248920182,1235.714673937889,1248.2645263671875,12670179,902.7228866518356,905.7568882727958,891.5242825465077,893.2755737304688,23422312
2024-12-19,1234.0712121990753,1239.947766097918,1224.1109925687356,1225.55517578125,14244653,887.7995941182149,888.5395915672278,877.6369745293333,884.790283203125,25380770
2024-12-20,1219.1309339507777,1234.5692750261348,1196.7204388413884,1200.50537109375,20312896,879.2156362475025,886.7883251977108,871.7417099804251,873.93701171875,25692348
2024-12-23,1210.1667348774333,1222.3181546925216,1208.3738466363206,1217.437744140625,10052824,879.1169941259847,890.956953642833,878.7716860618692,888.4902954101562,11044592
2024-12-24,1217.4377030050357,1228.6429501715868,1216.1428258096823,1217.8858642578125,6734917,889.0083275055933,892.2889348142179,882.8416818560752,887.0596313476562,14485834
2024-12-26,1219.3798917928577,1222.8161189414398,1209.4196721335327,1211.7105712890625,10016178,887.2816657547127,893.916952377888,878.5003382709294,883.4336547851562,10481678
2024-12-27,1213.4536884394554,1223.0154756156849,1212.1588111658666,1216.1927490234375,7000397,885.4316968356189,890.9322967259654,882.6196702111419,887.1336669921875,7259330
2024-12-30,1211.5611874241417,1218.3340640862093,1203.294156174512,1205.8837890625,8818766,884.1489668763874,895.3969526845203,873.6903598921683,877.0943603515625,22222218
2024-12-31,1203.1945530395503,1214.2503727116298,1201.3519366916562,1210.6148681640625,6405475,873.3450677348718,879.0183818635131,871.0263727843891,874.60302734375,14117236
2025-01-01,1210.0172807004092,1221.4218053468785,1206.7802092584152,1216.391845703125,5892590,874.8989303590305,885.0369191568942,868.8062969452952,879.4869384765625,7313806
2025-01-02,1216.3918076943417,1239.4994683243335,1215.1467802555553,1236.860107421875,15486276,876.699651347947,889.6989281059142,874.6770036544534,884.9136352539062,18558576
2025-01-03,1238.9518139936486,1257.0296379589822,1230.5852047154665,1246.1729736328125,15521102,883.5569553072743,885.6536147489581,861.5050553855514,862.9356689453125,24426194
2025-01-06,1248.961727102304,1256.9797527645217,1210.1667191829588,1213.15478515625,14816766,858.4464162412277,866.8823756490298,841.5251763034672,843.8438110351562,18816348
2025-01-07,1217.1388288273843,1239.5493228115217,1216.3918123612464,1235.913818359375,10070505,846.063732614296,849.0237223493897,838.6637582765616,845.2744140625,13527906
2025-01-08,1244.0314575822304,1265.9937909556584,1240.395953024955,1260.4658203125,19346579,842.7338203435289,844.4111600559388,830.4498497882179,835.8518676757812,19738190
2025-01-09,1261.9598138402198,1264.6988742096441,1243.0852464738894,1249.758544921875,12794704,830.844525028491,833.237171528912,817.9932112311335,822.778564453125,40420222
2025-01-10,1248.8621307808614,1251.750618829338,1231.0831628192257,1236.959716796875,8120332,824.3571854708366,826.2811909461473,815.9705474379197,817.3272094726562,17453280
2025-01-13,1225.1070543419412,1240.2963897717905,1221.5213994754447,1234.9178466796875,13764861,809.0639234971638,812.3939122066796,801.3186405131205,804.5499267578125,21669066
2025-01-14,1239.1509590647415,1248.3641626627486,1222.3680125031533,1233.822265625,13095266,809.0145872775671,817.0558570637163,807.5839134440961,812.3198852539062,26661432
2025-01-15,1239.9974688456068,1251.9995818882041,1236.90982514039,1247.2186279296875,9578856,817.2038286822469,820.2624606383587,807.2385540448483,810.5685424804688,14022892
2025-01-16,1253.8920943102864,1269.9280238633037,1246.3223515830243,1261.4119873046875,14117603,815.4031740939097,819.201863784551,810.469857784879,815.008544921875,21212454
2025-01-17,1316.9900509904955,1320.7251333812799,1279.888232575373,1297.169189453125,29366277,810.7905598983193,814.2438814190301,803.3905852110819,807.4605712890625,23112076
2025-01-20,1310.764916385877,1310.764916385877,1295.0775703121099,1300.2568359375,14040244,802.1572072678132,819.3991231510713,802.1572072678132,814.6138305664062,17557618
2025-01-21,1305.2868371165837,1307.776892128252,1265.1471016946018,1268.6331787109375,14562976,818.0671578930118,819.4485105158285,805.6352251722408,810.2478637695312,31158144
2025-01-22,1273.2149526536994,1277.7966294698952,1263.6530443254642,1272.0196533203125,10273590,810.2479165643738,824.8012002853578,801.8859089377631,821.9152221679688,30619306
2025-01-23,1264.9478840486133,1272.2686211078578,1256.581275301743,1258.6231689453125,8720682,832.2505181334424,832.2505181334424,814.6139111249832,821.347900390625,34909158
2025-01-24,1260.9638702056575,1267.9360243063209,1238.5533748820974,1241.34228515625,14235970,818.9305795964561,824.0119199318104,811.2839386423929,813.8986206054688,24236200
2025-01-27,1234.1708090151494,1235.515414368934,1215.1468135462453,1224.4595947265625,9536019,809.6065327196525,810.839861804967,802.157237088582,804.0319213867188,22804166
2025-01-28,1233.0752790316255,1239.7984277662488,1213.6528493538253,1229.4896240234375,10568025,812.5171851743912,830.918478848159,812.5171851743912,824.0611572265625,30179312
2025-01-29,1231.0832160878692,1237.8063647194172,1223.1648896668228,1230.585205078125,5928156,826.3304621132276,829.3644636153648,823.2964606110903,827.4651489257812,12619890
2025-01-30,1230.635044492625,1251.9996679975989,1227.497550840604,1248.0654296875,9269259,829.2904768269195,837.627793486482,825.1218486077116,834.470458984375,25744846
2025-01-31,1250.8541794958078,1261.9598488917904,1244.0314532484974,1260.0673828125,6584612,832.3738053097981,840.9824182950722,830.7457868177106,838.047119140625,15821686
2025-02-01,1260.0673469134033,1265.495739501575,1236.0632421918099,1259.5693359375,7118453,837.4304429485957,845.0770832229423,826.8485035606199,834.1990966796875,5587528
2025-02-03,1246.0235355947286,1251.003645649064,1232.6270881824535,1240.94384765625,9252345,823.8638327488314,832.1518283284162,820.6324864421063,827.8104858398438,20276540
2025-02-04,1243.0852829885687,1283.6731787459128,1241.6409781641657,1280.08740234375,16691069,833.0891713164636,851.391824544325,828.8219005259823,848.9744873046875,28616502
2025-02-05,1277.5476050956522,1285.366353249074,1271.6212014188793,1273.115234375,10112028,854.9437515638108,860.4690419690123,847.9877873258422,857.311767578125,23675506
2025-02-06,1268.6331564996678,1282.8763195509282,1265.2965071593937,1276.4520263671875,9956001,856.1770794811201,862.8370567631686,850.5037655001158,860.29638671875,26760716
2025-02-07,1271.073491533156,1278.5933846345008,1256.979756005846,1261.6610107421875,8764283,863.3303440695562,871.7169816976605,850.9970534399911,854.8203735351562,23509600
2025-02-10,1259.469777897567,1261.461821832557,1240.5952102474196,1248.6629638671875,6970972,847.1984649999539,850.2324064646851,842.857122399865,846.4337768554688,17195950
2025-02-11,1259.5196705337273,1259.5196705337273,1225.2066396338644,1229.937744140625,8859714,840.1438107934578,844.090464044396,833.0891440189461,839.3544921875,22724704
2025-02-12,1214.5989377224967,1222.0193743195214,1188.6027887286011,1211.7105712890625,21131654,835.2104927183359,844.5837941723514,829.389155095277,842.0184936523438,22809570
2025-02-13,1212.2086229517822,1223.1150152108587,1207.1786632211406,1211.2623291015625,8511216,838.1704689996619,845.6937766231139,835.4818356095761,837.5291137695312,12602434
2025-02-14,1214.1507532507958,1219.1308629852126,1200.6546072366423,1212.40771484375,10298145,839.601120018604,839.601120018604,828.7971451888767,836.1231079101562,19959892
2025-02-17,1206.2821918357026,1222.6169765728448,1199.7084711054922,1220.02734375,8166683,831.3624591587258,848.5304243918573,829.413823260936,847.2230834960938,12938946
2025-02-18,1219.9775298877432,1225.0074896525716,1211.2623373341316,1220.525390625,6673250,845.1017788797033,854.2284140997132,841.697778564227,850.0350952148438,16350910
2025-02-19,1214.6488125132394,1227.8461038341088,1212.706618273488,1222.567138671875,6217338,847.0504387449713,857.3610822217985,844.8057556604201,852.0823974609375,11884112
2025-02-20,1219.0810452834291,1234.4198079853766,1217.1388510698625,1228.0950927734375,7795582,844.0904430253034,845.9157460199498,831.4118438608401,832.2998046875,26390510
2025-02-21,1223.8121434284387,1235.0672403005465,1217.2882724889691,1223.264404296875,6904025,829.2411711352042,836.1724445897772,827.4404985932164,834.9638061523438,15680940
2025-02-24,1211.7105497558396,1218.3838481751116,1205.68456833515,1209.718505859375,7172498,829.3398427560753,830.8691588600108,819.4732095421047,827.3665161132812,20693646
2025-02-25,1206.1826029932777,1216.1428226711741,1196.7203942992758,1199.21044921875,11552182,824.406500920576,832.7438177754724,824.406500920576,829.9564819335938,24138708
2025-02-27,1207.975493883109,1210.166693583284,1195.8738026303336,1202.298095703125,11509215,830.0551731686357,843.9671012979777,830.0551731686357,839.0090942382812,35786800
2025-02-28,1197.218393771922,1212.5073065135477,1188.5530513693543,1195.325927734375,23007298,831.2638337603047,857.0404125816553,831.2638337603047,854.6477661132812,54516728
2025-03-03,1199.2104168056296,1201.6506219268736,1151.4013636439433,1166.5906982421875,17944938,858.2984642242569,859.9017921530082,835.7531707549724,839.4285278320312,21205364
2025-03-04,1157.576687742468,1169.3297956512124,1154.9373267832577,1157.2779541015625,11377373,837.6771272358142,845.7184570804238,835.3338019387764,843.5971069335938,19920958
2025-03-05,1156.3815647449799,1178.2940491759787,1152.3974766666165,1170.9234619140625,8664095,839.6257577393887,843.991790915382,832.8671383829512,833.73046875,21583872
2025-03-06,1192.2383549047067,1209.1208794668382,1180.4355183146993,1204.7882080078125,14468014,832.2504799228543,838.6144701478811,824.973838204501,834.3224487304688,32966088
2025-03-07,1211.1627762331514,1249.8084792402678,1207.178688153437,1244.828369140625,16474965,829.7838192395386,839.2311321984157,827.6131479773222,833.3604736328125,13372914
2025-03-10,1240.0473535020744,1252.9956391209716,1230.4855669004469,1233.4736328125,11931051,833.2371287977431,838.6144556459366,830.3018296675241,832.4971313476562,15604050
2025-03-11,1235.0672477916657,1244.5294565449083,1224.858022557904,1242.3382568359375,10089838,829.9811819724781,835.7038170818192,823.8885481247595,831.510498046875,19898430
2025-03-12,1252.995610693361,1257.9757204337955,1239.0513034201438,1252.0494384765625,11977555,834.4952011662076,847.7904654359072,834.4952011662076,844.1644897460938,18784106
2025-03-13,1255.0376050433522,1259.1212710412995,1238.901975238559,1242.9359130859375,9505270,846.5817587561914,848.9250839737969,838.688452760047,841.9197387695312,15736264
2025-03-17,1237.208673957254,1252.3980085038181,1228.1946267891797,1233.9217529296875,16640917,841.1304915849349,850.5037932506908,841.1304915849349,843.7944946289062,18950652
2025-03-18,1233.9217529296875,1233.9217529296875,1233.9217529296875,1233.9217529296875,0,843.7944946289062,843.7944946289062,843.7944946289062,843.7944946289062,0
2025-03-19,1236.113132982547,1248.2645525643281,1233.8720835165427,1242.1888427734375,16162399,855.930432694155,863.823739278078,854.5490799535085,860.4197387695312,15221406
2025-03-20,1246.8700894970418,1267.9359786597456,1245.0773228865291,1264.101318359375,15971477,865.3036807089222,875.1703133281802,862.9850461318551,872.580322265625,17833978
2025-03-21,1269.927977701306,1275.9041093610767,1265.0474458622177,1271.2725830078125,21780769,866.0684175252852,875.2196836615442,866.0684175252852,873.3696899414062,33508264
2025-03-24,1285.86434660882,1300.8046759652354,1279.141198398433,1296.920166015625,20299319,877.6369838460287,890.1676194932312,874.997671627427,887.9969482421875,17393736
2025-03-25,1302.497915186312,1302.497915186312,1277.4977874103538,1280.33642578125,13713899,890.4143157035983,909.5555477752322,888.7369760332164,898.5789184570312,39101416
2025-03-26,1285.8643858858131,1288.6532960847499,1263.7028966635362,1267.98583984375,12074747,900.3302775382388,901.5636066855513,888.9836493829623,891.2283325195312,24478442
2025-03-27,1273.0655062272906,1279.8882324099652,1266.242780044616,1273.115234375,15028056,887.9969842041877,908.2235821777275,887.0596420099644,900.5029296875,41658100
2025-03-28,1274.9081198538831,1290.5954658598978,1263.9518781988888,1270.027587890625,18147129,902.3035639097062,905.7568853680813,890.8829244709937,901.9088745117188,28773648
2025-04-01,1259.5693287834792,1272.8164693011493,1244.330265958221,1247.6170654296875,12099648,888.9836405685396,892.8809726796349,870.9030234039785,872.1363525390625,28511006
2025-04-02,1242.5873186806543,1250.5554948342144,1238.9518139936486,1246.1729736328125,10142590,873.5423260418547,887.602278026219,873.5423260418547,886.4676513671875,11573564
2025-04-03,1228.145018441354,1246.8204315907722,1228.145018441354,1243.732666015625,7434366,878.6729886492828,889.9702954640933,876.6503409310941,885.456298828125,11250038
2025-04-04,1236.1628160172713,1240.4954871764826,1188.4036122186155,1199.9075927734375,17908652,894.4103269547068,908.6922548603657,893.4729847277881,896.5316772460938,33540454
2025-04-07,1127.6960086529814,1166.590714623955,1110.415052053189,1161.062744140625,22156106,869.6450067324856,878.0562747489253,857.5090006629878,867.1289672851562,37995450
2025-04-08,1167.3378163352843,1191.8399338970503,1158.6724733291408,1177.4971923828125,19555040,870.730371547347,879.1170096868965,863.4784203033727,872.7777099609375,35563872
2025-04-09,1164.8477193030515,1185.0670143686195,1163.3536863154889,1180.6346435546875,10223104,870.7303466796875,875.6636630914704,865.0570328061372,870.7303466796875,22454608
2025-04-11,1190.3957018139643,1217.786306450343,1190.3957018139643,1214.1009521484375,11224242,875.540352413462,897.567622795633,875.540352413462,891.3269653320312,32775766
2025-04-15,1246.0235343416643,1246.0235343416643,1232.1788040875913,1235.1668701171875,13378535,920.0635423129839,925.8848799667485,915.1302257322174,920.0142211914062,49298344
2025-04-16,1229.1907298200806,1235.9637280756608,1224.1110419207541,1234.3701171875,8248464,929.33821542373,929.33821542373,917.8435635307726,926.4768676757812,19136820
2025-04-17,1235.266450081142,1275.1073305428426,1222.7165970526498,1269.4300537109375,15398401,928.4501692927759,947.048748489299,925.835487448072,940.6354370117188,35703084
2025-04-21,1264.947875835223,1295.7249783909904,1261.9598099867933,1290.346435546875,10429964,949.170085798879,962.3420166432835,942.2634427629204,950.6994018554688,34247298
2025-04-22,1294.8286411452223,1298.713151385602,1281.1831879455033,1286.0635986328125,13051707,954.5967457498784,972.1593405008402,954.5967457498784,967.7686767578125,45961750
2025-04-23,1291.840547250601,1300.8047453425481,1280.286716249035,1294.82861328125,10480888,976.2539669757358,976.2539669757358,947.4433879660209,949.1207275390625,30570642
2025-04-24,1287.2588872304611,1299.3107293954529,1285.1672652984741,1296.4222412109375,10468940,942.2634238174406,949.1207455952106,939.8460867592294,945.6181030273438,25931754
2025-04-25,1298.3146947064158,1319.928323767296,1282.9759313802824,1295.22705078125,14431012,949.5647662059754,953.6100615716746,933.2848220611925,942.8554077148438,18500878
2025-04-28,1334.669497851195,1369.1318351951852,1314.9482133535364,1363.35498046875,31104496,942.8554253066497,951.982060830828,941.4741328194633,947.29541015625,13920492
2025-04-29,1365.5461749701867,1405.2874774645995,1364.5501529607263,1394.1319580078125,32538970,946.6047640975014,951.5380804410966,937.4287475214969,941.6714477539062,18918308
2025-04-30,1396.4228227174156,1406.7814756764847,1363.5540972183608,1399.410888671875,25480745,943.7434115323153,955.5340495753018,942.4114402150566,949.6633911132812,31936870
2025-05-02,1408.3751233126775,1421.024554216323,1403.4945911426703,1414.152099609375,13007841,952.0314875380283,958.0007887427045,947.1968130496268,948.1341552734375,17840404
2025-05-05,1425.3074680112338,1433.773654928142,1421.2238021682567,1425.6063232421875,12685649,956.5700467268101,962.9833580251333,953.2647488384409,955.4847412109375,15068024
2025-05-06,1425.3074785225756,1426.3035005201455,1404.9886054552057,1415.2476806640625,14084117,952.1300492793257,957.112686715781,949.3180830668039,952.9686889648438,17490156
2025-05-07,1415.2476117092147,1418.733688530858,1397.1199392858432,1400.4068603515625,13440169,954.1034146874002,961.355365881208,948.3807795701131,959.8260498046875,21420778
2025-05-08,1398.51446598441,1415.1481063364454,1392.438756100913,1401.4029541015625,16106175,964.364722012384,964.364722012384,946.752746184645,951.3900756835938,34803430
2025-05-09,1379.9884666950659,1389.251519832932,1369.032224808638,1371.721435546875,13668904,942.3127568324845,946.7034204881495,930.8181657127636,932.248779296875,17188796
2025-05-12,1394.430721507353,1433.275577320772,1394.430721507353,1430.7855224609375,10674081,946.0127842578852,966.880737676539,943.3981625785179,965.5487060546875,18618972
2025-05-13,1427.7974767909468,1441.9409399606418,1406.7814377941193,1410.0682373046875,11407896,961.9966686855105,967.7686246091653,947.1967199365026,948.4793701171875,24242102
2025-05-14,1414.3512435205853,1424.2118856620737,1409.8691445094285,1418.7337646484375,5570160,948.2327622761527,952.2287366384547,938.8101397074491,942.5594482421875,15445308
2025-05-15,1419.3313670179805,1455.5865925696291,1407.0802476372012,1448.4151611328125,20177211,943.9901042439285,959.4314088460198,935.85013208818,954.0047607421875,32241458
2025-05-16,1447.4191020051853,1455.1881221330052,1441.542669553187,1450.6064453125,9036695,954.0047801554118,958.9380967138302,951.340777169636,954.44873046875,15868010
2025-05-19,1446.3234565863577,1448.81351147394,1432.4787270944578,1435.0684814453125,6195791,955.5834183781088,959.5300716290252,952.6234284399217,956.4220581054688,10202964
2025-05-20,1432.4787356808251,1439.2517336495314,1416.1440727881434,1418.932861328125,11270560,951.1927398071444,954.3993955236706,943.7434439560598,944.6807861328125,23879090
2025-05-21,1418.235682967954,1430.486680037078,1412.458707007589,1423.5145263671875,6136364,950.6500948788123,960.4674068130723,947.739426083267,950.5514526367188,15132040
2025-05-22,1415.5464438973825,1418.1361984129633,1391.3431818014155,1403.79345703125,12134466,944.828766015395,949.2687509312965,939.895449442171,947.1474609375,21306670
2025-05-23,1401.0045498118507,1428.0964217220903,1401.0045498118507,1421.124267578125,6474883,947.246089616049,955.583406549638,944.4834444188342,953.9060668945312,9566072
2025-05-26,1426.3034970063507,1435.2676949623963,1419.430920923106,1429.0924072265625,4842944,954.5966869630639,961.9473401627192,950.6007128758197,957.1619873046875,10802860
2025-05-27,1420.4269591196573,1431.2836233071982,1408.275539274527,1416.44287109375,12640414,952.9193700568147,961.0100208805311,945.3714322062008,950.3047485351562,26162148
2025-05-28,1414.4508509493858,1416.9409060075968,1405.0882196135674,1407.279541015625,5944611,947.2953823933067,954.3500488693757,946.0620533045636,948.9234008789062,18157594
2025-05-29,1406.4826358531975,1414.3512339364067,1402.996558868143,1412.1600341796875,13771917,951.1433943336576,957.4580633637506,940.9314535555673,950.896728515625,28917794
2025-05-30,1412.3591925541664,1424.9090454066043,1404.0921613404494,1415.2476806640625,13788484,953.0674016093235,961.4047183192448,949.8607459686729,959.480712890625,28748078
2025-06-02,1406.4826830156508,1411.8612262898896,1390.0483195350275,1408.0762939453125,8098668,952.1793523801688,955.09002099665,941.2767355690125,953.166015625,14668822
2025-06-03,1416.6421539546416,1420.8253977642241,1397.8173136420837,1399.908935546875,11252626,956.0767204883472,962.9833634640112,947.1967509482078,949.466064453125,24377584
2025-06-04,1409.0722382665938,1420.0284799827916,1400.506473605418,1417.8372802734375,8126827,947.690059651711,958.6913790708478,947.6407385330224,957.6553344726562,12961542
2025-06-05,1422.3193687346825,1448.913106617055,1417.9368477633755,1436.662109375,13716817,961.0099978567567,966.3873245707182,957.1619871239031,961.79931640625,22255418
2025-06-06,1435.2676355449807,1445.7258660607492,1431.28354772945,1437.7576904296875,8182161,959.0366899431259,984.8379583134906,958.3953347348495,976.1552734375,30127008
2025-06-09,1451.204075048637,1451.70208605586,1439.5506661134996,1443.0367431640625,7885125,984.1966559557253,984.1966559557253,974.7740333489505,976.2540283203125,13202588
2025-06-10,1444.2318404180787,1448.1163503747662,1430.2875329933524,1432.777587890625,7913181,978.1780428487654,978.1780428487654,967.472709657825,969.5447387695312,15533126
2025-06-11,1440.0485867347081,1462.7578142878924,1437.3592545136698,1443.13623046875,8195700,970.6793107759778,970.6793107759778,960.516691162301,962.1940307617188,11096394
2025-06-12,1447.7179200254843,1451.2039968882907,1428.6939248911115,1435.865234375,8828114,961.9966994408974,967.4233474890254,954.7447484104943,958.74072265625,16349130
2025-06-13,1418.335338487147,1429.7895915718395,1408.6739736495979,1422.2198486328125,9757276,947.19676434732,953.6100757725884,943.7434428106371,946.0127563476562,12117762
2025-06-16,1421.223780491138,1436.6621211041454,1418.7337255535563,1432.0804443359375,8458093,949.1700746468088,956.520728121515,947.2460692080249,954.7940673828125,16513746
2025-06-17,1442.2398094911548,1442.2398094911548,1420.12817043809,1425.506591796875,10366599,955.5834055099792,957.852719054467,946.7527569357399,951.9327392578125,16978736
2025-06-18,1424.3114328610282,1437.0605628519918,1420.028489708749,1424.4110107421875,6681735,945.7167603313338,955.2380851367438,945.7167603313338,954.0540771484375,18433816
2025-06-19,1424.4110453044384,1434.1721095891817,1420.0285241646616,1427.598388671875,10007230,954.0540746334422,960.4180648603083,949.9593979158449,954.7447509765625,16876220
2025-06-20,1425.3075053013417,1465.148385952672,1422.4190171371765,1460.367431640625,29010635,952.9193918485255,971.8140179089729,952.9193918485255,969.2486572265625,32900408
2025-06-23,1447.2199506188397,1457.9770367383994,1436.2637087352834,1451.0048828125,5989078,961.2073974609375,965.8940481289003,957.9514206200562,961.2073974609375,11739518
2025-06-24,1459.1721495093714,1469.1323689599471,1437.359244595668,1445.0286865234375,16402744,969.3966711141703,976.3033140635843,964.7593416610487,967.3740234375,22625322
2025-06-25,1458.1762135192969,1466.5428226679085,1454.690136506102,1461.463134765625,7525851,969.8900392545883,977.7833457795492,968.854054817417,976.8953247070312,18405932
2025-06-26,1463.2558362824063,1492.8377614283193,1459.2717484446844,1489.3516845703125,14657893,977.4872979366618,1000.0325292056699,976.7966216145232,997.4179077148438,50084830
2025-06-27,1493.4353527246628,1515.9454247275912,1490.9452978220222,1509.3717041015625,11117052,1004.0015037809444,1007.393088107433,994.2258430942326,1004.9491577148438,28213384
2025-06-30,1507.7781788170053,1518.734421010171,1490.0489382705405,1494.630615234375,8409527,1003.2533964547342,1004.400566128524,995.2732550959096,998.2658081054688,13649020
2025-07-01,1494.630607775488,1525.3081343971446,1494.132596769193,1522.320068359375,10368523,1000.0114368496795,1005.4977838847651,999.5126780283082,1003.5526123046875,14389386
2025-07-02,1522.3200879079554,1523.9136988316197,1502.6983810571346,1512.75830078125,6361002,1007.4429706558585,1007.4429706558585,986.4950998423908,990.5350341796875,18878250
2025-07-03,1514.7502729656235,1525.8060926058627,1506.9812529023668,1511.76220703125,11283291,994.9739612315547,1001.507689459166,989.6871300276722,991.0836181640625,16860506
2025-07-04,1517.9375659885409,1523.913698138102,1511.1645675851503,1521.2244873046875,6603501,991.0836632772651,999.2633203019867,987.5424877454124,992.1809692382812,7863944
2025-07-07,1520.5271677380254,1538.65484117058,1518.933556847784,1535.367919921875,7251074,992.0312782906421,996.7196233059492,989.4377568185034,991.2332763671875,11349426
2025-07-08,1529.8897875590692,1538.7544076502807,1524.1128113419518,1531.4833984375,7171261,986.0462146584523,1000.0114620081927,986.0462146584523,998.2159423828125,15224316
2025-07-09,1530.586937987722,1544.8301010282516,1504.0927774643353,1512.9573974609375,8870660,1001.0089360727129,1004.4005203490875,996.5699704674603,1003.1036987304688,13861428
2025-07-10,1513.654605815878,1518.6347158851345,1501.5031858807802,1511.16455078125,10047129,1005.4977851253348,1005.9965439473215,997.5176439735463,1000.6099243164062,17030310
2025-07-11,1505.9852937598653,1508.9733598189127,1484.3716645666439,1489.2520751953125,7234991,996.5201541247731,999.9117385623401,987.9913902076418,989.3878784179688,12516922
2025-07-14,1486.263916129696,1494.0329360309418,1473.2160528053016,1477.7977294921875,10311846,989.0387573242188,991.8816582943851,982.8541356715338,989.0387573242188,13088850
2025-07-15,1480.2878335086834,1490.5469086437597,1476.503022895967,1479.4910888671875,8132454,984.0511806165923,999.3131887778599,984.0511806165923,995.2732543945312,14498168
2025-07-16,1467.1403332858122,1485.068728397248,1465.6463003598592,1479.690185546875,10409983,1006.4952830829005,1008.8394251469304,993.826797075495,995.6722412109375,17994612
2025-07-17,1481.4830970988435,1483.674296790977,1468.0368005528198,1470.52685546875,11854613,999.5126501495852,999.9116815490105,988.8890631972324,990.98388671875,22529158
2025-07-18,1478.8934598804974,1478.8934598804974,1463.2558421043927,1470.12841796875,10296318,990.9838927216935,996.0213445308241,974.0759568696542,976.2705078125,16129446
2025-07-21,1459.1722169809668,1470.128458883213,1417.4388712363768,1422.9169921875,22442744,986.6446826643673,998.5151670456409,985.7968170158388,997.7670288085938,22309078
2025-07-22,1421.721828538219,1426.2039275426996,1405.0881881707605,1407.179931640625,20396320,1004.051390877723,1006.4953213272488,999.0139388595042,1001.058837890625,14836814
2025-07-23,1420.3273163904719,1420.3273163904719,1408.7734859597779,1418.932861328125,8354596,1003.0039954915454,1012.3806857402005,999.0139248978445,1009.6375122070312,13634916
2025-07-24,1413.554298653669,1417.3392306864348,1390.4466381154343,1397.3192138671875,14740507,1016.3208076773761,1016.3208076773761,1001.7072110041944,1004.5999755859375,19107176
2025-07-25,1393.3351272649268,1395.4267490386208,1378.593953801798,1386.1636962890625,11854722,1007.5,1007.5,999.5,1002.2999877929688,9306598
2025-07-28,1386.7614543919697,1402.199795115413,1379.490445288333,1382.080078125,7748361,1001.5,1010.7000122070312,1000.25,1004.25,12059580
2025-07-29,1377.4984422704579,1414.550412474214,1377.4984422704579,1411.4627685546875,10750072,999.9500122070312,1013.25,998.1500244140625,1010.7999877929688,19895696
2025-07-30,1412.458776601272,1417.6381639620695,1395.7256799199,1404.4906005859375,7209849,1014.0,1016.2999877929688,1008.5,1012.9000244140625,15154036
2025-07-31,1382.5780559389787,1397.0203743336986,1376.7015020683227,1384.669677734375,17065827,1007.2999877929688,1015.7000122070312,1004.0,1009.0999755859375,22183032
2025-08-01,1381.3828853186424,1400.3073026227253,1378.7932525308158,1388.15576171875,10321171,1007.0,1014.1500244140625,1004.6500244140625,1006.0999755859375,11317258
2025-08-04,1389.5502251510159,1410.466686507784,1386.1637261382157,1405.885009765625,6312820,1005.0499877929688,1009.25,994.0499877929688,996.0,13933946
2025-08-05,1405.38696851784,1405.38696851784,1382.5780415934858,1386.1636962890625,9315972,993.25,997.2000122070312,982.75,988.7999877929688,23978058
2025-08-06,1386.3630773472378,1390.3471654369864,1377.797312271222,1387.259521484375,5834312,985.5499877929688,994.0,985.0,992.6500244140625,14080204
2025-08-07,1382.1796145349972,1388.1557462486337,1360.5659868045632,1383.8729248046875,9976705,990.0499877929688,1000.7999877929688,988.4000244140625,997.7000122070312,13081186
2025-08-08,1379.4904158119157,1391.6418351007062,1359.569976594415,1362.35888671875,8793606,993.5499877929688,996.4000244140625,985.0,986.9500122070312,13895264
2025-08-11,1364.5501609316866,1382.4785572067015,1355.7851185633474,1380.6856689453125,9997486,987.9500122070312,998.7999877929688,986.5499877929688,997.7999877929688,9105854
2025-08-12,1376.4028464986861,1396.3232867936674,1369.7294260490362,1374.9088134765625,12244664,995.9500122070312,998.0,983.75,984.9500122070312,12937802
2025-08-13,1382.4785186353236,1386.2634508216695,1372.0202877666845,1377.0999755859375,7457021,997.0,997.0,984.5499877929688,990.1500244140625,13577396
2025-08-14,1377.300048828125,1380.699951171875,1370.0999755859375,1373.800048828125,7126128,989.0,998.0,985.5999755859375,995.5499877929688,17511716
2025-08-18,1390.0,1394.9000244140625,1377.0,1381.699951171875,11785109,1005.0,1013.2999877929688,997.7999877929688,1001.7999877929688,19284796
2025-08-19,1390.0,1421.0,1389.0999755859375,1420.0999755859375,14384719,999.1500244140625,1003.0499877929688,993.3499755859375,995.5499877929688,12352438
2025-08-20,1413.0,1424.9000244140625,1410.0,1413.0,8725641,993.5,996.0,989.5,994.0999755859375,9950228
2025-08-21,1425.0,1431.9000244140625,1420.300048828125,1424.800048828125,11021323,998.75,998.75,991.5999755859375,995.5999755859375,12439850
2025-08-22,1420.0,1423.4000244140625,1407.9000244140625,1409.199951171875,5818868,994.9500122070312,998.0,978.5499877929688,982.2999877929688,19833502
2025-08-25,1414.699951171875,1419.5,1405.699951171875,1412.5999755859375,5979407,980.0999755859375,988.7000122070312,978.5,982.0499877929688,17518044
2025-08-26,1408.0,1410.0,1381.5999755859375,1384.9000244140625,12145259,979.5,985.7000122070312,968.0,973.4000244140625,16917731
2025-08-28,1389.9000244140625,1392.199951171875,1366.5,1385.9000244140625,13161813,967.0,972.2000122070312,955.0,957.7999877929688,25438255
2025-08-29,1381.0999755859375,1403.5,1350.0,1357.199951171875,18758842,954.0,963.2999877929688,950.0999755859375,951.5999755859375,14823813
2025-09-01,1356.0,1363.199951171875,1340.5999755859375,1353.9000244140625,11232238,949.5999755859375,957.4500122070312,946.3499755859375,950.5999755859375,20178344
2025-09-02,1354.800048828125,1384.5,1354.5,1366.5,11517006,951.0,954.7999877929688,944.0,944.5,14196320
2025-09-03,1369.699951171875,1376.5,1360.5,1372.5999755859375,7847563,945.0,956.2999877929688,940.0,954.4500122070312,16083481
2025-09-04,1371.800048828125,1374.0,1357.0999755859375,1359.300048828125,13223177,960.2000122070312,965.7000122070312,956.25,961.25,17597657
2025-09-05,1363.0,1381.0,1359.300048828125,1375.0,5777575,967.5,967.5,954.0499877929688,963.4000244140625,11602111
2025-09-08,1380.0,1386.0,1372.4000244140625,1378.5,6986720,969.0,973.1500244140625,960.4500122070312,966.0,11711307
2025-09-09,1376.5999755859375,1381.199951171875,1368.699951171875,1376.199951171875,9754452,974.0,974.4000244140625,962.7000122070312,965.1500244140625,13985539
2025-09-10,1383.9000244140625,1388.5,1374.0999755859375,1377.0,7790815,973.9000244140625,973.9000244140625,961.7000122070312,965.9000244140625,18091100
2025-09-11,1376.0,1385.5,1375.0,1383.300048828125,9766072,960.2999877929688,969.25,959.9000244140625,967.7999877929688,15113633
2025-09-12,1383.300048828125,1396.300048828125,1380.5,1395.0,7403368,969.9000244140625,970.75,962.25,967.2999877929688,14363519
2025-09-15,1393.0,1400.800048828125,1388.5999755859375,1399.300048828125,5396697,969.5999755859375,972.3499755859375,965.0,967.0499877929688,14486377
2025-09-16,1404.699951171875,1408.0,1398.199951171875,1405.300048828125,8686961,961.2000122070312,969.3499755859375,961.2000122070312,966.8499755859375,18661794
2025-09-17,1407.0,1416.199951171875,1406.9000244140625,1413.800048828125,7519417,965.1500244140625,974.4000244140625,964.3499755859375,966.5,17361476
2025-09-18,1420.4000244140625,1422.0,1410.699951171875,1415.0,9332642,973.2999877929688,979.6500244140625,969.25,976.9000244140625,17791598
2025-09-19,1414.9000244140625,1417.0,1403.5999755859375,1407.4000244140625,13461373,974.9000244140625,976.7000122070312,962.0999755859375,966.9000244140625,31243267
2025-09-22,1403.9000244140625,1410.699951171875,1388.0,1390.5999755859375,7757970,964.0,971.2000122070312,961.9500122070312,964.2000122070312,10854415
2025-09-23,1391.0,1395.0,1376.800048828125,1389.800048828125,14014702,967.0,968.2000122070312,955.5,957.2000122070312,21022298
2025-09-24,1385.300048828125,1396.0,1380.4000244140625,1383.0,5922759,952.2000122070312,956.4500122070312,943.0,951.0499877929688,15117220
2025-09-25,1381.300048828125,1384.5,1369.0,1372.4000244140625,11411143,952.5,958.0,947.4000244140625,949.8499755859375,31413279
2025-09-26,1372.0,1382.699951171875,1366.0,1377.5999755859375,9879109,945.0999755859375,951.4500122070312,941.2999877929688,945.0499877929688,14874656
2025-09-29,1381.5999755859375,1389.0,1368.0,1372.800048828125,14231999,946.0499877929688,956.7999877929688,939.0999755859375,950.2999877929688,32398179
2025-09-30,1377.0999755859375,1377.0999755859375,1362.800048828125,1364.0,14604684,958.0499877929688,960.0,946.2999877929688,951.0,28296687
2025-10-01,1367.0,1378.5999755859375,1362.699951171875,1368.699951171875,12045916,952.7000122070312,969.5999755859375,946.0,965.25,25350832
2025-10-03,1363.199951171875,1371.5999755859375,1356.9000244140625,1363.4000244140625,12842347,952.0,966.75,952.0,965.1500244140625,26658296
2025-10-06,1360.0,1377.4000244140625,1359.0,1375.0,12396580,971.9000244140625,977.4000244140625,962.0,973.4500122070312,18542683
2025-10-07,1376.0,1395.9000244140625,1375.9000244140625,1384.800048828125,11244040,974.0,989.8499755859375,971.0,982.5,25535736
2025-10-08,1384.800048828125,1389.0,1364.5,1367.4000244140625,8525081,976.0,985.9000244140625,974.5499877929688,978.7000122070312,15939710
2025-10-09,1374.0,1380.0,1369.0999755859375,1377.800048828125,8826633,974.5,979.0,970.1500244140625,977.0999755859375,15370950
2025-10-10,1377.800048828125,1388.0,1375.0999755859375,1381.699951171875,6373084,979.0,986.2000122070312,978.0999755859375,980.9000244140625,13757080
2025-10-13,1376.9000244140625,1377.699951171875,1367.800048828125,1375.0,7600682,974.2999877929688,981.0,972.0,977.0,18634254
2025-10-14,1380.0,1388.0,1370.0999755859375,1375.9000244140625,9768174,970.0,980.4500122070312,967.0,977.1500244140625,22934382
2025-10-15,1383.0,1384.0,1372.699951171875,1374.300048828125,10882743,975.0,984.9000244140625,973.3499755859375,978.25,23310447
2025-10-16,1375.0999755859375,1400.5,1375.0,1398.300048828125,12315932,982.6500244140625,996.5999755859375,981.5,994.3499755859375,22936566
2025-10-17,1401.0,1423.300048828125,1399.0999755859375,1416.800048828125,19335561,993.9500122070312,1009.0,986.0,1002.5499877929688,25210511
2025-10-20,1440.0,1473.800048828125,1433.300048828125,1466.800048828125,24721978,997.0,1020.0,997.0,1002.9500122070312,22195202
2025-10-21,1468.0,1474.0,1460.0,1465.199951171875,2066169,1006.0,1010.0,1004.0,1007.7000122070312,3471600
2025-10-23,1475.0,1482.9000244140625,1444.5999755859375,1448.4000244140625,18707090,1016.0,1020.5,1006.0,1008.7999877929688,43526526
2025-10-24,1450.0,1459.800048828125,1441.0,1451.5999755859375,9700837,1011.0,1011.9500122070312,991.2999877929688,994.75,17707768
2025-10-27,1463.0,1485.0,1458.0,1484.0999755859375,14113867,996.5,1009.0499877929688,996.2000122070312,1002.9500122070312,15700796
2025-10-28,1484.0999755859375,1492.0,1477.5999755859375,1486.9000244140625,17631577,997.6500244140625,1008.0,995.0,1003.5499877929688,33904289
2025-10-29,1490.0,1508.300048828125,1488.0999755859375,1504.199951171875,11884745,1004.9000244140625,1012.5,1000.0,1007.8499755859375,17769445
2025-10-30,1500.0,1503.0999755859375,1484.0,1488.5,9318663,1000.0,1009.5,997.0999755859375,998.1500244140625,19962917
2025-10-31,1490.4000244140625,1497.5,1482.300048828125,1486.4000244140625,8758053,994.0,1004.4500122070312,981.1500244140625,987.2999877929688,23221330
2025-11-03,1486.0,1495.0,1479.300048828125,1484.699951171875,8452085,985.0,994.5499877929688,983.2999877929688,992.6500244140625,16607180
2025-11-04,1483.9000244140625,1492.800048828125,1470.0999755859375,1473.0999755859375,10007806,987.0,997.0,983.7000122070312,985.25,20024544
2025-11-06,1484.0,1501.5999755859375,1476.199951171875,1496.0999755859375,16772678,981.0,991.0499877929688,974.0,984.6500244140625,22279516
2025-11-07,1494.5999755859375,1498.4000244140625,1475.9000244140625,1478.0,7821765,980.0,984.9000244140625,974.75,982.2999877929688,15004568
2025-11-10,1477.9000244140625,1501.0,1475.5,1489.300048828125,7068438,982.2999877929688,990.9500122070312,980.2000122070312,984.5,15988262
2025-11-11,1497.0,1498.800048828125,1480.199951171875,1493.4000244140625,7127506,983.5,993.5,978.0,991.7000122070312,10200530
2025-11-12,1505.0,1524.699951171875,1500.0,1511.5,12384459,998.7999877929688,999.0,987.7000122070312,989.5,13137263
2025-11-13,1515.0,1522.0999755859375,1506.800048828125,1510.9000244140625,7196443,984.0,990.0999755859375,982.5999755859375,986.6500244140625,14124839
2025-11-14,1505.5,1520.9000244140625,1505.5,1518.9000244140625,7682823,976.0499877929688,991.6500244140625,976.0499877929688,989.5999755859375,21386965
2025-11-17,1520.9000244140625,1523.699951171875,1511.5,1518.300048828125,5871416,991.25,997.9500122070312,985.5999755859375,996.5499877929688,18396408
2025-11-18,1521.699951171875,1527.800048828125,1510.5,1519.4000244140625,11045042,997.6500244140625,999.0,990.0,992.4500122070312,20002640
2025-11-19,1517.4000244140625,1522.300048828125,1512.0,1518.9000244140625,5692366,990.0,996.5499877929688,984.0,994.5999755859375,19813847
2025-11-20,1530.0,1550.9000244140625,1526.699951171875,1549.0999755859375,18171724,995.2999877929688,1011.5999755859375,992.4500122070312,1008.8499755859375,19850865
2025-11-21,1541.0,1557.800048828125,1540.0999755859375,1546.5999755859375,9615271,1003.0999755859375,1008.2999877929688,996.5499877929688,998.0499877929688,17499897
2025-11-24,1550.0,1550.0,1531.800048828125,1535.9000244140625,18433951,1000.0,1011.4500122070312,993.5999755859375,999.1500244140625,32204053
2025-11-25,1535.9000244140625,1559.5999755859375,1525.0999755859375,1539.699951171875,15033482,1004.0,1006.0999755859375,988.4000244140625,989.7999877929688,24989383
2025-11-26,1542.300048828125,1571.5999755859375,1540.5,1569.9000244140625,14054299,981.2999877929688,1006.9500122070312,981.2999877929688,1003.9000244140625,19494356
2025-11-27,1575.0,1575.5,1556.0,1563.4000244140625,9794643,1002.0999755859375,1016.7999877929688,1001.0,1009.5,25536848
2025-11-28,1568.0,1581.300048828125,1563.0,1567.5,8959508,1007.0,1012.0499877929688,1004.2000122070312,1007.5999755859375,15988807
2025-12-01,1575.0,1577.5,1563.5999755859375,1566.0999755859375,8920233,1017.5,1017.5,999.2999877929688,1002.0999755859375,16746566
2025-12-02,1561.0999755859375,1567.5,1542.0,1546.300048828125,11389150,988.0,994.4000244140625,985.0,989.7999877929688,27316662
2025-12-03,1545.199951171875,1552.4000244140625,1533.0,1538.800048828125,6090883,986.0,1002.2999877929688,986.0,1000.5,15448777
2025-12-04,1536.0,1560.5,1517.5999755859375,1535.5999755859375,11867930,1000.0,1004.7000122070312,993.0,997.2000122070312,14528169
2025-12-05,1530.4000244140625,1545.800048828125,1520.5999755859375,1540.5999755859375,10183266,992.0,1008.0,990.2000122070312,1003.2999877929688,12843366
2025-12-08,1539.199951171875,1551.0,1535.0,1543.0,11301491,1000.0,1006.5,997.5,1003.0999755859375,12901022
2025-12-09,1540.300048828125,1542.5,1520.0999755859375,1529.4000244140625,11503971,994.9000244140625,1002.7999877929688,994.0,997.0999755859375,15294322
2025-12-10,1534.0,1547.5,1531.4000244140625,1536.9000244140625,7991629,997.5,998.5,985.2999877929688,989.7999877929688,15322830
2025-12-11,1536.9000244140625,1550.0,1524.0,1545.0,4706197,990.0,1002.7000122070312,988.5,1000.2999877929688,11844809
2025-12-12,1550.800048828125,1559.800048828125,1546.0999755859375,1556.5,5106655,1003.0,1004.7000122070312,998.2000122070312,1001.5,11988618
2025-12-15,1551.199951171875,1558.5999755859375,1546.5,1556.199951171875,5774543,992.0,1001.7999877929688,992.0,996.0999755859375,9790060
2025-12-16,1545.0,1551.699951171875,1538.800048828125,1542.300048828125,11731856,990.0999755859375,998.7000122070312,990.0999755859375,994.2999877929688,20049088
2025-12-17,1550.0,1550.0,1539.300048828125,1544.4000244140625,7116649,996.0,996.0,980.7999877929688,984.0,19080922
2025-12-18,1535.199951171875,1551.5,1535.199951171875,1544.4000244140625,6580829,973.2999877929688,987.4000244140625,973.2999877929688,979.7000122070312,14912404
2025-12-19,1554.4000244140625,1574.199951171875,1551.0,1565.0999755859375,13937275,987.0,988.0,978.7000122070312,985.5,25952384
2025-12-22,1573.5,1577.5,1565.300048828125,1575.4000244140625,10184852,988.0,992.9000244140625,983.9000244140625,987.7000122070312,13540411
2025-12-23,1580.9000244140625,1580.9000244140625,1568.0999755859375,1570.699951171875,7506564,990.5,998.9000244140625,987.7000122070312,996.5999755859375,17927849
2025-12-24,1572.699951171875,1575.699951171875,1553.5999755859375,1558.199951171875,8815745,993.0,999.4000244140625,993.0,997.2000122070312,13699996
2025-12-26,1554.699951171875,1561.0,1554.300048828125,1559.199951171875,2311495,996.0,997.2000122070312,987.7000122070312,992.0999755859375,9360853
2025-12-29,1554.9000244140625,1558.0999755859375,1543.5999755859375,1545.5999755859375,5972105,993.0999755859375,997.4000244140625,987.2000122070312,991.7000122070312,13545749
2025-12-30,1547.0,1553.5999755859375,1537.800048828125,1539.800048828125,8815884,990.2000122070312,995.0,982.2000122070312,990.9000244140625,33155849
2025-12-31,1541.0,1577.0,1541.0,1570.4000244140625,5771830,991.0,997.5999755859375,987.5999755859375,991.2000122070312,10963454
2026-01-01,1573.699951171875,1592.5,1571.0999755859375,1575.5999755859375,6408128,993.5,997.5499877929688,989.5,991.1500244140625,7132074
2026-01-02,1580.0,1594.5999755859375,1578.199951171875,1592.300048828125,6602230,991.1500244140625,1003.2000122070312,988.7999877929688,1001.5999755859375,11751459
2026-01-05,1593.0,1611.800048828125,1575.300048828125,1578.0999755859375,8704973,1005.75,1006.4000244140625,976.2999877929688,977.5,27647379
2026-01-06,1569.0,1569.0,1496.300048828125,1507.5999755859375,27417125,962.7000122070312,966.7000122070312,956.0,962.2000122070312,31988783
2026-01-07,1510.0,1520.0,1498.0,1504.199951171875,11199340,956.0,956.4500122070312,946.0,949.0499877929688,52884712
2026-01-08,1500.0,1503.9000244140625,1468.800048828125,1470.5999755859375,16518684,944.7000122070312,953.0,941.4000244140625,946.7000122070312,21928849
2026-01-09,1465.0,1479.9000244140625,1465.0,1475.300048828125,8335311,945.0,950.5999755859375,933.2999877929688,939.0,38183839
2026-01-12,1475.300048828125,1485.300048828125,1451.0,1483.199951171875,8883745,937.5,942.0,929.5999755859375,936.9500122070312,21071666
2026-01-13,1485.0,1485.800048828125,1444.699951171875,1452.800048828125,13499760,947.7000122070312,947.7000122070312,932.5999755859375,937.3499755859375,32042827
2026-01-14,1444.0,1467.0,1440.199951171875,1458.800048828125,8321764,930.0,940.0499877929688,920.2000122070312,925.4500122070312,36688248
2026-01-15,1458.800048828125,1458.800048828125,1458.800048828125,1458.800048828125,0,925.4500122070312,925.4500122070312,925.4500122070312,925.4500122070312,0
2026-01-16,1458.800048828125,1480.0,1455.0999755859375,1457.9000244140625,17167161,922.0,935.9500122070312,919.2000122070312,931.0999755859375,37780235
2026-01-19,1450.5999755859375,1450.5999755859375,1403.300048828125,1413.5999755859375,20392765,935.9000244140625,936.1500244140625,919.5,927.9000244140625,38191942
2026-01-20,1410.699951171875,1416.0,1390.0,1394.0,13189498,929.2999877929688,934.5,919.5999755859375,931.2000122070312,36022727
2026-01-21,1389.5,1412.9000244140625,1373.0,1404.5999755859375,17352720,925.0,932.1500244140625,915.5,920.3499755859375,32766854
2026-01-22,1410.0999755859375,1419.5,1395.0,1402.5,15721693,928.0,928.2999877929688,913.2000122070312,918.7000122070312,44444755
2026-01-23,1401.800048828125,1407.0,1381.0,1386.0999755859375,9837802,920.0,926.0999755859375,909.25,916.0999755859375,30985247
2026-01-27,1380.0,1391.5999755859375,1368.0,1380.5,26302396,906.0,931.2000122070312,905.0,926.4000244140625,44753093
2026-01-28,1385.0,1409.9000244140625,1384.9000244140625,1396.699951171875,11121657,932.5,941.4500122070312,928.4000244140625,932.7000122070312,35347138
2026-01-29,1402.9000244140625,1402.9000244140625,1384.0,1391.0,20846683,930.0999755859375,939.2999877929688,924.3499755859375,935.5,37175628
2026-01-30,1382.5999755859375,1398.0,1378.5,1395.4000244140625,11239835,930.0,938.9000244140625,927.75,929.25,29691233
2026-02-02,1340.0,1368.699951171875,1335.5,1366.800048828125,4796704,915.0,929.7999877929688,909.2999877929688,927.25,10071572
