,TCS.NS,TCS.NS,TCS.NS,TCS.NS,TCS.NS,ITC.NS,ITC.NS,ITC.NS,ITC.NS,ITC.NS,ICICIBANK.NS,ICICIBANK.NS,ICICIBANK.NS,ICICIBANK.NS,ICICIBANK.NS
,Open,High,Low,Close,Volume,Open,High,Low,Close,Volume,Open,High,Low,Close,Volume
Date,,,,,,,,,,,,,,,
2025-02-10,3905.045086746592,3916.644230568612,3880.2520112210996,3902.096923828125,1339511,404.28679271835745,410.2516682663297,403.8133889798114,404.4761657714844,12227140,1247.5735745348811,1255.3138984101563,1239.7837061908433,1252.9322509765625,5740361
2025-02-11,3884.1667849836185,3905.045339609273,3822.8847322165034,3831.149169921875,1810908,405.9910391677168,407.64795227119043,395.2921261144242,396.049560546875,14288751,1246.2339539700604,1252.188012073483,1238.8410469458931,1243.15771484375,6586627
2025-02-12,3838.446649169052,3887.404606196338,3808.5303361658844,3818.1962890625,1678002,397.34792371808146,397.97305679084684,392.01021063862936,394.22222900390625,13884574,1247.5735208959845,1260.0274734986122,1235.119689428972,1242.2149658203125,8809352
2025-02-13,3835.4501025039126,3851.3505477933163,3771.896462322554,3779.532470703125,2277310,394.27031475204564,398.1173234410263,393.35663844827394,394.0298767089844,12989029,1242.9592342670746,1256.3061987457909,1236.3601292961446,1239.337158203125,7263785
2025-02-14,3793.886412954254,3816.1181040365336,3769.72153134308,3803.407470703125,1681975,396.0014661827297,400.2812751894459,392.77959046029304,394.558837890625,14124236,1242.5126718509223,1253.8254065127483,1234.9212235163006,1250.451416015625,10368438
2025-02-17,3727.6744742582173,3802.585603975581,3727.3844484945375,3774.071044921875,1799806,394.12603937418936,395.6648487625189,391.1927069076455,392.9719543457031,11975265,1241.5699462890625,1248.5163471638045,1223.8069826822411,1241.5699462890625,8386151
2025-02-18,3768.174803332807,3793.3062796669183,3735.4073189681676,3743.816650390625,2149879,392.39491018757707,395.1359099155748,388.54790126416947,389.7500915527344,12998403,1243.3065364897366,1247.9705000138076,1227.5779245772142,1233.531982421875,8135042
2025-02-19,3742.850263486918,3745.508400554833,3642.2759755929487,3657.693359375,4366672,389.3172697473528,393.1642784577035,389.02875583421536,390.8560791015625,7079032,1225.3947820253827,1254.7681118615644,1220.8300282561831,1251.9896240234375,10683412
2025-02-20,3635.848185178673,3661.4629603766616,3625.988960412709,3653.150146484375,2888572,384.65279872265523,388.45170224904115,381.0462280233567,386.6724548339844,15355585,1245.7378271028595,1254.3216187366877,1237.203701075922,1240.379150390625,8398849
2025-02-21,3649.960586134303,3689.4942392872176,3648.8972369162293,3659.52978515625,1833931,386.6724764914858,387.8265909200422,383.93150608677536,385.56646728515625,8240986,1231.5968971791747,1235.1693078219741,1215.173692889092,1223.50927734375,7786428
2025-02-24,3618.111196511734,3637.4914799757285,3547.4048428794777,3552.81787109375,2508516,384.700874956215,387.97082652327333,383.4986847219768,386.5281982421875,7037625,1217.3071583182455,1222.467414805944,1200.9831637697991,1209.0211181640625,11522480
2025-02-25,3503.907852529123,3535.8054964280086,3500.283120267886,3508.305908203125,4101954,386.62438730224534,391.43314833834296,385.1817589914161,389.3653869628906,15760891,1217.2079253456668,1222.2193060560244,1211.6508286551266,1214.7767333984375,11059417
2025-02-27,3491.0520789257853,3516.4735816470966,3480.419530987875,3491.873779296875,3823856,389.3654104380863,390.9522958056036,384.2200299491726,386.2397155761719,19051003,1215.769120615194,1225.3947998146707,1209.1203494513463,1213.0897216796875,12008162
2025-02-28,3465.195760859545,3479.743067268356,3341.5199398740847,3366.89306640625,7085018,383.73912917511376,387.10526188717614,377.1992259318174,379.8921203613281,31954776,1206.6891556122284,1215.620243112648,1190.9108768010287,1194.8802490234375,20215075
2025-03-03,3368.584339801977,3405.556606946145,3360.0298777157327,3376.365478515625,4990439,380.8057848257319,383.7391172146777,376.23746200174764,382.2484130859375,10702826,1201.2312348006667,1207.6814644794808,1194.929880803104,1196.964111328125,8158881
2025-03-04,3357.952083726606,3432.3799220820893,3348.576156481458,3414.06298828125,2797737,380.2768157418011,382.00798731989397,377.82435936077115,379.74786376953125,13404774,1197.9068433475454,1207.334101585249,1197.0137104452713,1201.1319580078125,9574490
2025-03-05,3403.237261275363,3480.081589993446,3403.237261275363,3428.56201171875,2501894,379.4112349821189,396.9632122658291,379.4112349821189,389.5577087402344,15665018,1207.6814517983407,1216.5628733470458,1202.0251450551775,1206.391357421875,9052846
2025-03-06,3438.1793081878077,3488.877181911339,3417.9775618337376,3481.28955078125,2786513,393.5009194323491,394.0299007695933,385.22984437591543,390.1828918457031,17869996,1218.5476101118768,1218.5476101118768,1199.7427576093883,1208.7235107421875,11949475
2025-03-07,3479.7427842726975,3503.907664719036,3454.997852301583,3490.568603515625,2051315,388.11510203965406,390.3271497866334,386.33588388818345,388.45172119140625,11180761,1201.8265880949464,1208.5249033729367,1197.0634143564148,1205.250244140625,6620284
2025-03-10,3486.0259949428714,3501.1049762137254,3462.9244613654673,3469.73876953125,1004626,385.7107105996322,391.2888910064267,385.0855775356017,389.5096435546875,9785018,1198.7503263397664,1216.4140799337886,1198.7503263397664,1205.5478515625,7363437
2025-03-11,3439.146018462038,3468.8688234276665,3419.4757100500633,3455.8681640625,1995450,386.1435403860541,392.77962524740065,385.8550264422196,390.6637878417969,11099475,1207.8798680000234,1238.4440812807522,1207.8798680000234,1235.864013671875,10927950
2025-03-12,3445.912267227522,3450.020297279617,3370.3729384283747,3389.076416015625,3174167,390.85607392496263,397.4921579923581,388.547874599392,396.6265869140625,13844306,1237.4020778822246,1242.3637929723905,1225.8413786306357,1234.425048828125,11548372
2025-03-13,3385.306695598729,3406.5717917540665,3367.714708703622,3393.764404296875,1693004,397.2036849356402,398.55013223484355,392.5872858097,396.2900085449219,8196569,1241.4707365370484,1245.9858244254206,1235.7647643884725,1240.4783935546875,8132940
2025-03-17,3372.450776071524,3412.516101378981,3361.1900359739784,3380.860107421875,2690906,397.20363838043716,400.32933287132437,391.43312547418384,392.3468017578125,5257805,1247.4248742515454,1264.1953748180651,1245.1424367918191,1259.2833251953125,11164812
2025-03-18,3380.860107421875,3380.860107421875,3380.860107421875,3380.860107421875,0,394.31842149451984,396.1938501173774,392.1544789375377,393.4528503417969,13861897,1259.2833251953125,1259.2833251953125,1259.2833251953125,1259.2833251953125,0
2025-03-19,3428.513776271942,3428.513776271942,3347.0781163759984,3380.28076171875,3051244,394.3184059049263,395.0397200620695,387.20144542451675,387.63421630859375,12830387,1295.6029599370165,1308.2057883620175,1292.1794251380722,1303.0455322265625,11278014
2025-03-20,3394.682767165146,3459.3962767054963,3394.682767165146,3444.1240234375,2845192,389.50964497469676,391.0965302508203,386.5282072542035,388.49981689453125,16994037,1309.8927772461004,1314.1102350516276,1301.0113557334153,1311.5797119140625,10886735
2025-03-21,3358.9186380800415,3495.450223009194,3349.252685164703,3458.57470703125,4161925,390.4233291082126,391.9140333230442,386.3358821349048,390.0386047363281,25302035,1305.923445707521,1338.6707661545943,1301.5571120874529,1332.81591796875,60494318
2025-03-24,3479.7429444303652,3527.831058731868,3447.4587570622184,3507.725830078125,1834751,391.4331323758087,397.05938842867533,390.08668521067875,395.1839599609375,14362572,1345.5675050388625,1362.4870024308004,1334.7510627437973,1347.750732421875,9352280
2025-03-25,3523.2398747468987,3586.0685693582973,3516.473707634902,3535.56396484375,3135390,396.2419041658655,399.36759879824183,393.06813366389935,394.12603759765625,20338110,1348.5941513991709,1353.3574463042776,1319.8658696966822,1333.4112548828125,16419207
2025-03-26,3525.897934373459,3557.553929809202,3504.7295921250025,3514.34716796875,1734499,394.60692684899476,395.47252733324694,390.71184207125464,391.769775390625,13891436,1333.7586400786652,1347.6017762925185,1321.304687138062,1325.6710205078125,10859639
2025-03-27,3494.097310621218,3540.6387825331667,3489.892526436254,3529.23291015625,2528474,392.3948763562974,394.99161889585264,390.1347529385877,393.7894287109375,18642328,1322.9420827344788,1341.1515523929718,1322.9420827344788,1326.415283203125,15109614
2025-03-28,3529.0393930182477,3538.656968927356,3471.9135171595426,3485.6875,2051919,395.18398159578936,399.7042287729926,392.5391629889967,394.0779724121094,12981873,1325.7702231722565,1347.5521031600986,1317.0375564815454,1338.025634765625,8266544
2025-04-01,3453.354865404157,3464.277439125219,3407.248318336048,3432.1865234375,2618493,394.1260406660441,398.55010666561213,390.08669902758044,391.0965270996094,15206240,1329.739654923708,1341.995067068455,1305.328040709696,1308.3546142578125,14288024
2025-04-02,3425.6135625063594,3445.0422214056125,3412.129605979645,3425.565185546875,1764313,391.4812500970324,394.31843103609066,390.51949782621267,393.4047546386719,8001323,1312.026343402594,1327.705290380845,1312.026343402594,1321.056640625,8042214
2025-04-03,3374.3842427691143,3385.0167912281404,3282.702582798802,3289.46875,4537821,391.4812095354885,394.51075235495847,391.1446197558559,393.7413330078125,7059566,1311.8278468858045,1322.7932860458366,1311.1332552048473,1319.3697509765625,4591008
2025-04-04,3250.2733357697866,3286.085501586113,3185.414699028632,3189.184326171875,5317367,391.91401018990615,397.01128496266676,389.0287536731707,394.0298767089844,18627592,1319.3697112264526,1328.3007984100484,1311.9766830431024,1325.07568359375,8648542
2025-04-07,2996.445205771086,3181.4514379526936,2953.963392712106,3164.68115234375,6623955,375.2276160600784,392.49107984083315,375.2276160600784,390.51947021484375,26762866,1285.3322768617725,1314.854481252151,1255.3139009690346,1277.6912841796875,19185012
2025-04-08,3191.7460628104113,3237.127665022999,3146.5577324611054,3182.949951171875,5557558,396.14571046934793,399.89653803876325,391.6735687769548,396.7708435058594,18600796,1289.8969896705237,1300.0189606799747,1277.4927025037578,1289.9466552734375,13085762
2025-04-09,3151.6321497293247,3160.76642752928,3104.752280697163,3138.148193359375,2990265,397.20367078899557,403.02226003741157,395.5206043873473,400.37744140625,21785572,1294.9579703581671,1295.106846037701,1274.6646041339118,1290.83984375,13005622
2025-04-11,3179.6636391398747,3188.749540631033,3098.904554048043,3123.552734375,7108961,403.9359315444841,406.292236218633,401.05067489059496,405.4266357421875,8939356,1295.1067945023049,1314.8544439632922,1295.1067945023049,1301.606689453125,13064247
2025-04-15,3203.683386247662,3203.683386247662,3130.415650876791,3139.69482421875,3512160,412.78405461806295,412.78405461806295,402.97417047029376,404.32061767578125,11685880,1340.655373037739,1343.9301533432258,1325.9686484021752,1339.8614501953125,15202603
2025-04-16,3139.6947635283577,3168.596104196088,3121.136181217996,3164.439697265625,2384391,402.01244544834776,409.754539416005,402.01244544834776,408.21575927734375,13034594,1346.6094196449503,1349.2886972283168,1332.6174078978706,1346.0140380859375,14039073
2025-04-17,3137.085076745666,3193.2443586174536,3110.50370573642,3188.701171875,2932346,408.7446879057106,411.48568756526555,405.4266310519838,410.90863037109375,22410217,1351.5711498907554,1398.112060263163,1349.6856739861041,1395.9288330078125,17490424
2025-04-21,3180.1953142330854,3241.9606599617177,3174.3957423905777,3210.64306640625,2432946,411.6780349602343,412.6878924233474,405.3785695227371,406.67694091796875,27388236,1425.004587897116,1425.004587897116,1393.9442026732427,1399.0052490234375,16882426
2025-04-22,3211.6093750675464,3222.531712274605,3184.931252579041,3203.68310546875,2710498,409.6583488347964,418.169832064902,407.3501201449234,417.0157470703125,32031936,1401.9823098324273,1407.9363681338637,1388.1887172069748,1405.6539306640625,16135274
2025-04-23,3252.5934125809176,3306.625999245761,3225.8187680904407,3298.989990234375,3543923,419.5163213012109,420.7185115509847,412.4474367624713,414.3709411621094,19566317,1418.0581618237188,1418.9512947601793,1400.4937389943566,1413.493408203125,13990764
2025-04-24,3287.487161364933,3298.5062526941524,3274.534643572778,3287.970458984375,2252175,415.3327035949578,419.372045323511,412.88021781478574,413.6015319824219,26064089,1405.4554343163697,1410.3178180904442,1388.0894318786184,1391.95947265625,15678099
2025-04-25,3305.7561307053,3361.6253897019787,3291.25720030747,3332.82080078125,2742991,413.60153406654683,416.1502009519827,407.10970652510946,411.4375915527344,22944377,1399.2035920369979,1403.966886762009,1377.769008045682,1394.04345703125,11705093
2025-04-28,3320.2546435993536,3342.2930622298845,3291.2567864500143,3328.470703125,1593296,410.3315915600767,414.0343435923546,408.5042681552906,412.39935302734375,6287095,1394.8373106964493,1424.0122194189871,1393.0511659597357,1417.8597412109375,10948561
2025-04-29,3339.5865365145787,3378.250345909827,3315.808199342435,3356.501953125,1578332,412.49552702272155,413.16876532622075,408.7446991826447,409.7064514160156,11189930,1417.8597077945897,1427.2869661678633,1411.7071085959242,1418.85205078125,10786910
2025-04-30,3356.0188189819924,3392.65268577439,3253.5597190937174,3338.330078125,2809332,411.05290860172727,412.88023201920157,405.8594522861451,409.51409912109375,10026546,1422.0275444346203,1422.7221360927958,1389.2802248488963,1416.073486328125,14192027
2025-05-02,3356.0185874198487,3374.867194117627,3305.7556362257724,3316.38818359375,1721761,407.87911477952554,414.99607520497585,407.87911477952554,413.07257080078125,9263372,1415.9742091510598,1435.5233172200462,1413.6917718641512,1419.149658203125,8842434
2025-05-05,3334.753505470742,3387.4329449049897,3331.27366828836,3338.909912109375,1284443,413.7938888263413,421.72834456792714,412.92831770641976,420.2376403808594,11525305,1428.9738894731652,1435.7218701832576,1415.081087769954,1418.455078125,4565705
2025-05-06,3344.419677734375,3356.9854164079434,3322.1879862349847,3344.419677734375,1324763,420.7666029152538,422.834364350939,416.43871785669694,418.89117431640625,15026568,1418.0581160771362,1422.7220796211836,1409.5239906903596,1420.63818359375,6301690
2025-05-07,3306.335750758935,3343.9362109554654,3306.335750758935,3330.017333984375,1477128,416.823396791454,418.362206178502,413.2649312686502,414.6594543457031,9710361,1414.0887881642996,1430.9586193213472,1410.119416127347,1424.4091796875,10480453
2025-05-08,3332.820588313161,3360.851851961966,3314.1652518601954,3333.6904296875,2543591,412.59168381124715,414.9960642530376,407.350122708005,414.1304931640625,19937960,1427.5846620245352,1437.8058437113664,1415.1803741209164,1424.5084228515625,15306490
2025-05-09,3285.457736947085,3331.0809922460435,3284.587895488488,3325.378173828125,2531757,409.6583569091965,412.73594630577514,406.8211762096756,407.3501281738281,8226512,1404.3638078003796,1409.0278927234135,1376.379782804671,1378.2652587890625,13491197
2025-05-12,3387.916425868549,3509.22413241534,3385.209911911905,3499.46142578125,2228678,413.072565475096,419.5163168862086,411.7741941489348,418.84307861328125,8031891,1398.6082269981746,1441.8743569081432,1393.249550653154,1437.4088134765625,9925445
2025-05-13,3499.4613194961807,3501.97456151927,3393.232596801932,3397.582275390625,3062887,418.2660177094136,421.1993794721109,409.08129611962823,411.53375244140625,14976369,1429.0731325397105,1436.8134564073198,1416.4704248722041,1419.6458740234375,12475424
2025-05-14,3403.3820953219624,3442.0459078220697,3391.396407841002,3430.15673828125,2119499,410.7643618513902,415.332684705315,409.6102474955229,412.6878662109375,9557309,1418.9512828044426,1429.6685145448027,1406.4477852062123,1415.279541015625,8026837
2025-05-15,3444.945682102287,3479.7431132346333,3396.712670565691,3460.314453125,3548330,412.6878727466996,418.74689983509177,409.7064350721147,416.1020812988281,24263510,1414.9819190581854,1445.3475908699352,1404.6615275498752,1439.6912841796875,18209264
2025-05-16,3473.8465567565913,3473.8465567565913,3427.6434928317944,3442.335693359375,1666727,418.26604202592637,419.51633754430964,415.573147502307,419.03546142578125,16402035,1442.172107583965,1447.5306627908633,1435.920298328426,1442.86669921875,6439208
2025-05-19,3431.413341631395,3431.413341631395,3386.659931697025,3401.255615234375,2537377,418.362202884726,421.72833555161463,416.10207936688846,418.6988220214844,7543854,1435.4241717584057,1448.5230511072755,1432.7448940711074,1437.905029296875,6005334
2025-05-20,3413.82137266364,3439.1461226598826,3377.2840226457647,3381.4404296875,2038374,420.28573786333305,423.9403847133091,416.3425477249801,418.26605224609375,9868414,1439.0957378026826,1447.8284044606678,1424.5083444847762,1427.1876220703125,11352383
2025-05-21,3390.8162851170264,3418.8475485914832,3381.4403579795026,3408.021728515625,1440153,419.90103464370577,421.4398441006694,415.4769684613164,416.438720703125,5776672,1431.8517946649677,1440.1875004165765,1427.485461067875,1433.637939453125,5510460
2025-05-22,3378.250521774226,3380.9570357698217,3336.0103550080185,3360.851806640625,2034383,416.43869651769444,416.43869651769444,406.7249935694986,409.8026123046875,19451749,1430.0655182967434,1434.2334317099203,1416.867428660744,1431.057861328125,7245933
2025-05-23,3360.85148302262,3416.9140041659366,3349.8323922264435,3397.195556640625,1274331,417.40046939575757,422.20923056391143,412.59170822760365,419.61248779296875,18536884,1431.1570706662649,1440.6836606711147,1423.4168677068544,1438.698974609375,5203706
2025-05-26,3403.3819012793415,3426.5801874567637,3392.8461073678304,3419.137451171875,967470,421.48791053602,426.58518556334417,420.0452822056058,425.9600524902344,13107662,1446.8360701649403,1460.331910515487,1443.8590412139838,1449.4161376953125,5608725
2025-05-27,3414.014574749619,3421.747337093333,3366.7481593177404,3381.826904296875,2467680,425.9600297748,427.2103252046928,414.37092787863105,417.30426025390625,26986022,1441.3782192942826,1451.7978208795425,1424.7068083036186,1435.324951171875,14842959
2025-05-28,3402.4152283668,3411.114585484783,3376.31715701285,3380.860107421875,1222933,409.12572033536514,413.92513013654184,404.5221871211176,411.57440185546875,431851622,1436.5157355383742,1446.836127202333,1431.454810349359,1442.6683349609375,8618343
2025-05-29,3387.626702221486,3414.498100356932,3370.034713912086,3381.247314453125,3188072,413.337430183069,414.12099629331436,408.04828421108533,410.1541442871094,21478547,1445.4467442494526,1451.698553407669,1433.9355900375203,1445.3475341796875,15545514
2025-05-30,3373.417337946492,3389.5594310198626,3337.750068509547,3347.705810546875,3404365,410.49697001748797,411.4274510468685,407.85238205791916,409.468505859375,30656239,1448.7216268807567,1449.7139699197687,1433.2410996992944,1434.7296142578125,11803975
2025-06-02,3334.7538187399196,3344.4197718377163,3304.4028204069105,3334.560546875,1877585,409.7133679967952,411.8192579553598,406.0403458241328,410.6928405761719,14973380,1430.9586389930196,1448.8208134048605,1421.8291316367724,1439.3935546875,9458990
2025-06-03,3330.8873298742683,3357.468700034321,3286.9072447003623,3291.4501953125,2848125,410.3990201585084,413.04360813984886,407.1177809642176,408.39111328125,13216486,1443.7598455387374,1443.8590556109682,1421.035166759386,1426.8900146484375,11167345
2025-06-04,3304.9078969735056,3310.56402774214,3286.379348716646,3297.0087890625,2544807,408.586978384479,410.39900862513116,407.4116292300163,408.4400634765625,12598933,1426.3938661679927,1429.0731438395549,1415.4780930628378,1420.0428466796875,8025388
2025-06-05,3324.4113841471617,3324.4113841471617,3280.235380032571,3287.451904296875,3584683,409.9092587388879,412.30897842272395,407.2157092489669,410.4969482421875,13212523,1419.9436226094324,1447.8284366760695,1416.3712120373557,1443.66064453125,11385668
2025-06-06,3287.4520036268846,3306.7605099618336,3275.359545608902,3300.226806640625,2070390,411.67231694542346,412.6517895338172,410.39901453696416,412.40692138671875,8774988,1437.5080878919146,1450.2101271201,1431.0578582020253,1448.5230712890625,11580994
2025-06-09,3315.634960419095,3348.791310023286,3306.760665733127,3336.991455078125,1718678,413.33744096123485,414.9046031137218,411.86823204786555,414.3658752441406,10473123,1453.7825541382838,1455.5688200651953,1422.4245382897982,1423.8138427734375,11022031
2025-06-10,3354.6424396212137,3399.3060406489903,3338.2592545088482,3376.97412109375,2419874,415.78612073411426,419.75297282706833,414.3658735007135,418.23480224609375,13041075,1427.9815809293386,1430.660858582463,1405.6538633679,1412.0048828125,12905272
2025-06-11,3383.8979728571367,3402.4265208353168,3363.516665314218,3385.750732421875,2847013,419.2142518774774,419.312205110815,416.12891931968926,417.4022216796875,20789182,1410.9133394459884,1423.5160472131458,1407.737769134025,1420.0428466796875,7136877
2025-06-12,3385.7505745896515,3388.481144938844,3338.259030391803,3348.986083984375,4060134,418.2347759328376,418.43068239792314,410.9376935297822,412.3579406738281,18508835,1419.5466979345517,1425.5007560873705,1409.127096167119,1414.2872314453125,7953247
2025-06-13,3309.003623498393,3364.8818717382055,3309.003623498393,3360.200927734375,2178493,406.48111231744474,410.7418239308055,405.01190347774315,405.4036865234375,17873926,1392.8526699787633,1410.6156346634868,1392.8526699787633,1405.2569580078125,7573103
2025-06-16,3354.642349665819,3421.9302340050463,3341.1847251814343,3409.54541015625,1934088,406.4321620890675,410.30106087453294,404.7670467340719,409.6154479980469,7006629,1405.7530618658518,1418.0581392255135,1403.3714144517853,1415.9742431640625,5451137
2025-06-17,3422.905437301184,3432.6573046439225,3401.5489430536663,3428.073974609375,2111940,409.5174909056936,410.44797192026425,407.1667626963428,408.83184814453125,9028406,1415.9742319665809,1418.8520508551696,1406.9439350146247,1412.302490234375,6970098
2025-06-18,3431.7796073253016,3450.2105407013996,3357.665418209048,3365.75927734375,2696327,408.4400661979771,409.86031339660474,406.3831678000489,407.3626403808594,8036215,1406.150024814166,1421.0351697486842,1399.402043989603,1401.78369140625,6751745
2025-06-19,3364.394161188714,3365.3693479021017,3328.3122527933565,3339.039306640625,2672768,407.11778041824044,409.66441515775824,406.2852227295919,407.4606018066406,12601006,1397.2189939427594,1403.8676438261634,1393.9442134714564,1400.4937744140625,8849883
2025-06-20,3340.0145242959966,3360.786049100129,3326.2642962767654,3350.448974609375,2351248,407.46057840418473,410.8887323090276,407.46057840418473,409.9582214355469,13203184,1400.4937821267788,1422.3253290273638,1399.4021078732494,1416.1727294921875,12408178
2025-06-23,3330.2626997221478,3340.014567071261,3286.3792966511382,3309.393798828125,3123421,408.4400574370469,408.9297937169475,403.2978264980913,405.4036865234375,14839890,1406.1500791810931,1412.3025575376569,1401.0891539348067,1409.226318359375,5514384
2025-06-24,3349.376392565029,3356.690292940616,3298.081476031171,3306.27294921875,3403048,408.3421256239387,412.0151479158747,405.25679287693885,405.844482421875,16690068,1416.7680893764307,1424.9053748687675,1405.6538959425357,1413.1956787109375,11188438
2025-06-25,3322.7537403887272,3364.3941654870573,3315.634829755361,3359.3232421875,1757699,407.85236743319786,409.5664444107915,406.5790650634376,407.80340576171875,9946718,1411.1117385952273,1417.9589294864209,1404.463088984364,1414.8826904296875,7527388
2025-06-26,3359.3232652421043,3365.759354753242,3330.555256962972,3356.397705078125,2879106,408.635961243395,412.25999175637196,407.70545036119364,411.67230224609375,13703918,1413.8903780949927,1436.4165161110168,1410.814017835929,1428.080810546875,13617435
2025-06-27,3369.2703330730474,3380.387367158931,3345.8658502962735,3355.71533203125,1778433,412.3579493645105,413.3374219283217,409.2236252038625,410.0561828613281,21409935,1427.882386711014,1454.774858156496,1426.0961208320166,1451.00390625,22532899
2025-06-30,3354.5447137321717,3378.924381810933,3344.8904604060604,3376.096435546875,1468351,411.18257641188427,412.1130873177171,407.26468609870335,407.9013671875,12317124,1450.6071028820047,1450.706312958781,1431.2564136212704,1434.7296142578125,6325073
2025-07-01,3369.2704183662204,3398.526022577794,3328.800165873544,3344.59814453125,2375183,408.4400629554616,410.25209319380195,406.38316457386264,406.5790710449219,13670465,1434.6302067068036,1436.5156826077227,1418.653508855977,1421.03515625,7761449
2025-07-02,3400.671024568939,3403.3039810516498,3335.1385257152824,3338.356689453125,3090585,408.3421042433258,408.3421042433258,403.2488648665335,404.47320556640625,15990899,1421.2336440793872,1439.8897415628453,1411.707175185214,1416.867431640625,13372280
2025-07-03,3344.8904436190446,3350.058980842342,3313.294489180619,3316.4150390625,2531870,405.5016414226337,407.4605865502793,402.80809187212105,404.864990234375,14185298,1421.1344118511029,1435.027214103107,1412.798706272776,1414.98193359375,10177738
2025-07-04,3323.4363525656718,3341.964900305915,3305.980605453995,3334.943603515625,1109320,406.383156862037,406.48111009570783,403.2978242937535,404.0813903808594,8256733,1416.0734952431667,1433.3402880878325,1410.2186471744621,1431.7525634765625,5066503
2025-07-07,3333.481005692293,3341.0875101654565,3323.8265137554163,3327.044677734375,1639174,404.52218073930493,408.63597758463175,403.54270814671577,407.6075134277344,6845218,1425.9968814549877,1429.8670433562065,1418.6535190770169,1424.706787109375,5177477
2025-07-08,3320.5107317732236,3340.0144658805552,3309.1984707578945,3321.680908203125,2325242,407.60752214922184,409.5175057020906,406.1383132289018,408.635986328125,6807192,1421.035188079707,1433.935647189369,1419.050502062836,1430.9586181640625,5315847
2025-07-09,3325.3867588452995,3329.2875057764963,3283.4537293349335,3299.8369140625,2034938,407.65649685248883,411.6723104890166,406.9218924227146,410.83978271484375,9930533,1425.2030375827696,1427.683895203639,1415.6765685457565,1420.93603515625,8827347
2025-07-10,3296.130925499427,3314.659472122057,3272.7264455550526,3298.081298828125,3035012,411.67231432927395,411.67231432927395,407.8523772370402,408.29315185546875,6220360,1425.7985078190466,1427.981614021397,1411.2109926594833,1413.1956787109375,7795964
2025-07-11,3218.0184502225306,3252.247598137654,3180.1813972680684,3184.959716796875,7635550,408.44007762067145,409.4685119028319,406.9708687083669,408.2441711425781,8578844,1411.111783317687,1417.0658414751456,1403.7684206963636,1411.0125732421875,7158015
2025-07-14,3184.9597625910983,3190.8108827918168,3120.5974403831947,3142.734130859375,3924009,408.4890354163033,411.3295298660291,407.9992991168515,410.7908020019531,6896989,1413.9896019530586,1413.9896019530586,1405.2569348701418,1412.1041259765625,5846154
2025-07-15,3126.448660244279,3178.523536457564,3126.448660244279,3171.599853515625,2590889,412.26001519971453,413.72922411339215,410.3990232206159,413.4353942871094,8532755,1410.218682168871,1422.8215115677394,1408.134785993891,1419.844482421875,6041457
2025-07-16,3157.607249475903,3175.1222359666176,3151.344969328223,3163.576171875,2540733,413.43538226908703,416.7166213924788,411.67231368924485,415.8840637207031,9780773,1415.081187967311,1418.25663727007,1408.2339967016344,1415.4781494140625,5649093
2025-07-17,3154.7696780470374,3172.2846643823304,3135.199754145851,3140.18994140625,2947640,417.05940633871836,417.1573595734722,414.3168951123935,415.2474060058594,7240795,1410.1194736013367,1412.3025798563917,1398.7075285299677,1407.8370361328125,12927394
2025-07-18,3155.6502438038765,3159.3685771406017,3118.46738821797,3121.304931640625,3432645,416.4717411939595,416.4717411939595,411.4764251990089,414.072021484375,6730256,1404.9592604817603,1418.0581395587762,1397.7151081655259,1414.8826904296875,11297246
2025-07-21,3121.4028477301345,3128.839514334287,3084.2199924907163,3090.28662109375,3844346,413.3374323697135,414.0720368111289,409.8113250726935,411.4764404296875,4822343,1436.9126621837045,1456.4617708047458,1425.9968891975022,1454.576416015625,13867136
2025-07-22,3091.65673828125,3111.7159107005,3086.764257203384,3091.65673828125,3198036,411.47644544690354,411.77027527059994,406.6770356826959,407.4606018066406,9869507,1462.8128219007424,1470.6523559877205,1458.4464883845856,1462.316650390625,8930165
2025-07-23,3091.6566291573,3113.5748480562365,3089.6996367952283,3110.7373046875,1922875,408.53801949465566,409.32158560296745,405.5016485154682,406.4321594238281,12196187,1471.5454755170424,1478.5910866693491,1461.3242940475627,1477.2017822265625,11974174
2025-07-24,3097.0385335433134,3105.4534578423713,3072.478182452152,3080.30615234375,2934778,407.3136721952123,407.3136721952123,401.04505375648824,401.5347900390625,9005157,1476.3086281822896,1477.3009711792895,1466.782159638216,1472.0416259765625,6700578
2025-07-25,3072.4780444334683,3089.014534530361,3058.3877948178133,3068.368408203125,2568917,401.58375275125957,401.8286208931811,399.3799394739661,400.9960632324219,5824089,1488.5144734435703,1488.5144734435703,1462.31659448384,1465.789794921875,8696077
2025-07-28,3043.123036074506,3050.951005299135,3003.8852447797885,3013.083251953125,3374473,402.36732868040224,402.41632024466196,400.21250691352043,401.4858093261719,8123337,1465.7898930637602,1482.3620946590604,1465.7898930637602,1477.00341796875,7507479
2025-07-29,2994.1984086760676,3007.8973556438664,2975.802632112602,2990.284423828125,4785312,401.5837527990323,402.9550084157297,399.62480766342725,400.0655822753906,6811772,1468.5685019046516,1478.3927223132807,1464.1029581857863,1474.8201904296875,9776027
2025-07-30,2994.1983151611034,3003.0047807939304,2981.673516260727,2987.93603515625,2880121,400.60428786940514,400.898117688896,397.4210019633524,399.2330322265625,10915863,1476.308661728485,1477.1025845983731,1465.9883912336757,1471.04931640625,7238625
2025-07-31,2976.2918502873677,2994.0027271024683,2950.166049468222,2971.497314453125,2968371,397.61690837848414,405.50165074201533,397.2250954310459,403.4937438964844,19364174,1458.6450618514623,1483.0566764606926,1452.7902136757805,1470.0570068359375,12406146
2025-08-01,2964.7455243430377,2971.4972914199097,2935.488583681943,2938.424072265625,2053847,403.9344853107258,410.74183168633,403.34679578552243,407.9013671875,14324065,1469.0645758820863,1473.7285394467383,1458.5457644921182,1460.3319091796875,4416771
2025-08-04,2944.392964480288,3013.181055141491,2927.2692812506943,3008.28857421875,2519252,411.57439098396185,413.8271659664987,406.5790748366726,408.29315185546875,18352458,1465.492177404952,1467.4768633867377,1450.1108610461113,1451.9962158203125,6140054
2025-08-05,3008.2886143717656,3011.322048140622,2976.5854331255146,2998.014404296875,1927996,408.6359688485212,409.37057327725813,404.522172091142,405.6485595703125,8495104,1441.8743352750153,1450.3092505192255,1429.96621963613,1433.3402099609375,14799343
2025-08-06,2997.1337788834585,3000.8521121202134,2960.9294204705666,2967.093994140625,1487081,405.6485541142926,406.4811117672226,402.07348525408406,403.5426940917969,9080543,1431.2564134495642,1442.866778550362,1430.561700640964,1432.54638671875,7805252
2025-08-07,2951.1446440658847,2985.9792055799644,2946.154217712285,2981.47802734375,2543076,403.542701181929,406.2362507650608,403.1998798022133,405.10986328125,11514878,1430.0655302659995,1436.8135113901221,1418.1574137897542,1429.271728515625,7432535
2025-08-08,2982.5543093380406,2994.002666894786,2959.9509519667536,2971.105712890625,2762140,405.40370450279846,406.82395173394906,404.4732234643995,405.99139404296875,9814361,1434.8288259088201,1436.5157606227415,1421.0352334242946,1424.9053955078125,5415511
2025-08-11,2971.1058502168585,2984.3155492907413,2956.3307005130723,2975.411376953125,1884215,405.99138530914485,408.4400667645679,405.5016490180602,408.29315185546875,8514272,1416.9666396615337,1427.3862414978396,1409.5240669213151,1425.5999755859375,8492484
2025-08-12,2975.6068714078456,3029.8154640054736,2961.809979769089,2970.127197265625,3358232,408.44005694659893,411.1825681542966,406.77494164048437,407.80340576171875,13635738,1431.0,1433.800048828125,1420.0999755859375,1422.0,5913947
2025-08-13,2970.812449963036,2978.9337774241835,2963.473728360306,2970.91015625,2148166,408.6359804112558,408.92981023461243,405.1098730753178,405.599609375,10874910,1424.5999755859375,1427.699951171875,1415.199951171875,1420.800048828125,9009465
2025-08-14,2968.757439673081,2990.1864106721328,2954.1779420022144,2957.30908203125,3342174,405.74650902132066,406.5300751148795,402.563223193151,403.0039978027344,9580361,1412.0,1431.0999755859375,1412.0,1427.300048828125,7577793
2025-08-18,2980.988718063058,2983.434958599791,2938.815435653507,2946.44775390625,2945609,404.5221643400549,405.207807083524,396.5394690122968,397.9596862792969,30950814,1450.0,1452.4000244140625,1431.0,1434.5999755859375,6908844
2025-08-19,2946.4478507969,2959.9511467818434,2946.350144506624,2951.34033203125,2650784,398.00869038492266,400.99606980890684,396.19666012675947,400.7022399902344,16681331,1431.0999755859375,1438.5,1426.300048828125,1436.300048828125,6709554
2025-08-20,2946.1539583708727,3036.664852119672,2946.1539583708727,3031.96826171875,4952358,400.7022224165175,401.82860986020313,397.1271536208501,397.7148132324219,18188129,1432.5999755859375,1435.9000244140625,1423.0,1430.5999755859375,5817858
2025-08-21,3062.693270119804,3062.693270119804,3016.801891436903,3035.882568359375,3230726,397.7148339521601,398.49842996029514,395.07027588892424,397.22509765625,15028966,1440.0999755859375,1447.800048828125,1436.4000244140625,1446.0,6238645
2025-08-22,3019.639270954844,3029.1306363096523,2984.4134077810354,2988.327392578125,1593791,397.6658518940437,398.1555881648492,389.34033529035065,390.1239013671875,13087624,1444.300048828125,1446.0,1429.4000244140625,1436.4000244140625,6657207
2025-08-25,3020.9112915939663,3084.2199463957195,3010.9306783780526,3073.065185546875,3448370,390.8095528920783,392.327723409267,388.1160033420702,391.1523742675781,10440286,1435.9000244140625,1435.9000244140625,1424.0,1433.199951171875,6738427
2025-08-26,3061.714802808035,3094.0051794435944,3052.9083364528824,3089.308349609375,5522097,391.1033999896865,397.07818887017044,390.22188062167817,395.0702819824219,13715752,1427.9000244140625,1427.9000244140625,1413.0999755859375,1416.5999755859375,8720155
2025-08-28,3077.3704857914763,3078.8382300613293,3020.1284592672155,3027.173583984375,3116051,396.19667011274,396.19667011274,391.78904337477377,392.6705627441406,12471719,1408.0,1411.800048828125,1396.300048828125,1399.0999755859375,12990789
2025-08-29,3026.4887537573413,3048.0156702082504,3011.028465982645,3018.3671875,2271789,393.74798505781916,402.02454048128317,393.6500318196282,401.3388977050781,25255050,1392.0999755859375,1405.0,1392.0999755859375,1397.800048828125,8519507
2025-09-01,3023.5531276055535,3063.7694152474464,3023.5531276055535,3045.667236328125,1246862,401.3388884886885,401.77966310485994,396.68639374720885,397.5189514160156,12268090,1398.0999755859375,1412.4000244140625,1398.0999755859375,1411.0,4927348
2025-09-02,3053.98447906176,3087.1554035307527,3036.3715480748965,3044.5908203125,2185229,398.20457570023547,399.4779080217149,396.14770714215564,398.4004821777344,19808255,1413.9000244140625,1413.9000244140625,1390.0,1394.199951171875,7163073
2025-09-03,3062.595025627338,3074.3369795089966,3021.5961322134785,3030.891845703125,1799774,400.114535268611,404.76702986475766,398.9391562562904,403.2978210449219,12936588,1389.0,1400.0,1384.199951171875,1397.0,9813382
2025-09-04,3048.9943814611165,3050.9513740037746,3024.336323201764,3029.130859375,1481391,415.24741259106247,418.2347920060821,406.4811210363561,407.3626403808594,27274123,1409.9000244140625,1415.0999755859375,1401.9000244140625,1405.5,10564859
2025-09-05,3030.5006621101975,3036.664997028233,2963.47367273015,2982.75,2802055,408.3421103092152,408.4400635448862,396.09870312861307,398.9881591796875,16000675,1411.0,1411.5,1387.699951171875,1402.800048828125,6621077
2025-09-08,2984.413460841752,2998.9929589138555,2951.144589474992,2954.080078125,2626187,399.08612816526716,402.1224693529809,398.44944705384466,399.1840515136719,7419022,1402.199951171875,1410.5999755859375,1397.5999755859375,1402.699951171875,5880943
2025-09-09,2966.898378981974,2994.19832699537,2965.62628616296,2983.826171875,2489301,400.1145503991436,402.51427018540727,399.0371245789613,401.6327209472656,8825896,1399.0,1407.5,1395.199951171875,1403.699951171875,6470679
2025-09-10,2990.675797260498,3055.550145422665,2987.740308555338,3043.123291015625,2079428,402.56322964572416,405.2078175633528,400.555322816839,404.5711364746094,9252397,1410.0,1413.699951171875,1402.0999755859375,1403.9000244140625,7452347
2025-09-11,3071.4996140027415,3071.4996140027415,3043.221168990462,3057.017822265625,2263446,404.5711451336769,408.1462440335788,403.9834854870758,406.53009033203125,8274406,1398.0,1408.0,1396.0,1401.5999755859375,10192026
2025-09-12,3076.3921752202637,3080.991059765134,3053.8867617246956,3066.02001953125,1447167,406.82393698895356,408.48902241943284,404.37525556960406,405.25677490234375,7803379,1405.0999755859375,1419.699951171875,1400.0999755859375,1417.699951171875,7770038
2025-09-15,3066.6070389449774,3066.6070389449774,3029.4241839737238,3044.982177734375,1732539,404.5711348581344,405.7954755760093,403.29783246799684,404.1793518066406,5707331,1422.0,1426.800048828125,1416.300048828125,1419.4000244140625,5845637
2025-09-16,3060.7363278880744,3082.263245795216,3042.2428439695796,3078.0556640625,2573429,404.7180704209207,405.8444578774336,403.54269140213233,404.6201171875,8239087,1414.0,1424.9000244140625,1413.699951171875,1421.5999755859375,8213151
2025-09-17,3084.2199854121977,3113.966173979194,3074.8263264485827,3104.57275390625,2418271,405.45267306623015,406.08932424399245,399.6737611220478,400.8981018066406,14113882,1420.0999755859375,1426.0999755859375,1416.4000244140625,1419.199951171875,7484283
2025-09-18,3116.51048247651,3134.1234145595795,3093.4178759668794,3108.388916015625,2633138,402.90605212943706,404.5711375822802,401.68171140331816,403.1019287109375,15647808,1431.0999755859375,1432.800048828125,1415.300048828125,1421.699951171875,8130537
2025-09-19,3101.8328935510035,3112.107103450778,3076.3919928468,3101.050048828125,4901694,403.101917268776,404.13038138420126,400.55531254363956,402.22039794921875,19505321,1416.0999755859375,1418.0,1400.199951171875,1402.199951171875,13457344
2025-09-22,3028.445731768582,3040.089740964508,2999.090845838676,3007.70166015625,3634901,402.2204050878021,402.56322646569487,397.7148252853857,398.59637451171875,8930779,1403.9000244140625,1409.9000244140625,1397.199951171875,1401.5,8847948
2025-09-23,3003.983297445149,3014.453158879609,2986.3703660594774,2996.546630859375,3177741,398.7433075819584,399.7227801970498,393.8459445065011,394.9233703613281,14936357,1391.0,1403.300048828125,1391.0,1394.300048828125,12827524
2025-09-24,2984.4133369924134,2991.262810224855,2967.778901999341,2970.127197265625,1625714,394.9233452248436,396.34356249165154,392.4746638429711,392.76849365234375,12380865,1386.4000244140625,1390.9000244140625,1376.5,1382.699951171875,9735678
2025-09-25,2957.015390749667,2964.4520571099356,2887.5421635017433,2893.804443359375,4974361,393.209287397003,394.7274579712088,389.83009496908466,391.8869934082031,22006368,1377.0,1391.5,1371.800048828125,1375.800048828125,21613389
2025-09-26,2877.7574418213358,2891.260737711385,2829.126226471788,2836.758544921875,3934636,391.8869695711551,397.5678983516164,391.59310987422305,396.7843322753906,14414044,1368.0,1372.699951171875,1357.0,1359.5999755859375,18342280
2025-09-29,2853.2947314486933,2866.3087778304835,2831.7678164651984,2833.82275390625,3110035,398.5473763816621,399.6248021696593,394.9233458652918,398.89019775390625,19717660,1359.5999755859375,1366.5,1346.199951171875,1348.0999755859375,20563163
2025-09-30,2848.402439766557,2852.610021207006,2823.0594837288886,2826.288330078125,2253458,398.4004591506758,398.4004591506758,392.1808024887207,393.30718994140625,9465490,1353.699951171875,1356.5999755859375,1342.5999755859375,1348.0,20166871
2025-10-01,2828.8326264436423,2861.9058470940704,2804.957413772581,2851.53369140625,1952902,394.0907925326749,397.665861416941,391.5441578852763,397.2740783691406,17643039,1348.0,1379.4000244140625,1347.0999755859375,1372.0,20952632
2025-10-03,2861.1229086009284,2861.1229086009284,2828.9304789544044,2839.498046875,2899519,396.58845248171,397.1761420239669,394.04181772601805,396.0007629394531,16987141,1371.9000244140625,1371.9000244140625,1361.300048828125,1365.199951171875,12163695
2025-10-06,2839.5959635916415,2929.22631078988,2833.3336834873367,2924.137939453125,2112774,394.7274338215943,395.60895312981853,391.5931097355416,392.52362060546875,13989077,1371.0,1372.5999755859375,1359.0999755859375,1363.4000244140625,14314283
2025-10-07,2930.5959216848555,2939.891634958981,2891.9453243871753,2909.75390625,3062943,394.237727666254,394.3356809060124,391.29930982029435,391.5931396484375,12298968,1363.5999755859375,1383.0999755859375,1363.5999755859375,1375.9000244140625,16126464
2025-10-08,2911.0260640606234,2977.5638026677234,2904.176590968716,2962.103515625,4121889,391.7890270774703,393.5031040709342,389.8300819420829,391.5441589355469,8402463,1372.300048828125,1381.5999755859375,1364.300048828125,1370.300048828125,8100832
2025-10-09,2968.757519004287,3000.069397912704,2955.0585719818546,2995.86181640625,3211304,390.80955123133737,393.1602793958562,390.7605895598157,391.6910705566406,15656267,1369.800048828125,1378.699951171875,1365.0999755859375,1376.199951171875,7909575
2025-10-10,2984.413250266025,3003.983173218589,2942.239970746985,2963.179931640625,8817365,392.22981845621223,395.5600193505022,391.299307520674,394.53155517578125,15085738,1370.300048828125,1385.0,1370.300048828125,1380.300048828125,7673816
2025-10-13,2961.908209472205,2970.2254277677166,2933.7274691163334,2942.533935546875,2866865,391.78901724913896,392.71952812155763,390.36877010515894,391.0544128417969,9508594,1373.0999755859375,1386.4000244140625,1373.0999755859375,1379.4000244140625,8923018
2025-10-14,2956.0370052457697,2962.1036338769445,2891.9455044700007,2896.642333984375,3611416,391.78901770158024,392.6215753424221,388.0670339898672,388.6546936035156,10291102,1389.0,1389.0,1375.0999755859375,1384.0999755859375,10610855
2025-10-15,2917.954894078994,2926.499513769408,2898.31197994854,2916.7763671875,4282226,389.83007867186035,392.62158144459596,389.0954742522526,391.6910705566406,16043867,1386.5,1400.4000244140625,1385.5,1398.4000244140625,8988550
2025-10-16,2916.87439174088,2921.883430677564,2890.553079047838,2917.66015625,3251495,392.7685077269394,397.665870666178,391.3482605181077,396.83331298828125,22962049,1401.0,1418.9000244140625,1399.4000244140625,1417.300048828125,12185032
2025-10-17,2916.972551528368,2935.4369375213087,2902.6331292681275,2909.311767578125,4374683,397.0292043259007,405.35472100520315,396.9312510926241,403.6896057128906,21071344,1412.0,1439.5999755859375,1410.9000244140625,1436.5999755859375,17037215
2025-10-20,2932.1958010354274,2969.0262624451843,2925.320781572273,2961.365478515625,3133039,404.0814001855026,406.3342050500721,402.85705946273583,404.5711364746094,13083621,1442.0,1445.0,1389.199951171875,1390.300048828125,23330227
2025-10-21,2976.981832168517,2977.669286180243,2942.508423286113,2953.017333984375,310644,405.0119258790611,405.4527005118031,403.88553835121513,404.3752746582031,1142130,1384.5,1387.5999755859375,1375.9000244140625,1382.0,3415560
2025-10-23,3000.4550745732363,3042.687339125331,2981.892616996725,3018.330078125,5564758,407.46058276503413,411.8192475900064,405.0608630495091,407.41162109375,24305990,1385.0,1389.800048828125,1360.0999755859375,1363.699951171875,21124942
2025-10-24,3025.0086400055093,3034.8300966289034,3003.6961270890743,3008.508544921875,2684318,407.411643338511,409.3705885549171,404.96296181800335,408.2441711425781,14935678,1368.0999755859375,1381.5999755859375,1368.0999755859375,1377.699951171875,10570263
2025-10-27,3011.7496607245316,3038.9550474990237,3005.5620951218402,3029.821044921875,1946312,408.4400677633165,414.02307345178554,408.048284707717,412.01513671875,11603679,1382.0999755859375,1386.800048828125,1374.0,1377.5999755859375,11499836
2025-10-28,3021.0801556355614,3035.0265765381446,2985.919291823652,3003.30322265625,3470737,411.86822898071654,412.9946164943518,407.3626490350436,409.32159423828125,17163147,1373.0,1375.800048828125,1356.199951171875,1363.0999755859375,26477914
2025-10-29,3003.3032409472494,3021.080174034828,2991.714113509379,3003.0087890625,2895420,409.61544737952806,413.53333772312516,407.5095574069397,412.9456481933594,11470661,1364.5999755859375,1371.699951171875,1358.4000244140625,1370.4000244140625,16129382
2025-10-30,2994.6603471523654,3009.0978400091353,2978.6513253692647,2981.106689453125,2241536,412.94564712794636,413.04360036450976,407.60750959211543,410.1541442871094,12938674,1362.4000244140625,1370.199951171875,1361.300048828125,1362.4000244140625,9324401
2025-10-31,2980.8120174669925,3012.6334402910475,2971.088871543434,3003.4013671875,1868085,411.8682283883677,417.64711075138126,409.615453364337,411.7213134765625,18599864,1357.0,1362.0,1343.300048828125,1345.300048828125,15926798
2025-11-03,2992.499451583931,3003.4013640895914,2956.2583734171585,2962.93701171875,2194877,411.3295333977877,412.9946188955417,404.816016646247,405.45269775390625,7635440,1340.5,1351.5999755859375,1337.9000244140625,1346.4000244140625,11071450
2025-11-04,2965.6872390451917,2975.214004338424,2922.8655907942766,2936.81201171875,2670720,405.50163308974254,405.99136936159005,399.96761919609156,400.5063171386719,10085404,1342.5999755859375,1349.800048828125,1333.199951171875,1336.9000244140625,15211183
2025-11-06,2936.7138956519902,2970.0085383136757,2936.61558517126,2957.142333984375,2542721,401.58375221673697,404.8159997293463,398.20455990626584,399.13507080078125,10095563,1330.0,1342.199951171875,1317.4000244140625,1320.4000244140625,24221853
2025-11-07,2947.419237380036,2950.3656744717186,2907.6423366423182,2938.383544921875,1830520,397.71483508178255,400.70224442999825,394.82540886238485,395.7558898925781,8411611,1320.4000244140625,1344.300048828125,1318.5999755859375,1343.0,7719245
2025-11-10,2939.5619693268272,2993.4816703122747,2938.579823663838,2971.18701171875,1556656,395.75588876851964,398.7432981082502,395.3641057100178,397.22509765625,6650003,1342.9000244140625,1349.5999755859375,1341.0,1348.0,8542340
2025-11-11,2990.633609021809,3001.142519888641,2964.1156755427983,2992.597900390625,2806868,397.6658554399186,399.673762211673,396.2945998476621,398.4984130859375,12005318,1349.0,1360.4000244140625,1346.199951171875,1358.300048828125,8305184
2025-11-12,3005.3656835637266,3080.4015151753365,3002.51755709654,3075.8837890625,4460315,399.624797249309,399.7227504817627,397.22507756427666,398.64532470703125,7987236,1370.0,1370.0,1355.4000244140625,1358.9000244140625,9736761
2025-11-13,3075.8838537295965,3075.9819244274895,3046.61586484088,3050.249755859375,1740435,398.64534219930255,399.1350784919307,396.1966607361619,397.3720397949219,6617185,1358.9000244140625,1390.4000244140625,1358.5,1385.9000244140625,18296626
2025-11-14,3034.830102963518,3057.517763723578,3022.356900982103,3050.54443359375,2210794,396.3925660411311,400.3594180432725,391.8869861840081,399.771728515625,64020258,1374.0,1381.199951171875,1363.199951171875,1373.0,9694498
2025-11-17,3050.544457369475,3067.7320066302495,3031.4909272444793,3046.812255859375,2232853,401.3388824449565,403.542695710365,397.6658603359422,398.7432861328125,7855399,1375.0999755859375,1382.5,1373.5999755859375,1379.0,7660717
2025-11-18,3046.6158078736476,3049.5622448251693,3023.0443122614724,3031.98193359375,2548350,399.8696796229581,401.3878501610938,396.2456191310374,397.5189514160156,7661681,1380.199951171875,1382.800048828125,1369.0999755859375,1373.4000244140625,9529560
2025-11-19,3041.705020306013,3098.6694669245953,3028.4460542827223,3091.499755859375,3151053,396.5394760749311,397.2250889394812,394.5315393710832,395.2661437988281,7882450,1373.5,1384.0,1371.5999755859375,1383.0999755859375,10393918
2025-11-20,3091.794673762747,3108.0000778660146,3082.0715272134535,3088.65185546875,2700767,395.2661449461201,398.64533728000737,394.97231513062155,397.1271667480469,6693410,1380.0999755859375,1388.300048828125,1375.4000244140625,1383.0,10131863
2025-11-21,3088.6516518716926,3113.4016740052466,3079.2229578295533,3094.34814453125,4177037,396.68640238950724,400.1145564842314,396.39257256641207,399.4779052734375,5808131,1373.0,1376.0,1364.5999755859375,1369.5,11483595
2025-11-24,3101.616062202543,3122.1428110333977,3075.0981288018247,3085.115966796875,6703764,400.01659174313806,400.4083747930425,394.580530934278,395.2661437988281,11037491,1373.300048828125,1377.0,1361.5,1368.4000244140625,15896003
2025-11-25,3089.142887490615,3093.562543096727,3059.3838251197944,3063.5087890625,2737920,395.26615093538965,396.1966618504526,391.8869884414304,392.5726013183594,8199785,1365.0,1376.9000244140625,1354.300048828125,1357.800048828125,12235000
2025-11-26,3063.115986297256,3121.2589624366606,3061.348076121797,3106.428466796875,2508527,392.7685066776832,395.6579627605675,392.71954500487413,394.04180908203125,11443953,1360.0,1377.0,1359.9000244140625,1375.0,9659004
2025-11-27,3123.223169867727,3123.223169867727,3069.205159068128,3080.59814453125,2836233,395.21719681053185,397.61691665344256,393.8459411393536,396.0007629394531,8679529,1379.0,1394.0,1375.699951171875,1392.199951171875,15158741
2025-11-28,3083.937297684263,3091.1070087848907,3069.205113141185,3081.48193359375,1616690,396.0007438980914,396.68638664627787,394.23770524722676,395.9517822265625,6883500,1392.0,1398.5,1385.5999755859375,1388.800048828125,7683986
2025-12-01,3081.8747335418534,3097.687374390369,3066.4550948216056,3077.455078125,1747647,394.5315350586607,397.17612292608806,390.025985197311,395.9517822265625,13442658,1394.0,1400.0,1385.4000244140625,1390.0999755859375,8867593
2025-12-02,3075.0980746626374,3087.8659682974553,3064.6872347092776,3079.714111328125,2512003,395.95179101910213,397.1761317458155,392.27876883896204,392.71954345703125,8093808,1381.800048828125,1381.800048828125,1370.5999755859375,1373.0,12126396
2025-12-03,3083.9373188138757,3154.5534946281955,3082.9551731709416,3123.22314453125,3952112,393.45415715794644,393.94389346016385,390.66265425708065,392.2787780761719,10772192,1367.0,1394.199951171875,1367.0,1391.5,7955933
2025-12-04,3136.9731988901626,3191.9733551637537,3130.4909417024,3171.544677734375,5025905,391.8869716290837,395.26613397807347,390.85850752111554,394.7763977050781,8057989,1387.0,1391.5999755859375,1379.9000244140625,1386.699951171875,7373909
2025-12-05,3172.330486734928,3213.187842167148,3164.866083794654,3180.384033203125,5244013,394.7763988983853,397.0292036956514,393.7479646784384,396.6374206542969,4419747,1381.0,1395.300048828125,1381.0,1392.5,4942638
2025-12-08,3185.0983021118977,3201.6964674714213,3151.3125880977464,3178.71435546875,2544725,396.6374353457986,396.93126516491554,392.32773205787674,394.04180908203125,6056866,1387.0,1394.9000244140625,1383.300048828125,1389.5999755859375,7826227
2025-12-09,3172.330579931189,3175.964471029267,3124.401822284255,3151.01806640625,2734893,393.7479852919042,396.19666679247575,391.78904009144696,392.8174743652344,9426717,1379.9000244140625,1384.300048828125,1373.4000244140625,1375.199951171875,10492030
2025-12-10,3167.41989738469,3167.41989738469,3121.357359750894,3132.259033203125,1386849,392.86645232636994,396.09869983875063,392.7684990915125,394.8743591308594,6969146,1377.9000244140625,1379.4000244140625,1357.9000244140625,1363.5999755859375,8725381
2025-12-11,3147.7768486239356,3151.1160479641035,3096.8035846478047,3134.91064453125,1914362,394.8743542225189,395.70691187176226,392.86644744298803,394.6294860839844,6980147,1363.699951171875,1366.5999755859375,1352.800048828125,1360.0,6734750
2025-12-12,3140.607031689688,3165.4553640739014,3128.8212841349605,3163.0,1146554,394.62950473294,395.7069305716336,391.6421252580969,391.8869934082031,12407516,1368.0,1370.699951171875,1363.300048828125,1366.0,3890885
2025-12-15,3153.7680172761306,3180.384020730158,3140.2143592438706,3172.52685546875,1562190,391.8869873292014,395.07027323120263,391.29929779983655,394.04180908203125,7756564,1356.0999755859375,1370.0,1356.0999755859375,1365.199951171875,5342530
2025-12-16,3162.509118995985,3162.509118995985,3134.1252044928165,3147.875244140625,1734623,393.16027238279855,397.4209839187486,392.81745101487064,393.4541320800781,12347384,1364.0,1368.699951171875,1355.5,1366.0,12359741
2025-12-17,3143.3572206041695,3179.107227122374,3143.3572206041695,3160.348388671875,1376350,392.76851874327417,394.8254172136723,390.9075267523928,391.5931396484375,8087490,1365.0,1365.0,1343.0999755859375,1352.4000244140625,9440391
2025-12-18,3170.366292342023,3229.09865265339,3163.4912725011322,3222.2236328125,2307422,391.7890335950218,393.69901709025,391.6421186856499,392.1808166503906,7227668,1346.300048828125,1369.5,1345.5,1356.800048828125,7314573
2025-12-19,3240.09857605464,3258.661033366418,3220.259281411304,3223.402099609375,3902511,392.0339082415041,394.38463650382647,392.0339082415041,392.8174743652344,10654835,1354.0,1360.4000244140625,1350.800048828125,1354.0999755859375,14318512
2025-12-22,3250.9022578364156,3269.170263717588,3232.2414895890165,3265.5361328125,2632816,393.35619843948285,395.3641052941498,392.96441538139317,394.4336242675781,6847871,1358.0,1371.300048828125,1354.800048828125,1368.5,9375294
2025-12-23,3260.625245626059,3260.625245626059,3234.6966963938,3250.902099609375,2365420,394.2377112153877,400.50632971362984,393.5520684568217,398.9881591796875,10081997,1361.0999755859375,1365.0,1357.0,1363.0,9105467
2025-12-24,3245.107580613968,3267.696930860065,3237.2504153109776,3259.741455078125,1367708,399.5758645628573,401.09403515706003,397.323059617528,398.2535705566406,5777430,1363.800048828125,1368.199951171875,1357.5999755859375,1359.800048828125,8955140
2025-12-26,3253.9468611908032,3260.7235702886815,3213.384197736604,3221.437744140625,1176664,398.1556179415121,398.7922691629462,395.5600214903535,395.8538513183594,3152453,1356.5,1362.0,1348.5,1350.4000244140625,2812144
2025-12-29,3221.437683809396,3229.294848891858,3184.9999848268185,3193.446533203125,2079473,395.80487169747335,396.4904845621106,393.2092753640043,394.3356628417969,6647710,1352.0999755859375,1355.699951171875,1341.5,1343.300048828125,6057201
2025-12-30,3191.973384551631,3209.160933545371,3181.6608551553877,3188.83056640625,2807593,394.7274371230106,395.1682117263742,392.0828492850893,392.376708984375,12340527,1343.300048828125,1347.0999755859375,1338.0999755859375,1342.5,18621277
2025-12-31,3182.151893056932,3188.0447669329633,3141.392848747715,3148.955322265625,3362634,392.8664555965065,395.462051940615,392.62158745289,394.7274475097656,9945109,1342.800048828125,1350.0,1339.5,1342.9000244140625,6150634
2026-01-01,3157.59834501185,3176.3574233163417,3141.0982497161094,3169.77685546875,1255735,394.4336191525785,394.4336191525785,355.2547160290497,356.381103515625,282626710,1343.9000244140625,1348.4000244140625,1336.0,1338.0,4179311
2026-01-02,3176.2591039024273,3196.196709004467,3162.017991655493,3192.660888671875,1184324,352.6101130575833,352.6101130575833,338.1628931475851,342.8643493652344,118790358,1338.0,1356.9000244140625,1336.300048828125,1355.4000244140625,8226205
2026-01-05,3182.642968809425,3189.026915514335,3134.026759287417,3158.6787109375,2341703,343.0113122216596,346.68433442609853,338.9464770691755,342.5215759277344,48358124,1354.199951171875,1375.5,1352.5999755859375,1371.5,6920565
2026-01-06,3152.6876022111082,3204.9377039238207,3147.7768738587542,3197.669921875,2912325,343.06028462397126,343.50105925874186,330.816876892923,335.42041015625,72582738,1372.0,1413.5999755859375,1366.0,1411.199951171875,17260416
2026-01-07,3185.0000101265678,3241.6700055592964,3165.651788913644,3236.75927734375,1989442,335.9591026893029,337.4772732668689,332.33504210325714,334.2450256347656,29440734,1408.0,1429.9000244140625,1404.199951171875,1427.699951171875,15813795
2026-01-08,3228.2143763788763,3228.2143763788763,3125.1873956711997,3146.6962890625,4159336,334.48988067886347,338.06494956001615,332.09016094008854,333.9021911621094,36706319,1429.0,1442.199951171875,1423.300048828125,1435.0,14861699
2026-01-09,3134.0267606372377,3172.0357492326657,3134.0267606372377,3150.52685546875,1938673,333.9022093273418,334.0001625673181,329.20075271979715,330.22918701171875,35193201,1427.0999755859375,1429.5,1401.5,1404.300048828125,12555636
2026-01-12,3145.8126491306843,3193.937788002805,3117.6251157476318,3181.75927734375,2228342,331.306606816801,332.5309475663088,328.9068869913131,331.4535217285156,16156143,1399.9000244140625,1424.300048828125,1391.699951171875,1413.0999755859375,10923811
2026-01-13,3187.0627488471305,3221.437847833155,3153.1787227037635,3209.652099609375,5645341,332.0412186059658,332.5309549165941,326.8500256697591,327.8294982910156,24922339,1420.0,1441.800048828125,1411.0999755859375,1437.0,14295581
2026-01-14,3201.7948316366483,3201.7948316366483,3126.1696162881753,3135.5,3539511,329.1027892200336,329.1027892200336,326.6051460797269,327.8784484863281,14913422,1425.5999755859375,1443.9000244140625,1414.9000244140625,1418.4000244140625,13832255
2026-01-15,3135.5,3135.5,3135.5,3135.5,0,327.8784484863281,327.8784484863281,327.8784484863281,327.8784484863281,0,1418.4000244140625,1418.4000244140625,1418.4000244140625,1418.4000244140625,0
2026-01-16,3219.39990234375,3221.89990234375,3171.0,3206.699951171875,4293470,330.5719932075216,330.5719932075216,321.805701727492,322.4423828125,30526898,1417.9000244140625,1429.0,1400.199951171875,1410.800048828125,12530886
2026-01-19,3188.0,3220.0,3152.10009765625,3163.60009765625,3387562,323.22593594715954,327.7804772481891,320.58134815114005,326.3602600097656,15507440,1399.9000244140625,1400.0,1360.0,1380.5999755859375,23302883
2026-01-20,3151.60009765625,3160.0,3091.10009765625,3102.300048828125,4499273,327.1928108616433,327.6335854891576,318.81833206792464,319.6018981933594,18771011,1374.699951171875,1387.800048828125,1371.5,1375.800048828125,15012785
2026-01-21,3100.0,3138.5,3082.0,3122.60009765625,2015150,319.3080504008492,322.54029785029536,317.6919266761261,318.0837097167969,14177965,1367.5,1371.5,1339.5,1349.0,21766068
2026-01-22,3150.0,3160.0,3122.300048828125,3150.39990234375,2269827,319.4060118581559,321.9526465247838,314.4596574325432,318.1816711425781,18622852,1355.0999755859375,1358.0,1338.0,1345.5,17179765
2026-01-23,3190.300048828125,3194.5,3152.0,3162.5,2068857,318.86727355776696,319.69983119529894,316.0758007306446,316.76141357421875,11950089,1340.5,1355.199951171875,1335.699951171875,1343.4000244140625,14056524
2026-01-27,3175.0,3175.0,3130.0,3158.0,4279874,316.95731824004827,318.034744006556,311.32535116493864,312.1089172363281,47847784,1340.0,1369.0999755859375,1328.5999755859375,1361.4000244140625,25263634
2026-01-28,3176.0,3205.199951171875,3170.60009765625,3200.10009765625,2751234,313.38226801086364,317.0552902337236,312.7945784769798,314.5576171875,28400238,1362.5999755859375,1380.4000244140625,1362.5999755859375,1367.699951171875,13242696
2026-01-29,3200.10009765625,3200.10009765625,3125.60009765625,3144.39990234375,2457641,315.97785732428986,315.97785732428986,311.52123919238704,312.0599670410156,17719420,1359.0,1387.699951171875,1354.4000244140625,1383.5999755859375,23118234
2026-01-30,3141.0,3141.0,3092.0,3123.89990234375,3022068,312.25583980702623,318.4754965339916,309.95410320661756,315.5370788574219,41975824,1368.199951171875,1381.9000244140625,1353.199951171875,1355.0,24013717
2026-02-02,3198.0,3198.0,3134.0,3169.60009765625,2636272,303.09778990932085,308.92563359629287,295.8007075190383,308.2400207519531,35227572,1329.9000244140625,1354.4000244140625,1329.0999755859375,1352.800048828125,12800245
2026-02-03,3350.0,3350.0,3186.300048828125,3225.300048828125,4366060,314.60661217674976,318.08372796245794,305.2036692056378,310.1499938964844,33168353,1412.0,1417.0,1373.4000244140625,1389.699951171875,24896698
2026-02-04,3120.0,3120.0,2986.0,2999.10009765625,10852595,312.5,314.95001220703125,311.3500061035156,313.8500061035156,11196759,1387.0,1414.0,1386.9000244140625,1408.4000244140625,11080683
2026-02-05,2990.0,3029.699951171875,2972.300048828125,2991.5,3521545,313.95001220703125,315.3500061035156,309.29998779296875,310.20001220703125,15816704,1414.0,1414.0,1393.199951171875,1396.5,8982761
2026-02-06,2976.60009765625,2985.0,2916.0,2941.60009765625,4687389,310.0,327.70001220703125,308.29998779296875,325.79998779296875,68057745,1396.699951171875,1410.5,1394.699951171875,1406.0999755859375,10851190
2026-02-09,2959.10009765625,2977.0,2937.5,2956.300048828125,1177078,327.95001220703125,328.70001220703125,321.6499938964844,323.3999938964844,11956157,1413.5,1414.0,1393.800048828125,1395.4000244140625,2506227
