,TCS.NS,TCS.NS,TCS.NS,TCS.NS,TCS.NS,ITC.NS,ITC.NS,ITC.NS,ITC.NS,ITC.NS
,Open,High,Low,Close,Volume,Open,High,Low,Close,Volume
Date,,,,,,,,,,
2024-01-29,3564.4311359857325,3582.4370565517297,3545.7218573588943,3564.61865234375,1646747,410.4091370302086,411.62442230982873,402.8472985559007,404.91778564453125,18557346
2024-01-30,3570.6673355072853,3608.5080891700763,3551.4891523141855,3564.196533203125,1411621,402.3971972082923,408.42863094204745,393.75510841111077,394.3402404785156,45190319
2024-01-31,3574.184071078628,3595.566200692752,3560.351363342525,3578.638671875,2459358,396.0956560808038,398.34619909494756,394.92536344246855,397.4909973144531,20648695
2024-02-01,3582.4367479301113,3662.0567819751186,3568.4165242500367,3614.462890625,2363107,397.89614860138937,403.07238102310146,395.4655493074385,398.7063293457031,19903526
2024-02-02,3634.063444426215,3736.612908383376,3631.2030759637855,3719.638671875,2826510,400.5967720892722,402.5772455250547,395.64558849981586,396.1856994628906,17816750
2024-02-05,3735.300332044272,3771.8749524182936,3715.700178349996,3726.20361328125,1691523,397.89611107625,399.3814660761637,392.9899203450033,394.3402404785156,12505666
2024-02-06,3748.4294655539775,3891.820633736524,3741.864790482955,3878.78515625,4474396,396.095655967197,396.90583661619564,386.6433581922035,388.3537902832031,19487043
2024-02-07,3894.7280181656797,3896.603639652877,3820.594033092657,3829.456298828125,2124267,391.59456333742565,391.59456333742565,387.8136442911793,388.7138671875,13376903
2024-02-08,3835.6456317898123,3899.4167572083225,3831.9413254430674,3877.003173828125,2345173,392.08703057366546,392.17841802252724,373.4423399489455,378.88037109375,50039587
2024-02-09,3879.3008122308597,3924.5034728185747,3845.0240130368975,3876.62841796875,2100596,374.81326995012324,387.7000589587421,373.4423423447581,379.7486267089844,33527317
2024-02-12,3873.1582239962727,3900.917512535836,3850.2285690197773,3864.436767578125,1013716,381.62222138780527,382.0335083512696,371.1117379944829,371.8428955078125,11326971
2024-02-13,3868.890906690215,3910.6701855786464,3827.6739478271575,3891.445068359375,1257415,371.88862153996564,375.4530507956858,368.5983836063643,371.75152587890625,16207766
2024-02-14,3851.588722467118,3858.9973357555955,3797.6646047310915,3845.117919921875,1391283,371.0660969640242,376.7783199362087,369.60375282087,376.1385498046875,12618012
2024-02-15,3871.282423660838,3888.444175657724,3829.0809437517446,3848.02490234375,1091582,377.46374115666544,378.8803769826403,368.4612807413084,369.1467590332031,21169031
2024-02-16,3857.4498528668705,3889.9920672478725,3845.1177337734257,3871.563720703125,1307556,370.15210830847485,374.31059937497434,365.0339476322224,369.7865295410156,38963810
2024-02-19,3866.640503768057,3871.56401029997,3802.822664172948,3848.587646484375,772291,370.1521379280326,377.23528866691095,369.7865591313197,374.03643798828125,17602580
2024-02-20,3828.2371155114192,3843.1482139238024,3760.6208730684352,3779.986572265625,1193648,375.133187013915,375.133187013915,369.5123517065761,371.157470703125,14626643
2024-02-21,3763.434414830734,3810.6532761089843,3733.04943912238,3743.271484375,1885939,371.98002129088223,374.8132930919039,366.7704728961171,368.64410400390625,20162369
2024-02-22,3724.0458793930648,3840.287457059293,3724.0458793930648,3832.92578125,2982052,371.88862598407167,379.4287715687956,368.73548367384933,378.78900146484375,19321180
2024-02-23,3873.1583931027276,3873.1583931027276,3794.757322908657,3800.10302734375,2538072,380.1142172699116,380.1142172699116,375.1788603578767,376.0014343261719,11576964
2024-02-26,3785.0037308931537,3798.133079811019,3735.065314473416,3752.227294921875,1379284,375.7272290145601,377.5094435802666,372.254187332029,373.99072265625,8289561
2024-02-27,3750.305228133252,3867.531573098657,3750.305228133252,3849.150390625,2960475,374.7218905950383,377.2352627534842,373.396642202815,375.7729187011719,8083518
2024-02-28,3840.8976823678586,3896.509674983892,3834.7080400231876,3862.795654296875,1939225,375.77291141482976,376.86967667427535,371.7972242470729,373.16815185546875,8949664
2024-02-29,3844.0858367320416,3880.7543245620564,3811.778305779147,3840.428466796875,3772719,373.8079334221908,375.6815355101058,369.69512150470285,371.3402404785156,15468800
2024-03-01,3851.776300908435,3882.5363087877504,3832.6448252006635,3839.725341796875,2043265,373.71653890782403,377.6008386718984,372.4369987339359,374.264892578125,12873024
2024-03-04,3849.7131636292625,3861.810830830789,3822.422778973925,3826.92431640625,1749271,376.7783024509622,377.41807255279343,373.30526061731956,373.8993225097656,7103794
2024-03-05,3809.386993519725,3811.2626148853183,3732.4865175304053,3762.59033203125,2070859,374.4019753243948,376.00141496954745,369.1924273577834,371.203125,10108373
2024-03-06,3745.662985779128,3818.7652862706927,3712.276832263034,3811.544189453125,1744204,371.5230649154743,374.67620737600237,366.22212892485004,372.75689697265625,11534613
2024-03-07,3812.200473461429,3867.5313044415575,3786.598195707899,3853.089111328125,2688905,372.7568522385688,379.24594026182575,368.91823189254467,377.9664001464844,23907135
2024-03-11,3834.70829378674,3894.7281839316047,3834.70829378674,3865.984375,2304068,380.93677184044,382.3076994185439,372.89395230116753,374.1734924316406,18298683
2024-03-12,3865.9837495151633,3966.8922650781215,3864.7643209446364,3931.53662109375,4039801,371.5230466797454,371.5230466797454,364.9882499867776,369.6494445800781,36226074
2024-03-13,3943.4942087066347,3977.25539574907,3874.9401512123873,3890.976806640625,2837260,397.570769566704,400.312624757367,384.9124927232159,386.1006164550781,105525827
2024-03-14,3895.1497744818453,3962.2499424114544,3831.8942638327107,3945.93212890625,2919608,385.6436791824383,388.88820903370987,382.03354157679445,383.54156494140625,31949569
2024-03-15,3931.8653458631275,3975.3796720157243,3917.2354069378816,3956.85791015625,3373143,381.3023729581571,391.67576129877517,379.5201583123318,383.03887939453125,76074975
2024-03-18,3953.106408331295,3990.1499296240027,3861.76374108121,3894.2587890625,1526904,382.94748912903253,384.5012206480152,381.028178834862,381.5308532714844,16547358
2024-03-19,3799.305894869941,3805.636117588947,3719.920304502826,3729.954833984375,8931209,382.03349719564545,383.45013294004895,373.53371169513395,374.3105773925781,21803126
2024-03-20,3738.113425638154,3768.123367840969,3713.9178639455963,3723.952392578125,1817913,374.72190907693994,380.79971076564425,374.3106220763875,379.93145751953125,20364534
2024-03-21,3741.9114094702163,3759.1200974295043,3702.476426060684,3725.874755859375,3829582,382.94746988018204,385.6893250392281,380.3883896165868,385.0038757324219,19968509
2024-03-22,3654.6486037932596,3693.098845711536,3615.2605510964886,3667.68408203125,5852485,385.00389452753257,392.68110672719376,385.00389452753257,391.7214660644531,40358503
2024-03-26,3634.0165571732955,3701.257540323518,3630.6872833100233,3636.361083984375,3440925,388.93390016963383,392.26984629600133,388.93390016963383,390.85321044921875,10669833
2024-03-27,3646.6769913107573,3652.772761001774,3591.252286075508,3602.037109375,1968575,390.25910380854657,391.9956391146203,389.756429396083,391.1730651855469,12698464
2024-03-28,3610.6652440946027,3671.529069915745,3601.6621693515754,3635.23583984375,4311783,391.1730509344977,395.9713117815528,390.2590895907945,391.4929504394531,29009002
2024-04-01,3655.304582916496,3688.6907341711717,3646.254801582969,3673.169921875,1569676,392.17842745488764,394.23483338215703,389.11667266822633,389.9849548339844,9743648
2024-04-02,3648.083912259489,3666.699547713614,3632.141129095373,3642.26953125,2142666,391.8128590335726,391.8128590335726,388.06565481612205,389.2080993652344,9194659
2024-04-03,3611.509094088183,3733.424488071944,3611.509094088183,3701.8203125,3973090,389.34520020712586,391.90428066572207,384.7754219498934,388.614013671875,13152268
2024-04-04,3728.6417382256623,3778.111256202073,3690.5198221169708,3754.337890625,3394637,388.9338972480882,390.5790161945303,383.7700572984611,386.37481689453125,19065447
2024-04-05,3730.610939757806,3753.1183964079287,3714.199252617092,3731.783203125,1636819,386.1463241399223,394.55472252991405,383.81572695487466,390.7618103027344,16768902
2024-04-08,3735.300320958678,3781.862534405873,3713.7306731098083,3725.500244140625,2302538,391.4472482618613,394.28051978119635,390.94457385997055,392.17840576171875,8844633
2024-04-09,3736.237662579727,3766.1070236289547,3680.953770065772,3701.11669921875,1876992,393.412271990678,394.3719126015798,388.9338815526786,389.6650390625,6967273
2024-04-10,3710.3542591400274,3742.052307422326,3674.3424188992844,3736.847412109375,2101965,391.44727259062495,400.12986258026945,389.1166753283321,399.3529968261719,14547618
2024-04-12,3724.0460679227617,3763.762440285618,3700.131896496917,3752.555419921875,4354821,397.5707980604603,398.25627639020945,391.4472882010774,393.0924072265625,18785009
2024-04-15,3752.555521752734,3811.450077595125,3675.326950485817,3696.099365234375,4200329,391.1730638575208,392.22412088579836,386.5118985063276,389.2537536621094,9083087
2024-04-16,3659.337150142385,3684.376648663715,3622.6219548397376,3631.953125,3051420,386.831769055941,390.2591024836234,386.7860898150879,389.2537536621094,10357752
2024-04-18,3635.704595429841,3691.2229435040135,3610.571222685582,3621.824951171875,3476284,389.34519094310184,390.16773594755756,381.71365795919775,382.8103942871094,22133191
2024-04-19,3599.317187756726,3612.962378176155,3564.5243218990936,3588.2509765625,2957749,382.03354071225175,389.5736864841606,380.205646774092,388.2027587890625,17221280
2024-04-22,3598.3795176848753,3636.829754907987,3574.9342510854167,3624.26318359375,1728883,390.2591469862357,390.80752966629024,386.9232295916741,388.7054443359375,7386048
2024-04-23,3635.9390541705266,3652.772710601142,3620.5121138030436,3633.735107421875,1807586,388.7054072770841,393.4579601647396,388.522603412523,392.26983642578125,12484384
2024-04-24,3648.0837008405756,3655.586186600659,3586.6101623523527,3592.7998046875,1317312,392.31553707695537,393.73217296540156,391.4472838462077,391.99566650390625,6070285
2024-04-25,3574.1840392334375,3632.7502707587055,3573.9965228878514,3612.63427734375,2856271,393.91498347737365,400.58684707283845,392.0870605648532,399.9013977050781,30337038
2024-04-26,3615.400944510773,3635.7046841917695,3566.07223748283,3583.703125,2039178,401.4550856562055,405.1566105910282,398.850326015204,402.14056396484375,15342965
2024-04-29,3599.3176762116937,3636.6425900369045,3581.686788233394,3629.51513671875,1110693,403.96849476986824,404.3797527972421,397.20521486639313,400.4954528808594,12075706
2024-04-30,3631.2028106924604,3640.3464644642195,3573.0585508105046,3583.046142578125,2203078,402.09483326873476,402.5975076783204,397.66215102986746,398.1648254394531,12528665
2024-05-02,3543.0955870607045,3630.35891420508,3543.0955870607045,3623.0439453125,2491044,398.48473777993564,404.51683088911363,397.4336807202778,401.2265930175781,24123523
2024-05-03,3648.224242496259,3651.459872612422,3561.430044438285,3604.381591796875,2962234,402.1862629337069,402.1862629337069,394.23483059983744,398.89599609375,23786388
2024-05-06,3613.384813638277,3694.9274124213143,3613.384813638277,3677.202880859375,2053831,400.31265418776957,402.551864091815,396.06277543320584,397.3423156738281,10753860
2024-05-07,3686.3462169354693,3739.988941315255,3670.12204659911,3731.501708984375,2062112,399.30727653728593,407.62428750266935,397.7535450760951,402.4604187011719,26969062
2024-05-08,3714.6681858171114,3736.5192209369857,3693.66131770256,3729.626220703125,1247685,403.28298749687275,406.43612962055266,400.49542413012136,403.05450439453125,10916481
2024-05-09,3715.606318089679,3724.0466151272376,3666.887093758869,3713.918212890625,1726486,402.18626860635175,403.5114880367474,386.92320277397204,388.5226135253906,24314298
2024-05-10,3716.1687445881325,3726.484662213695,3643.441479536376,3651.740966796875,1672489,389.80213909836215,398.80459931623363,389.80213909836215,396.062744140625,14524604
2024-05-13,3642.925840662716,3709.0414982162547,3629.327584853832,3702.289306640625,931326,395.9713447246366,397.98207143443125,392.5440111250424,394.69183349609375,7584217
2024-05-14,3691.2232635754413,3700.4138550943817,3650.8035270075748,3658.58740234375,1058317,393.4579641744985,396.0170445089671,391.67574958198725,392.726806640625,11423749
2024-05-15,3661.6818959693137,3682.7357004952323,3634.485385536964,3639.08056640625,1115021,393.68644240363693,395.97133139310563,390.0306258136693,390.99029541015625,7856433
2024-05-16,3675.6374588606977,3693.018499850829,3630.6731306245456,3684.94189453125,2599399,393.0010134485123,395.37729001022427,386.5119249062993,394.32623291015625,23911954
2024-05-17,3701.992923226846,3702.9375501529057,3617.9211268075583,3621.794189453125,2765804,395.19451234969523,399.8556779867922,391.9956618278003,398.7589416503906,11894830
2024-05-21,3618.4880769854944,3631.854456042576,3599.0759470919206,3608.663818359375,1908117,398.48476583327965,399.4901147555859,395.9256853161679,397.38800048828125,11175153
2024-05-22,3622.644183451547,3628.548101612322,3606.160490071024,3619.810302734375,1311168,399.71856660848556,403.9227658482658,397.93635202820826,402.0491638183594,11036895
2024-05-23,3628.2645114562283,3688.7679082914883,3613.6700725144915,3677.857421875,2095742,403.4201283779724,406.61897906710067,398.9874456251496,403.3744201660156,27244733
2024-05-24,3663.4995783587715,3668.742304212367,3631.429538571892,3636.341552734375,1309452,403.05451410700533,404.3797335120663,397.84496600489564,398.6675109863281,13252938
2024-05-27,3641.536348334576,3691.9322808384495,3628.642284641714,3634.026611328125,1841538,401.04380974465363,401.1351971930909,393.64076020528995,394.3719177246094,12282545
2024-05-28,3644.3707893386604,3655.7063127891693,3617.921234620806,3627.27294921875,1801993,394.9203077808962,395.2858865474374,391.4015578418531,392.0870361328125,9668761
2024-05-29,3635.774396680819,3635.774396680819,3589.582233347775,3593.030029296875,1568095,388.8881674070639,395.19448048921834,388.8881674070639,393.8692321777344,10832067
2024-05-30,3567.8558516313005,3584.2922676744465,3509.714018991741,3529.220703125,2919230,391.63006488826727,393.86924566680193,386.009229872296,387.3801574707031,21314885
2024-05-31,3532.904510318457,3542.1618998121,3451.430442400017,3467.677978515625,10956800,390.03063052557883,392.5897108592454,387.7457415085067,389.7564392089844,29300711
2024-06-03,3526.1032967744277,3543.815050940118,3491.3409811408733,3497.811767578125,2156773,396.6568386124209,397.4794126122737,391.7671897218955,393.3208923339844,16116836
2024-06-04,3495.1194153242764,3537.627624429572,3392.6274000370645,3509.288818359375,3395997,396.52177031965385,396.80101565647095,374.97368265988365,386.4690856933594,47791986
2024-06-05,3510.2337143515874,3574.2794671048623,3495.1196832887176,3538.99755859375,2799670,392.7985512208221,405.82980402897,389.12189949981456,400.52423095703125,28197030
2024-06-06,3571.63435096414,3627.2727837806888,3534.321587974697,3618.298828125,4328036,405.829791944629,407.41213302436523,401.2688535975877,405.27130126953125,32318523
2024-06-07,3624.8168128885063,3698.2142761529285,3624.8168128885063,3678.329833984375,4552445,401.5481002254475,411.0888154566866,401.26885488700134,408.7618103027344,29543660
2024-06-10,3679.3217405498876,3689.6180814133613,3629.161960387638,3645.03173828125,1734661,409.5530068967988,410.48381488403055,405.6901817746213,406.6675109863281,11872688
2024-06-11,3632.0904200618043,3665.1050839975637,3628.3119124726636,3638.79736328125,1419898,406.7606160148987,407.50525061130764,402.33930016150435,403.0373840332031,13158571
2024-06-12,3659.8622913039767,3677.9047569591216,3615.5121054162055,3619.4794921875,2177001,400.7569418231023,404.34052174068876,400.43114573978,402.3858337402344,10751658
2024-06-13,3643.23713885556,3674.5987063691045,3638.7028835305373,3663.40478515625,1932323,406.66751056673644,406.66751056673644,400.0122909895558,400.52423095703125,9641349
2024-06-14,3673.654123447534,3673.654123447534,3616.031880832389,3619.857666015625,1860730,401.17580700990004,402.01351357567347,399.36074170092695,401.3154296875,9572809
2024-06-18,3614.1898098741085,3629.256562858962,3584.9063758687394,3603.84619140625,1774045,403.03737898986196,404.1543603703237,398.5695419674905,399.08148193359375,14641141
2024-06-19,3615.7007640544557,3621.5576348500226,3582.922259445668,3591.187744140625,1509050,400.24496579903524,400.94304962931466,393.77589043943306,394.3343811035156,11329972
2024-06-20,3585.8035709865335,3598.981069597492,3570.736818650082,3577.5380859375,2846526,394.70671932417883,396.98717382381864,392.33316337570244,394.00860595703125,15147549
2024-06-21,3615.08724810415,3663.0743420998706,3587.7403447033967,3599.737060546875,4642195,395.59096381210924,395.87020914994883,389.58727754803,390.56463623046875,26176371
2024-06-24,3597.8473681995324,3643.425611853127,3581.3636764636767,3605.45166015625,1702154,390.9369661412327,394.61361787534224,390.9369661412327,394.00860595703125,9723008
2024-06-25,3605.6408753024607,3634.5935975227003,3582.8752747763524,3625.903076171875,1338808,393.72936061017225,394.66016859976054,390.7042715187919,394.00860595703125,10655609
2024-06-26,3631.6179924136177,3652.8248194664434,3628.3117983770853,3642.339599609375,1639845,393.72935968027775,396.89410093743857,392.8451024171962,394.6136169433594,11511714
2024-06-27,3618.865541478185,3723.7191241208575,3606.679947095457,3716.3037109375,4526556,394.6135952603717,397.6852643999609,391.96082361688974,396.1494445800781,38438054
2024-06-28,3700.8591386940006,3740.722345851188,3682.013879060851,3687.96484375,2731571,396.05635546638285,398.38336062952527,394.19476903576367,395.4978942871094,18554411
2024-07-01,3668.9307461619287,3780.113282123888,3668.9307461619287,3757.91455078125,2658723,396.8010483258212,400.47770023042045,395.2651988468778,399.3607482910156,13391362
2024-07-02,3772.4619129298726,3800.61160880511,3762.0237400230303,3794.94384765625,2307449,400.2449871714336,400.84999908994706,393.3104927215312,396.0563659667969,11177863
2024-07-03,3797.4002085008037,3803.162524946505,3735.9994588608656,3745.681884765625,1821198,396.6148682361784,399.919202771963,396.05637752597346,398.6626281738281,7435499
2024-07-04,3778.3658747158024,3823.2356509992096,3761.598747788845,3798.29736328125,2518001,400.24500559718945,401.64120289640215,397.4991322255142,399.3607482910156,9478861
2024-07-05,3787.953922306711,3803.7764231043757,3767.172130214255,3789.654296875,1668616,399.31418163243075,403.96819211066986,398.0110563385377,403.6424255371094,13427543
2024-07-08,3799.2892844506714,3808.027083028784,3757.7729794930797,3772.083984375,1758882,405.0386270748445,413.78815742675266,403.64242981653535,412.9039001464844,21311436
2024-07-09,3764.3382334203675,3785.0727479543702,3754.9865192673674,3764.810546875,1305801,416.6271172393411,423.5150613210053,413.2762319022778,421.2811279296875,27489709
2024-07-10,3763.109966642414,3781.6247453008073,3685.933998497865,3692.68798828125,2669716,422.30497440394987,423.84082376971406,415.6032042617314,420.210693359375,12065662
2024-07-11,3713.3281952652137,3759.6149115124776,3679.8884965924376,3706.432373046875,4872189,418.86102924280897,427.70366090287615,417.6509759051689,426.9124755859375,19556596
2024-07-12,3759.6151284962884,3967.386003323572,3751.3969204452933,3952.27197265625,13509164,426.912503236289,431.19419667007304,424.3062524940008,427.2848205566406,19693114
2024-07-15,4001.156311371623,4005.2180225102193,3926.8610373129627,3938.338623046875,4848030,427.2847724121332,434.1727158121033,425.5627791871847,431.3337707519531,16876907
2024-07-16,3940.9831443093085,3962.284294879995,3915.3836649055647,3947.076171875,2029521,431.3803035660824,434.4519728201184,429.47216640057155,433.3349914550781,13497253
2024-07-18,3929.6474707764414,4085.5108920932958,3929.6474707764414,4076.583984375,5613364,430.9614860880629,438.31481926756675,430.63569000741666,437.70977783203125,21907158
2024-07-19,4087.8036289679508,4126.954757675217,4057.363435693197,4073.601318359375,3903354,438.40785446446665,446.2266057465609,436.9185558631909,441.7121887207031,25939326
2024-07-22,4071.2820847406656,4090.218499814398,4038.19051447339,4059.35205078125,1896386,441.75876374646487,446.27315152086356,433.614245462781,434.26580810546875,18762384
2024-07-23,4055.233855032219,4129.748843691779,4039.421761308917,4073.554931640625,2365208,434.26580514596367,462.9810529532946,434.12618247349457,458.140869140625,56125835
2024-07-24,4059.493937233536,4108.349980054808,4041.1257072749645,4077.246826171875,1809793,461.67791921290376,475.3141836420076,456.69814231888404,459.86285400390625,43693692
2024-07-25,4066.595241107577,4112.042638447079,4046.901553853059,4092.6328125,2810342,456.09309104663214,461.6779092226846,451.11331426036946,456.04656982421875,18567567
2024-07-26,4118.670552129421,4187.2679052166895,4106.4090376287495,4154.5078125,3552210,459.86288665413383,471.35829062734945,453.6730560146967,467.4489440917969,21534703
2024-07-29,4180.213339815366,4195.362470831685,4138.553229520491,4148.1162109375,1746803,470.5205683407357,471.1721309915476,459.8628713024175,461.7244873046875,12978187
2024-07-30,4157.585718481626,4164.11869081323,4097.178262267316,4133.205078125,1797906,461.9571661211897,463.3533633251995,454.8365279309325,456.0000305175781,13891052
2024-07-31,4118.670902108038,4179.267439518362,4113.936797622856,4152.14111328125,2330091,458.373614385957,463.49301427967293,456.55854906003475,461.07293701171875,11982586
2024-08-01,4165.443127805721,4184.2847683252885,4132.919742480951,4163.265625,2202244,461.6313905239546,462.3760546322901,456.97737997103144,459.537109375,12114803
2024-08-02,4132.873162297419,4164.118251496919,4042.9251782382544,4055.281005859375,2811282,451.25298409269624,464.88922015217565,451.25298409269624,455.25543212890625,22141163
2024-08-05,4013.5736879846177,4013.5736879846177,3891.907205581687,3934.087890625,2787771,446.83163592942134,457.86164997554926,446.36621719129073,452.3699035644531,25022076
2024-08-06,3949.14268931395,4031.7999662691227,3939.532087639672,3949.37939453125,2203067,452.6026191959533,457.6754978281909,450.55485925262013,452.649169921875,14251363
2024-08-07,4003.1587050867174,4019.207504026678,3957.995163908957,3977.073974609375,1237666,456.0930950965633,461.3055960404738,454.32458063337543,458.5597229003906,11320399
2024-08-08,3958.657803185393,4006.9456644536194,3938.7745661925937,3950.656982421875,2441283,459.8163204658485,463.5395227307948,458.42009380414777,460.514404296875,21349889
2024-08-09,3992.74326394149,4027.44415336694,3981.901980990388,4003.868408203125,1302536,463.5395573573386,463.5395573573386,458.9786187546684,461.5848693847656,9556181
2024-08-12,4005.052443408008,4013.573831585472,3963.7238032102878,3972.529052734375,936912,457.95473966191645,465.4011447621894,457.95473966191645,460.37481689453125,9425644
2024-08-13,3988.956299705632,4008.839537848005,3960.5516737879557,3973.760009765625,1495593,461.6313768042684,463.39992082169977,454.4642172856773,456.0931091308594,8056478
2024-08-14,3985.1689766880017,4077.2001486736017,3965.42766940822,4066.832275390625,3226545,457.9081745197849,464.47035162635643,456.0000373291409,458.140869140625,9609981
2024-08-16,4118.670675923561,4191.575880991633,4095.0949293450403,4181.2080078125,3457058,460.2817396441816,469.31051531176115,458.55974631588987,467.8677673339844,13643352
2024-08-19,4185.894947757169,4255.249574521071,4156.87498137627,4251.2255859375,2055210,469.82246388684206,474.057606447632,465.0288306148003,466.7508239746094,10591508
2024-08-20,4265.427758595415,4322.237007322546,4260.693654534821,4282.75439453125,2212298,466.3319395570424,468.56587282373647,463.2602997527288,464.2841796875,6888634
2024-08-21,4277.736579801988,4317.503055311436,4253.639804359008,4309.455078125,1896990,465.40113299398797,473.77837539474945,464.5168757294204,470.427490234375,8801221
2024-08-22,4317.502516242781,4318.402180859588,4258.042359497642,4262.5869140625,1829872,472.7079312298726,473.3129431304896,466.7507956705184,469.63629150390625,8686423
2024-08-23,4260.6939984141445,4266.374923745363,4218.087058430003,4226.513671875,1809253,470.10172179736895,471.8702364304628,465.35463912442765,470.7998352050781,8195369
2024-08-26,4250.279233485934,4310.070883859805,4246.491949695793,4263.01416015625,1844164,470.9859714327483,472.8475874897276,467.26276881861634,470.70672607421875,8126402
2024-08-27,4265.428242149461,4270.162346746741,4248.1959164894,4257.99560546875,930697,472.42870096422115,472.47525168876325,465.40113454893714,465.9596252441406,8260450
2024-08-28,4259.509780281284,4319.869602119113,4220.263875901587,4266.42138671875,1848058,465.77346700783545,467.54201110027503,462.1433658703206,462.88800048828125,8081932
2024-08-29,4222.821074859477,4313.715878264525,4222.821074859477,4271.8662109375,2133641,463.5395558890962,472.56833161488777,462.9345144591377,470.14825439453125,19389694
2024-08-30,4260.693828489569,4348.038051973605,4249.14242918416,4311.58544921875,3637222,467.21619895900704,473.91799878978713,465.58730710072587,467.169677734375,15523349
2024-09-02,4332.652011694428,4344.013861375445,4272.055480062339,4280.6240234375,1216500,469.12436710280446,477.40850809281204,468.47280445752887,474.7557067871094,16497266
2024-09-03,4280.623781915076,4313.620577631577,4256.811332431798,4272.38671875,1717263,474.7556771661306,480.2474233336446,472.75446813038855,474.1506652832031,12481552
2024-09-04,4238.869860215786,4248.3852249914535,4200.760320366018,4241.04736328125,1265505,465.40115282136196,474.75572483416937,465.3546315948188,471.311767578125,8739052
2024-09-05,4242.704111797141,4259.746886626945,4217.281880213047,4237.9228515625,1688793,473.1733400299588,476.47770400804217,471.9633161786824,475.8261413574219,11318636
2024-09-06,4236.029645395859,4278.6365868505345,4203.8848901946485,4219.744140625,1649179,476.57078709097436,476.57078709097436,462.74837792975984,466.9835205078125,14245025
2024-09-09,4218.0871166522065,4251.462553433798,4194.890004562873,4212.9267578125,1184938,467.26274749161126,477.17578026799583,465.72692758962387,476.33807373046875,14265060
2024-09-10,4206.204473662924,4298.5195066181295,4204.310831961278,4268.12646484375,1385591,476.477687995446,479.3631543513727,473.54564141627685,478.06005859375,11332248
2024-09-11,4281.003340307267,4307.419549702135,4233.4727484543055,4241.14208984375,1325919,477.50157364424496,483.5517812694099,476.5242149395142,478.7581481933594,15497555
2024-09-12,4270.399124104948,4291.560664475195,4195.647426325353,4277.453125,2742216,479.4562685547481,484.4825963244237,473.3595101165837,483.5517883300781,19085324
2024-09-13,4289.098178257309,4305.194131685647,4265.427658509752,4282.091796875,1458786,483.55177740140044,484.0171666381423,476.57076185132354,478.2927551269531,9165077
2024-09-16,4286.258044672285,4304.2947971775275,4255.43921052289,4273.2392578125,1155120,480.20089978594154,481.2247797226006,474.4299374611518,475.7330627441406,7821668
2024-09-17,4273.238899164255,4294.589522896417,4228.501617164474,4266.04296875,1699364,475.68650794774527,478.0135131474731,471.21864144436574,472.6148681640625,10889862
2024-09-18,4257.9000607847665,4257.9000607847665,4091.2124529893836,4115.02490234375,2961779,472.7079419349947,476.94308433487333,470.1482421053882,472.2425231933594,5638729
2024-09-19,4156.590462569691,4187.031121100962,4054.0971111064046,4067.68408203125,2927551,474.7091530835231,479.1770196230398,472.38214786497383,473.08026123046875,14461616
2024-09-20,4087.330245250953,4100.396648484873,4002.6845659351775,4057.031982421875,5447908,476.5707542994241,481.5505606528095,472.8475519650138,478.8046875,24725118
2024-09-23,4071.32949426943,4080.229517445096,4026.828916076253,4041.504638671875,1702319,479.7820558718561,483.50525851039043,478.0600919826822,481.1782531738281,8105508
2024-09-24,4025.5503382140823,4062.807827087179,4014.5199689698525,4044.1552734375,3012026,481.22477807872787,481.96941266651345,478.57200629730727,479.59588623046875,7015487
2024-09-25,4026.2141547688016,4061.4832351175246,4014.5208235861746,4047.4228515625,2713073,479.8285876329136,483.3656462246209,476.85001973985106,481.7367248535156,8802667
2024-09-26,4033.457322455591,4087.2365684956953,4033.457322455591,4064.22900390625,3964251,481.82979240141503,487.50771228617066,481.2247804832943,486.576904296875,16086557
2024-09-27,4104.468587471434,4145.181886032281,4071.37701220358,4079.5673828125,3012477,484.2498800632578,491.92897929887965,484.2498800632578,486.53033447265625,17916386
2024-09-30,4058.926049161128,4070.1459682536542,4033.5038178792897,4041.504638671875,2503416,484.5756816249072,488.06618957500433,478.47892301876533,482.29522705078125,10936940
2024-10-01,4029.2437843865223,4067.30617221608,4017.3142100448013,4059.87353515625,1823365,482.2952288952036,483.78449813302376,478.4324036223028,480.48016357421875,5285319
2024-10-03,4035.917963481725,4051.4457303263985,3986.1151027516094,4007.6552734375,3350119,473.3595144685611,480.0147341646593,472.94064644228075,477.2688903808594,16481353
2024-10-04,4000.318271301223,4069.436196462167,3999.4186065272825,4026.119140625,2965463,474.70916243329543,481.5505850504167,466.8438893596582,468.70550537109375,18930962
2024-10-07,4046.6177563169667,4068.7261168182736,4004.484226222508,4045.623779296875,1472619,471.9167568584212,479.31664050572476,471.68406223740055,474.89532470703125,17114457
2024-10-08,4045.386749254377,4051.8249459382696,3980.3875920827627,4027.065673828125,1541867,474.70916262824323,477.08271861882434,470.9859601036691,472.801025390625,9868331
2024-10-09,4033.457373684306,4066.5961079751396,4020.864839579762,4026.782470703125,1082504,474.52300307966124,474.52300307966124,456.6050454275096,457.67547607421875,24874940
2024-10-10,4027.065743241721,4065.506761861307,3975.322076727874,4002.59033203125,2378875,461.07292157165,461.35216692010636,455.58117505154325,458.00128173828125,13292273
2024-10-11,3922.6788421196575,4016.3669515997326,3893.7536496314738,3928.54931640625,5759183,458.88553006277044,459.76978731576037,453.6730289927351,454.41766357421875,14949380
2024-10-14,3919.837957643063,3943.8871125530773,3902.9847329926533,3916.666015625,2137590,457.0239270306357,464.4703615554793,454.83654444829324,462.56219482421875,6970606
2024-10-15,3911.364023062213,3948.1957233726384,3877.231316907688,3897.871826171875,2759474,463.5395431890202,464.84266846423816,460.2817300009753,464.0514831542969,8347216
2024-10-16,3867.7630170426546,3896.167641402821,3850.909560357471,3877.183837890625,2359151,461.67793639321064,464.3307377203826,458.28050046536174,459.0716857910156,6939430
2024-10-17,3894.0845506582914,3910.3228978529323,3875.2902957519555,3890.48681640625,2522659,460.7471349200635,460.7471349200635,454.2315378220923,455.0692443847656,7669729
2024-10-18,3881.944647481302,3935.238244757566,3872.4533402747466,3913.313232421875,2361000,454.92962162837006,457.5358722670346,445.295833910263,453.021484375,22616838
2024-10-21,3922.3776803062365,3929.3538837407996,3862.9620049373275,3872.31103515625,1595450,453.0214708169555,453.85920685423713,444.3184618732703,450.1825256347656,7680088
2024-10-22,3859.165723179126,3881.7550819217454,3802.550165255864,3811.234619140625,1928049,450.1825341028487,454.6038499942979,447.52973276804886,448.4605407714844,12772970
2024-10-23,3796.143361546141,3904.2965301967497,3791.919544419266,3859.40283203125,1966476,447.7159128151993,449.85674470503926,446.3197155392319,447.11090087890625,10553961
2024-10-24,3800.3190972749544,3871.503895550584,3800.3190972749544,3841.98583984375,2676744,448.6466834538993,449.0190007298163,437.4770471770943,439.0594177246094,13596626
2024-10-25,3850.670942439126,3883.8430156937015,3827.5595160672574,3851.1455078125,1759676,442.8756969116362,459.3509061803578,441.38642779120835,448.9259338378906,32154050
2024-10-28,3861.9653632236445,3923.7063623671393,3844.928513292037,3882.75146484375,1532534,448.6001588146549,452.27684006531985,443.0618910761679,450.6479187011719,8946214
2024-10-29,3887.497254393904,3894.7580119042254,3853.5658302619245,3867.945068359375,1445885,451.4390938460629,455.34846963211504,447.9951367963455,454.1849670410156,7131161
2024-10-30,3867.7074369038137,3898.0796180034267,3853.517979890609,3876.866455078125,1935002,454.184973007894,459.11822877893854,452.83529700456427,457.5358581542969,6640080
2024-10-31,3862.9624053147227,3870.840237399569,3758.5580159818924,3766.578125,3740372,457.9547336726039,458.8855416729211,451.1598618201317,454.9761657714844,8111694
2024-11-01,3786.889338989994,3795.5262896074955,3773.791288560614,3781.526611328125,154895,457.0239381563187,458.04781813468816,455.4415674625382,456.37237548828125,1517892
2024-11-04,3764.5371079100955,3788.834714578836,3714.1856783834955,3762.496337890625,2269192,459.30436247116853,459.30436247116853,446.3662114156426,451.0667724609375,8754385
2024-11-05,3740.6188761258177,3783.234749379866,3740.6188761258177,3769.330078125,967590,449.5309522164633,451.48564009009533,443.94613393463237,446.97125244140625,7610046
2024-11-06,3799.9400361634475,3938.7026764053235,3773.032086197068,3929.069091796875,3792017,446.9712534416916,450.8806291977046,444.9234936170633,447.8089599609375,11749720
2024-11-07,3957.5905174928102,3991.8537654616457,3877.246463642715,3939.74658203125,3724349,448.4140231856805,449.29828047118207,443.1549711985074,444.8304138183594,9267980
2024-11-08,3943.6382119110012,3957.6378902806014,3908.1880861984155,3936.045166015625,1648039,444.83037855513163,447.43662897936747,441.7587389122067,444.9700012207031,6325023
2024-11-11,3918.201520379155,4018.903916361986,3908.1879134815194,3985.115234375,1406487,444.9700163904902,448.18127880846396,441.2933647379613,443.9461364746094,5700343
2024-11-12,4001.5350272065516,4003.4332886046573,3952.51251928902,3983.881103515625,1587640,444.5511987476186,444.8769653271345,438.54751214101316,440.1298828125,5236095
2024-11-13,3965.5632315109633,3983.264427096759,3920.9063521955636,3939.224853515625,1098813,437.5236321065983,441.8518465898786,435.84818948406627,439.52484130859375,11548660
2024-11-14,3924.655300859059,3948.383567490613,3907.049112395529,3935.000732421875,1825432,438.5940712100893,440.22296313830753,430.2633791633469,433.70733642578125,12087836
2024-11-18,3998.687803877484,3998.687803877484,3787.2214288591285,3815.031005859375,3313944,433.7538681362016,435.42931071742356,430.03066567791126,434.26580810546875,8448573
2024-11-19,3815.410720482754,3921.950650276649,3809.9059473493503,3834.061279296875,1776233,435.6155089819328,440.96760360254876,433.9865875323155,435.0104675292969,7121472
2024-11-21,3839.1386042394874,3884.2698145282143,3819.3018656674813,3865.6669921875,2384347,429.09984555266027,431.9387906655465,423.88734455857747,425.5162658691406,20313155
2024-11-22,3863.910997095229,4038.5037710047804,3847.7757755401767,4028.68017578125,3096553,424.631975165262,443.5272615925996,423.98041254708403,441.8052978515625,20214206
2024-11-25,4062.2789294271743,4107.932203542215,4035.8932843747857,4095.593505859375,4052167,445.85427840836786,448.83284624094614,439.7109988473268,443.8065185546875,14427013
2024-11-26,4101.240893559863,4144.47407361588,4090.7531850402665,4131.28125,2060669,446.7851008259381,449.25172877480986,441.29338372266824,443.9927062988281,6791715
2024-11-27,4137.2131813248125,4154.724363536381,4104.088151292946,4112.15576171875,1558993,444.4580764325498,446.878183051745,440.2694848220805,443.9461364746094,7339184
2024-11-28,4099.295770199878,4119.180245085127,4017.670524486243,4028.965087890625,2558544,443.99271290031436,450.322166155722,437.9890262279885,442.03802490234375,14967609
2024-11-29,4005.3313403533516,4080.028107836073,3982.219916352583,4053.5947265625,2017425,440.4556457729167,445.7612189514994,439.897155069963,443.760009765625,8668142
2024-12-02,4052.7879830735096,4070.0623467391047,4014.87002722247,4059.099609375,1670944,443.061911581005,446.1335515529355,440.6418342849228,444.1788635253906,5689595
2024-12-03,4094.882568586282,4104.990718939741,4048.4701650537613,4083.87255859375,2010905,433.75385818828863,440.641801753041,430.72873966665543,439.8506164550781,23073942
2024-12-04,4094.1224503683907,4163.789012881952,4070.8687487593297,4132.89453125,3302642,441.5726121335174,445.10964113217466,434.1261778472117,434.7777404785156,13957078
2024-12-05,4176.933797590591,4260.647302659025,4138.209454130842,4236.96630859375,3746747,435.1966056549393,440.0367598846573,430.49604459546777,435.1500549316406,27432375
2024-12-06,4226.4788315167725,4237.868399443609,4188.276322428843,4219.3603515625,1842087,437.4770547274369,442.0845437835551,435.33622297900996,438.5474853515625,7842234
2024-12-09,4205.07650413352,4242.0448686697655,4190.934085246633,4225.67236328125,2066639,438.8732783278562,439.3386970836674,430.9149332516241,432.7765197753906,12154116
2024-12-10,4200.994504227562,4265.203099559396,4187.659404066042,4207.06884765625,2087828,433.14884089608387,434.1727207984002,430.5891116404687,433.2419128417969,9163636
2024-12-11,4206.405086397892,4222.350297163338,4182.819095248504,4202.22900390625,1635256,434.8708208734233,435.801628864771,432.543815644967,433.0557556152344,7005617
2024-12-12,4204.696352489294,4256.851270827812,4200.852558457947,4228.330078125,1914642,433.28847754716475,435.5223813153135,427.37786305689633,428.7275390625,13380617
2024-12-13,4209.348037802869,4266.248154048947,4170.860503868272,4246.31640625,1967048,428.1690601754377,441.5726306530016,420.39685899742756,437.4770812988281,32976794
2024-12-16,4232.1737900519,4247.359881247422,4173.327686669254,4190.60205078125,1646224,437.7097825910721,441.572637375938,435.6155014062847,437.5701599121094,9354160
2024-12-17,4185.666159565598,4207.44889332409,4098.346139910261,4108.31201171875,3225027,437.47709558325016,442.8757409311339,431.0080195112737,437.0582275390625,20608409
2024-12-18,4092.366754522636,4140.107840205238,4071.3908747482337,4126.677734375,1575404,439.99023417228676,441.0141140758129,434.59155981753815,437.9424743652344,12841386
2024-12-19,4064.177621267067,4142.006337975124,4045.1950074358338,4054.59130859375,3015763,436.5462626049631,441.52606912403894,433.10230549351394,434.26580810546875,15161531
2024-12-20,4108.7866456248585,4159.090570831168,3941.2650833812017,3958.159423828125,4116989,434.21927834206105,435.1035651496871,427.51750769365964,432.497314453125,20231570
2024-12-23,3986.39622640784,4002.484177211474,3905.5778396822147,3946.77001953125,2195338,438.5940686151742,444.6442765268234,435.2431538258243,441.4330139160156,19562956
2024-12-24,3946.77033195685,4003.43362482616,3946.77033195685,3966.89208984375,1181886,442.0380117336406,447.01778878263576,439.94370111964736,445.34234619140625,12009880
2024-12-26,3966.8916181900954,3986.301525685132,3932.3906257955578,3957.020751953125,1208464,447.2970215629146,448.50707487251225,443.06187922906,443.9461364746094,9188830
2024-12-27,3951.2310760757846,3968.2681573970385,3936.2822676568094,3952.987060546875,858100,446.55242536015504,448.55366414032335,443.06191730157735,445.48199462890625,16906420
2024-12-30,3939.8415947124545,3985.684422832016,3902.825496858013,3947.24462890625,1527169,447.48321420762863,448.1347768639311,443.0618982898495,443.9927062988281,13578360
2024-12-31,3924.655496583325,3929.353878987766,3826.9425360658684,3886.50048828125,1555429,445.34234180784205,451.1133336206923,441.7122113126057,450.1825256347656,13787501
2025-01-01,3886.1208416217773,3923.706511928217,3877.62616777211,3903.2529296875,763161,452.36992927745524,453.1611146274063,448.786349339299,450.4617919921875,18931186
2025-01-02,3910.4184830195177,3970.2137171045247,3888.541205767093,3963.33251953125,1720835,451.7649051388864,456.09311958375633,448.92595990090587,455.2088623046875,27131131
2025-01-03,3967.3187611479693,3967.3187611479693,3884.127322418678,3891.340576171875,1791953,456.3258002607226,457.02391361750296,446.645462212376,448.2743835449219,38500784
2025-01-06,3896.6560578175076,3938.5600852002444,3859.5449550545113,3886.690185546875,2085593,440.4058897359901,446.35078327762176,426.53445180563205,427.88775634765625,22009958
2025-01-07,3905.6256161656233,3929.7334436078268,3807.4853613249484,3823.38330078125,2669054,430.6427208727847,432.6726924603659,425.4711357210362,426.38946533203125,14294780
2025-01-08,3829.6473413152235,3916.113240154538,3813.3698426153405,3899.408447265625,2181277,428.2260697173429,436.97424286310576,422.5228390228783,434.5576171875,13482926
2025-01-09,3892.384862598553,3927.265414585994,3820.5357175020263,3833.396484375,2392472,434.4126274415429,445.2874430291975,431.17434312214294,435.08929443359375,19732649
2025-01-10,3986.3490838137277,4078.41476503514,3957.875161786487,4048.659423828125,7894300,434.94431534989513,436.92593666981674,427.74275879733165,430.0627136230469,9145729
2025-01-13,4029.0596808346854,4103.044601693763,4012.3548884093498,4072.814697265625,4003771,420.4928844446885,429.19273722630277,420.4928844446885,424.4078063964844,17799607
2025-01-14,4083.1605246383615,4094.4550879803073,4004.4299428133863,4017.7177734375,3441709,426.29277561702855,426.77610075945154,421.3145325500375,422.0395202636719,18048459
2025-01-15,4003.4334017642514,4039.9276635514543,3993.4202579833063,4033.426025390625,1653474,422.0395386220168,427.066102621971,420.8312257133989,422.7645263671875,9786805
2025-01-16,4043.2968742708517,4075.567318807286,3978.613708278282,3992.328369140625,2637705,423.4411141911693,424.79444808982385,416.72291290775513,418.41455078125,15774070
2025-01-17,4020.939449433567,4021.616254890533,3963.0886298542596,3986.528564453125,1761466,418.5595763145332,427.0660870817343,418.0762511686735,425.51947021484375,11270061
2025-01-20,4007.3105183689017,4007.3105183689017,3932.2063483825796,3941.582275390625,1287799,424.35947781685184,426.48612025732217,421.4595269433882,423.10284423828125,8742771
2025-01-21,3958.497734138814,3973.673232978695,3895.3790145716716,3901.03369140625,1971591,423.39282913963933,432.09268179319355,420.7345408288311,422.95782470703125,15686500
2025-01-22,3914.7108496617475,4024.0810102403266,3909.1045498898884,4017.75,2409223,425.2294579278358,427.2111087280882,421.99117354679964,422.4261779785156,9619648
2025-01-23,4028.7691913739204,4051.339285916404,4001.7526640783626,4006.97265625,1822998,420.49287689797217,427.1144372962157,419.6228975353898,425.51947021484375,8888248
2025-01-24,3966.9071126772737,4038.4351649039104,3966.9071126772737,4013.64208984375,1910099,424.74612978757085,430.15937728937985,424.40779628749044,426.8727722167969,9665384
2025-01-27,3964.973867046099,4017.5084152856,3906.0599315038703,3929.354736328125,1551782,426.09942801772166,430.15937095928996,421.9911643624925,425.42279052734375,10480203
2025-01-28,3934.816117007367,3964.9738425768846,3893.735817565749,3905.3349609375,2468272,425.32613404915026,427.06609279760266,420.00955737353587,420.9278869628906,20813072
2025-01-29,3918.577051208912,3970.6282985895587,3918.577051208912,3962.846923828125,1217089,421.4111847122362,422.90948078709505,415.7562748977468,418.89788818359375,15158510
2025-01-30,3962.943972286711,3991.941831258984,3922.927021299046,3963.0888671875,1531251,418.55960015677164,423.3928518906835,417.0613039191899,421.65289306640625,22496695
2025-01-31,3972.7066328908318,3990.5405047390313,3948.7833995175843,3975.0263671875,1492943,421.94286574038716,433.2526863127406,420.5895611889515,432.5760192871094,13546181
2025-02-01,3975.6063179805924,3997.741255116248,3920.510387972108,3937.08740234375,437172,433.05930484973186,455.775585349662,424.8910985721678,447.1240539550781,30393007
2025-02-03,3896.2488211358454,3940.8089579536745,3865.1245003058734,3932.73779296875,1265713,446.59243971426656,449.68573248191484,437.21591998094135,439.19757080078125,16991730
2025-02-04,3947.285122132378,3981.2610880254483,3930.2248097290194,3969.85498046875,2547132,442.7258148273928,444.9974488165376,433.78430000828064,439.9708557128906,18923681
2025-02-05,4011.370107415666,4011.370107415666,3939.8420621268083,3954.437744140625,1693912,439.9708671159242,440.64753410889205,431.6093481304944,433.2043151855469,12836283
2025-02-06,3968.259986916976,4001.2209788539626,3916.2089750568643,3946.36669921875,2284536,434.9926473462472,434.9926473462472,423.5861852824319,426.38946533203125,17469129
2025-02-07,3953.374842814853,3953.374842814853,3874.1140268953372,3894.799072265625,1548940,425.32610601162634,430.64268233677166,414.1129573168095,416.48126220703125,18875982
2025-02-10,3905.044842421511,3916.6439855178123,3880.2517684472346,3902.0966796875,1339511,412.7596610777305,418.84954591665235,412.2763359476629,412.9530029296875,12227140
2025-02-11,3884.1662899452554,3905.044841909931,3822.8842449885587,3831.148681640625,1810908,414.4996202235818,416.1912581807673,403.5764840713996,404.34979248046875,14288751
2025-02-12,3838.446403733592,3887.4043576304402,3808.5300926433138,3818.196044921875,1678002,405.6753937562897,406.3136281355489,400.2258148708563,402.48419189453125,13884574
2025-02-13,3835.4498547512626,3851.3502990135694,3771.89621867518,3779.5322265625,2277310,402.5333188714483,406.46095206462076,401.60049400188456,402.287841796875,12989029
2025-02-14,3793.886656483722,3816.1183489930536,3769.7217733214056,3803.40771484375,1681975,404.30071268308313,408.6702162817502,401.01131412778494,402.8278503417969,14124236
2025-02-17,3727.674715397498,3802.585849960782,3727.3846896150562,3774.0712890625,1799806,402.3860051226291,403.95706437920165,399.39119682530554,401.2077331542969,11975265
2025-02-18,3768.1750490618683,3793.3065270348457,3735.4075625604055,3743.81689453125,2149879,400.6185827614127,403.4170273840887,396.69094959708514,397.9183349609375,12998403
2025-02-19,3742.850263486918,3745.508400554833,3642.2759755929487,3657.693359375,4366672,397.4764566403701,401.40408972956527,397.1818961448654,399.0475158691406,7079032
2025-02-20,3635.848185178673,3661.4629603766616,3625.988960412709,3653.150146484375,2888572,392.71423117033765,396.5927509227199,389.03207509597695,394.7762145996094,15355585
2025-02-21,3649.960829636532,3689.494485426881,3648.897480347518,3659.530029296875,1833931,394.7761916445472,395.9544935060131,391.9777771631228,393.6470031738281,8240986
2025-02-24,3618.1109478843173,3637.491230016548,3547.4045991108223,3552.817626953125,2508516,392.7633170048975,396.10179920634647,391.53593163925717,394.6289367675781,7037625
2025-02-25,3503.90809636369,3535.8057424823114,3500.2833638502107,3508.30615234375,4101954,394.7271291352976,399.63667054245303,393.25426671315097,397.52557373046875,15760891
2025-02-27,3491.0520789257853,3516.4735816470966,3480.419530987875,3491.873779296875,3823856,397.525552328783,399.1456949128277,392.2723373128528,394.3343505859375,19051003
2025-02-28,3465.195760859545,3479.743067268356,3341.5199398740847,3366.89306640625,7085018,391.7813927759098,395.218071659909,385.1044286446103,387.853759765625,31954776
2025-03-03,3368.584826957939,3405.557099448941,3360.03036363457,3376.365966796875,4990439,388.7865980194929,391.78140630708367,384.12253365869424,390.25946044921875,10702826
2025-03-04,3357.951843598488,3432.379676631615,3348.5759170238152,3414.062744140625,2797737,388.2465194896839,390.01397233458835,385.7426654162302,387.70648193359375,13404774
2025-03-05,3403.2370189380595,3480.081342184221,3403.2370189380595,3428.561767578125,2501894,387.3628037989018,405.2826293231856,387.3628037989018,397.721923828125,15665018
2025-03-06,3438.1793081878077,3488.877181911339,3417.9775618337376,3481.28955078125,2786513,401.747764542559,402.28783207284374,393.3033473882626,398.3601989746094,17869996
2025-03-07,3479.743027656133,3503.9079097926337,3454.998093954285,3490.56884765625,2051315,396.2490690334906,398.50747602613745,394.432562712498,396.5927429199219,11180761
2025-03-10,3486.0259949428714,3501.1049762137254,3462.9244613654673,3469.73876953125,1004626,393.7943018882363,399.489387865199,393.1560675022779,397.6728515625,9785018
2025-03-11,3439.146018462038,3468.8688234276665,3419.4757100500633,3455.8681640625,1995450,394.23615458392493,401.01131538193874,393.94159410093084,398.85113525390625,11099475
2025-03-12,3445.912267227522,3450.020297279617,3370.3729384283747,3389.076416015625,3174167,399.0475152195476,405.8226762942879,396.69094136295917,404.93896484375,13844306
2025-03-13,3385.306695598729,3406.5717917540665,3367.714708703622,3393.764404296875,1693004,405.5281006874954,406.90276622215737,400.8149531499511,404.59527587890625,8196569
2025-03-17,3372.450776071524,3412.516101378981,3361.1900359739784,3380.860107421875,2690906,405.5281132753817,408.719315135297,399.63666368784595,400.5694885253906,5257805
2025-03-18,3380.860107421875,3380.860107421875,3380.860107421875,3380.860107421875,0,402.5823808619056,404.4971139277993,400.37308730839516,401.69866943359375,13861897
2025-03-19,3428.5135286476893,3428.5135286476893,3347.077874633433,3380.280517578125,3051244,402.5823921632704,403.31882336844717,395.3162769319527,395.75811767578125,12830387
2025-03-20,3394.68252652922,3459.3960314822807,3394.68252652922,3444.123779296875,2845192,397.6728373693795,399.2929799729773,394.62891583099076,396.641845703125,16994037
2025-03-21,3358.9186380800415,3495.450223009194,3349.252685164703,3458.57470703125,4161925,398.60567790903195,400.12762375553666,394.4325677226245,398.212890625,25302035
2025-03-24,3479.743186623358,3527.8313042718337,3447.458997008205,3507.72607421875,1834751,399.6366587789359,405.38082804931764,398.2619932184889,403.4660949707031,14362572
2025-03-25,3523.2398747468987,3586.0685693582973,3516.473707634902,3535.56396484375,3135390,404.5461964506968,407.73739824308706,401.3059112323006,402.385986328125,20338110
2025-03-26,3525.897934373459,3557.553929809202,3504.7295921250025,3514.34716796875,1734499,402.8769581468943,403.76069957751406,398.90024157095667,399.9803466796875,13891436
2025-03-27,3494.0970689111577,3540.638537603521,3489.892285017066,3529.232666015625,2528474,400.6185794021223,403.2697437519979,398.3110889443362,402.0423583984375,18642328
2025-03-28,3529.0391458412178,3538.656721076703,3471.9132739836596,3485.687255859375,2051919,403.46610258111434,408.08108344123156,400.7658548357284,402.3369140625,12981873
2025-04-01,3453.354865404157,3464.277439125219,3407.248318336048,3432.1865234375,2618493,402.38600438126315,406.90278849853894,398.2620075515041,399.2929992675781,15206240
2025-04-02,3425.6135625063594,3445.0422214056125,3412.129605979645,3425.565185546875,1764313,399.685750106513,402.5823914949175,398.7038418345742,401.6495666503906,8001323
2025-04-03,3374.3842427691143,3385.0167912281404,3282.702582798802,3289.46875,4537821,399.68573475414075,402.7787696643111,399.34209084453187,401.99322509765625,7059566
2025-04-04,3250.2733357697866,3286.085501586113,3185.414699028632,3189.184326171875,5317367,400.12763155444486,405.3317335492131,397.1819066595655,402.287841796875,18627592
2025-04-07,2996.445205771086,3181.4514379526936,2953.963392712106,3164.68115234375,6623955,383.09149195819776,400.71675676567065,383.09149195819776,398.7038269042969,26762866
2025-04-08,3191.7458179951013,3237.1274167268007,3146.5574911118592,3182.94970703125,5557558,404.4480082967242,408.2774445365288,399.88214085828554,405.08624267578125,18600796
2025-04-09,3151.63239491897,3160.766673429551,3104.7525222396634,3138.1484375,2990265,405.52811678460984,411.4686498505965,403.8097773067089,408.7684020996094,21785572
2025-04-11,3179.6636391398747,3188.749540631033,3098.904554048043,3123.552734375,7108961,412.40145511407445,414.8071422550909,409.4557304346882,413.92340087890625,8939356
2025-04-15,3203.683386247662,3203.683386247662,3130.415650876791,3139.69482421875,3512160,421.4350305010776,421.4350305010776,411.4195544215754,412.7942199707031,11685880
2025-04-16,3139.6947635283577,3168.596104196088,3121.136181217996,3164.439697265625,2384391,410.4376454249374,418.3419947920321,410.4376454249374,416.7709655761719,13034594
2025-04-17,3137.08483655699,3193.244114128983,3110.5034675829284,3188.700927734375,2932346,417.3110006565654,420.10944512464874,413.92340525328643,419.5202941894531,22410217
2025-04-21,3180.195072407739,3241.960413439671,3174.3955010062373,3210.642822265625,2432946,420.3058257121206,421.336847381582,413.87433848811077,415.1999206542969,27388236
2025-04-22,3211.6096198122023,3222.531957851611,3184.931495290658,3203.683349609375,2710498,418.24383985184426,426.9337040743589,415.88723603001415,425.75543212890625,32031936
2025-04-23,3252.593171873855,3306.625754540036,3225.818529364827,3298.98974609375,3543923,428.3083909152653,429.53577622856506,421.0913592799704,423.05517578125,19566317
2025-04-24,3287.487161364933,3298.5062526941524,3274.534643572778,3287.970458984375,2252175,424.0370755980093,428.16107218939527,421.53319162940176,422.2696228027344,26064089
2025-04-25,3305.7558885472554,3361.625143451318,3291.256959211522,3332.820556640625,2742991,422.2696267928269,424.87170760222523,415.6417461702055,420.0603332519531,22944377
2025-04-28,3320.2546435993536,3342.2930622298845,3291.2567864500143,3328.470703125,1593296,418.9311396302756,422.71149230249586,417.06551998951244,421.042236328125,6287095
2025-04-29,3339.5865365145787,3378.250345909827,3315.808199342435,3356.501953125,1578332,421.14043560056143,421.82778335059663,417.31099948077133,418.29290771484375,11189930
2025-04-30,3356.018573547744,3392.652437661013,3253.5594811525652,3338.329833984375,2809332,419.6675863161336,421.5332060258665,414.3652876801437,418.0965270996094,10026546
2025-05-02,3356.0188344779217,3374.867442563267,3305.755879583667,3316.388427734375,1721761,416.42728530446215,423.69340019536935,416.42728530446215,421.7295837402344,9263372
2025-05-05,3334.753505470742,3387.4329449049897,3331.27366828836,3338.909912109375,1284443,422.4660329307672,430.56677615372786,421.5823214813549,429.0448303222656,11525305
2025-05-06,3344.419921875,3356.9856614658597,3322.1882287527096,3344.419921875,1324763,429.5848686129065,431.69596540271175,425.16628139288804,427.6701354980469,15026568
2025-05-07,3306.335993163342,3343.936456116555,3306.335993163342,3330.017578125,1477128,425.5590249840726,427.13008416028316,421.9259824773884,423.3497314453125,9710361
2025-05-08,3332.820588313161,3360.851851961966,3314.1652518601954,3333.6904296875,2543591,421.2386332122387,423.6934038020536,415.88722134025767,422.8096923828125,19937960
2025-05-09,3285.457254527544,3331.0805031274213,3284.5874131966707,3325.377685546875,2531757,418.24384137926455,421.38592987740896,415.34719998420627,415.8872375488281,8226512
2025-05-12,3387.916425868549,3509.22413241534,3385.209911911905,3499.46142578125,2228678,421.7296134519522,428.3084110263286,420.40403125825395,427.6210632324219,8031891
2025-05-13,3499.461570957545,3501.9748131612287,3393.232840630001,3397.58251953125,3062887,427.0318966442069,430.026734819032,417.654684739414,420.1585388183594,14976369
2025-05-14,3403.3820953219624,3442.0459078220697,3391.396407841002,3430.15673828125,2119499,419.3730364482981,424.0371008235316,418.1947345146855,421.33685302734375,9557309
2025-05-15,3444.945682102287,3479.7431132346333,3396.712670565691,3460.314453125,3548330,421.3368389928473,427.52284902460343,418.2929174036252,424.8226013183594,24263510
2025-05-16,3473.84680313206,3473.84680313206,3427.6437359304055,3442.3359375,1666727,427.03189925490824,428.3083979810754,424.2825680939457,427.81744384765625,16402035
2025-05-19,3431.4130953260615,3431.4130953260615,3386.6596886040716,3401.25537109375,2537377,427.1300810084491,430.56675982116076,424.822590669679,427.4737548828125,7543854
2025-05-20,3413.82137266364,3439.1461226598826,3377.2840226457647,3381.4404296875,2038374,429.09390418210114,432.82514353663043,425.068074374028,427.0318908691406,9868414
2025-05-21,3390.8162851170264,3418.8475485914832,3381.4403579795026,3408.021728515625,1440153,428.70116612622536,430.27222538595333,424.184381991556,425.1662902832031,5776672
2025-05-22,3378.2502763697153,3380.956790168703,3336.0101126719387,3360.8515625,2034383,425.1662742449478,425.1662742449478,415.248994880322,418.39111328125,19451749
2025-05-23,3360.851966080111,3416.9144952813326,3349.8328737001534,3397.196044921875,1274331,426.14817819915925,431.05771942265187,421.2386369756667,428.40655517578125,18536884
2025-05-26,3403.3819012793415,3426.5801874567637,3392.8461073678304,3419.137451171875,967470,430.32130894917486,435.5254109103499,428.8484465112427,434.8871765136719,13107662
2025-05-27,3414.014574749619,3421.747337093333,3366.7481593177404,3381.826904296875,2467680,434.8871621282408,436.1636608448351,423.0551795877558,426.04998779296875,26986022
2025-05-28,3402.4152283668,3411.114585484783,3376.31715701285,3380.860107421875,1222933,417.70001220703125,422.6000061035156,413.0,420.20001220703125,431851622
2025-05-29,3387.626457620242,3414.4978538154573,3370.034470581059,3381.2470703125,3188072,422.0,422.79998779296875,416.6000061035156,418.75,21478547
2025-05-30,3373.4175839622008,3389.5596782127777,3337.7503119241223,3347.7060546875,3404365,419.1000061035156,420.04998779296875,416.3999938964844,418.04998779296875,30656239
2025-06-02,3334.7538187399196,3344.4197718377163,3304.4028204069105,3334.560546875,1877585,418.29998779296875,420.45001220703125,414.54998779296875,419.29998779296875,14973380
2025-06-03,3330.8873298742683,3357.468700034321,3286.9072447003623,3291.4501953125,2848125,419.0,421.70001220703125,415.6499938964844,416.95001220703125,13216486
2025-06-04,3304.9078969735056,3310.56402774214,3286.379348716646,3297.0087890625,2544807,417.1499938964844,419.0,415.95001220703125,417.0,12598933
2025-06-05,3324.4116310325603,3324.4116310325603,3280.2356236372652,3287.4521484375,3584683,418.5,420.95001220703125,415.75,419.1000061035156,13212523
2025-06-06,3287.4520036268846,3306.7605099618336,3275.359545608902,3300.226806640625,2070390,420.29998779296875,421.29998779296875,419.0,421.04998779296875,8774988
2025-06-09,3315.634960419095,3348.791310023286,3306.760665733127,3336.991455078125,1718678,422.0,423.6000061035156,420.5,423.04998779296875,10473123
2025-06-10,3354.642197095073,3399.305794893864,3338.259013167141,3376.973876953125,2419874,424.5,428.54998779296875,423.04998779296875,427.0,13041075
2025-06-11,3383.897728850111,3402.4262754922297,3363.516422776853,3385.75048828125,2847013,428.0,428.1000061035156,424.8500061035156,426.1499938964844,20789182
2025-06-12,3385.7505745896515,3388.481144938844,3338.259030391803,3348.986083984375,4060134,427.0,427.20001220703125,419.54998779296875,421.0,18508835
2025-06-13,3309.003383077588,3364.881627257479,3309.003383077588,3360.20068359375,2178493,415.0,419.3500061035156,413.5,413.8999938964844,17873926
2025-06-16,3354.6425898751086,3421.9304790324873,3341.18496442709,3409.545654296875,1934088,414.95001220703125,418.8999938964844,413.25,418.20001220703125,7006629
2025-06-17,3422.905193528652,3432.6570601768817,3401.5487008021014,3428.07373046875,2111940,418.1000061035156,419.04998779296875,415.70001220703125,417.3999938964844,9028406
2025-06-18,3431.7796073253016,3450.2105407013996,3357.665418209048,3365.75927734375,2696327,417.0,418.45001220703125,414.8999938964844,415.8999938964844,8036215
2025-06-19,3364.394161188714,3365.3693479021017,3328.3122527933565,3339.039306640625,2672768,415.6499938964844,418.25,414.79998779296875,416.0,12601006
2025-06-20,3340.0145242959966,3360.786049100129,3326.2642962767654,3350.448974609375,2351248,416.0,419.5,416.0,418.54998779296875,13203184
2025-06-23,3330.2626997221478,3340.014567071261,3286.3792966511382,3309.393798828125,3123421,417.0,417.5,411.75,413.8999938964844,14839890
2025-06-24,3349.376392565029,3356.690292940616,3298.081476031171,3306.27294921875,3403048,416.8999938964844,420.6499938964844,413.75,414.3500061035156,16690068
2025-06-25,3322.7537403887272,3364.3941654870573,3315.634829755361,3359.3232421875,1757699,416.3999938964844,418.1499938964844,415.1000061035156,416.3500061035156,9946718
2025-06-26,3359.3232652421043,3365.759354753242,3330.555256962972,3356.397705078125,2879106,417.20001220703125,420.8999938964844,416.25,420.29998779296875,13703918
2025-06-27,3369.2703330730474,3380.387367158931,3345.8658502962735,3355.71533203125,1778433,421.0,422.0,417.79998779296875,418.6499938964844,21409935
2025-06-30,3354.544471150048,3378.924137465807,3344.890218522079,3376.09619140625,1468351,419.79998779296875,420.75,415.79998779296875,416.45001220703125,12317124
2025-07-01,3369.2699264830403,3398.525526423559,3328.7996798986564,3344.59765625,2375183,417.0,418.8500061035156,414.8999938964844,415.1000061035156,13670465
2025-07-02,3400.671024568939,3403.3039810516498,3335.1385257152824,3338.356689453125,3090585,416.8999938964844,416.8999938964844,411.70001220703125,412.95001220703125,15990899
2025-07-03,3344.8904436190446,3350.058980842342,3313.294489180619,3316.4150390625,2531870,414.0,416.0,411.25,413.3500061035156,14185298
2025-07-04,3323.4363525656718,3341.964900305915,3305.980605453995,3334.943603515625,1109320,414.8999938964844,415.0,411.75,412.54998779296875,8256733
2025-07-07,3333.480761079366,3341.0872649943594,3323.826269850942,3327.04443359375,1639174,413.0,417.20001220703125,412.0,416.1499938964844,6845218
2025-07-08,3320.5107317732236,3340.0144658805552,3309.1984707578945,3321.680908203125,2325242,416.1499938964844,418.1000061035156,414.6499938964844,417.20001220703125,6807192
2025-07-09,3325.3867588452995,3329.2875057764963,3283.4537293349335,3299.8369140625,2034938,416.20001220703125,420.29998779296875,415.45001220703125,419.45001220703125,9930533
2025-07-10,3296.1311694956757,3314.659717489882,3272.7266878187834,3298.08154296875,3035012,420.29998779296875,420.29998779296875,416.3999938964844,416.8500061035156,6220360
2025-07-11,3218.0184502225306,3252.247598137654,3180.1813972680684,3184.959716796875,7635550,417.0,418.04998779296875,415.5,416.79998779296875,8578844
2025-07-14,3184.9597625910983,3190.8108827918168,3120.5974403831947,3142.734130859375,3924009,417.04998779296875,419.95001220703125,416.54998779296875,419.3999938964844,6896989
2025-07-15,3126.448660244279,3178.523536457564,3126.448660244279,3171.599853515625,2590889,420.8999938964844,422.3999938964844,419.0,422.1000061035156,8532755
2025-07-16,3157.607249475903,3175.1222359666176,3151.344969328223,3163.576171875,2540733,422.1000061035156,425.45001220703125,420.29998779296875,424.6000061035156,9780773
2025-07-17,3154.7696780470374,3172.2846643823304,3135.199754145851,3140.18994140625,2947640,425.79998779296875,425.8999938964844,423.0,423.95001220703125,7240795
2025-07-18,3155.6502438038765,3159.3685771406017,3118.46738821797,3121.304931640625,3432645,425.20001220703125,425.20001220703125,420.1000061035156,422.75,6730256
2025-07-21,3121.4030943290218,3128.83976152069,3084.2202361520617,3090.286865234375,3844346,422.0,422.75,418.3999938964844,420.1000061035156,4822343
2025-07-22,3091.65673828125,3111.7159107005,3086.764257203384,3091.65673828125,3198036,420.1000061035156,420.3999938964844,415.20001220703125,416.0,9869507
2025-07-23,3091.6566291573,3113.5748480562365,3089.6996367952283,3110.7373046875,1922875,417.1000061035156,417.8999938964844,414.0,414.95001220703125,12196187
2025-07-24,3097.0385335433134,3105.4534578423713,3072.478182452152,3080.30615234375,2934778,415.8500061035156,415.8500061035156,409.45001220703125,409.95001220703125,9005157
2025-07-25,3072.4780444334683,3089.014534530361,3058.3877948178133,3068.368408203125,2568917,410.0,410.25,407.75,409.3999938964844,5824089
2025-07-28,3043.12328264916,3050.9512525080645,3003.885488175128,3013.08349609375,3374473,410.79998779296875,410.8500061035156,408.6000061035156,409.8999938964844,8123337
2025-07-29,2994.1984086760676,3007.8973556438664,2975.802632112602,2990.284423828125,4785312,410.0,411.3999938964844,408.0,408.45001220703125,6811772
2025-07-30,2994.1983151611034,3003.0047807939304,2981.673516260727,2987.93603515625,2880121,409.0,409.29998779296875,405.75,407.6000061035156,10915863
2025-07-31,2976.2918502873677,2994.0027271024683,2950.166049468222,2971.497314453125,2968371,405.95001220703125,414.0,405.54998779296875,411.95001220703125,19364174
2025-08-01,2964.7455243430377,2971.4972914199097,2935.488583681943,2938.424072265625,2053847,412.3999938964844,419.3500061035156,411.79998779296875,416.45001220703125,14324065
2025-08-04,2944.392964480288,3013.181055141491,2927.2692812506943,3008.28857421875,2519252,420.20001220703125,422.5,415.1000061035156,416.8500061035156,18352458
2025-08-05,3008.2886143717656,3011.322048140622,2976.5854331255146,2998.014404296875,1927996,417.20001220703125,417.95001220703125,413.0,414.1499938964844,8495104
2025-08-06,2997.1337788834585,3000.8521121202134,2960.9294204705666,2967.093994140625,1487081,414.1499938964844,415.0,410.5,412.0,9080543
2025-08-07,2951.1446440658847,2985.9792055799644,2946.154217712285,2981.47802734375,2543076,412.0,414.75,411.6499938964844,413.6000061035156,11514878
2025-08-08,2982.5543093380406,2994.002666894786,2959.9509519667536,2971.105712890625,2762140,413.8999938964844,415.3500061035156,412.95001220703125,414.5,9814361
2025-08-11,2971.105606429514,2984.3153044195046,2956.3304579380692,2975.4111328125,1884215,414.5,417.0,414.0,416.8500061035156,8514272
2025-08-12,2975.6068714078456,3029.8154640054736,2961.809979769089,2970.127197265625,3358232,417.0,419.79998779296875,415.29998779296875,416.3500061035156,13635738
2025-08-13,2970.812449963036,2978.9337774241835,2963.473728360306,2970.91015625,2148166,417.20001220703125,417.5,413.6000061035156,414.1000061035156,10874910
2025-08-14,2968.757439673081,2990.1864106721328,2954.1779420022144,2957.30908203125,3342174,414.25,415.04998779296875,411.0,411.45001220703125,9580361
2025-08-18,2980.988718063058,2983.434958599791,2938.815435653507,2946.44775390625,2945609,413.0,413.70001220703125,404.8500061035156,406.29998779296875,30950814
2025-08-19,2946.4476070609903,2959.950901928915,2946.349900778797,2951.340087890625,2650784,406.3500061035156,409.3999938964844,404.5,409.1000061035156,16681331
2025-08-20,2946.1539583708727,3036.664852119672,2946.1539583708727,3031.96826171875,4952358,409.1000061035156,410.25,405.45001220703125,406.04998779296875,18188129
2025-08-21,3062.693270119804,3062.693270119804,3016.801891436903,3035.882568359375,3230726,406.04998779296875,406.8500061035156,403.3500061035156,405.54998779296875,15028966
2025-08-22,3019.639270954844,3029.1306363096523,2984.4134077810354,2988.327392578125,1593791,406.0,406.5,397.5,398.29998779296875,13087624
2025-08-25,3020.9115315912086,3084.220191422538,3010.9309175823823,3073.0654296875,3448370,399.0,400.54998779296875,396.25,399.3500061035156,10440286
2025-08-26,3061.7145608480614,3094.0049349317896,3052.9080951888627,3089.30810546875,5522097,399.29998779296875,405.3999938964844,398.3999938964844,403.3500061035156,13715752
2025-08-28,3077.370733980466,3078.838478368692,3020.1287028396528,3027.173828125,3116051,404.5,404.5,400.0,400.8999938964844,12471719
2025-08-29,3026.4887537573413,3048.0156702082504,3011.028465982645,3018.3671875,2271789,402.0,410.45001220703125,401.8999938964844,409.75,25255050
2025-09-01,3023.5531276055535,3063.7694152474464,3023.5531276055535,3045.667236328125,1246862,409.75,410.20001220703125,405.0,405.8500061035156,12268090
2025-09-02,3053.9847239556466,3087.1556510845603,3036.371791556432,3044.591064453125,2185229,406.54998779296875,407.8500061035156,404.45001220703125,406.75,19808255
2025-09-03,3062.595272321678,3074.33722714916,3021.5963756053266,3030.89208984375,1799774,408.5,413.25,407.29998779296875,411.75,12936588
2025-09-04,3048.99413571954,3050.951128104469,3024.3360794475675,3029.130615234375,1481391,423.95001220703125,427.0,415.0,415.8999938964844,27274123
2025-09-05,3030.5006621101975,3036.664997028233,2963.47367273015,2982.75,2802055,416.8999938964844,417.0,404.3999938964844,407.3500061035156,16000675
2025-09-08,2984.413214194218,2998.9927110613953,2951.144345576971,2954.079833984375,2626187,407.45001220703125,410.54998779296875,406.79998779296875,407.54998779296875,7419022
2025-09-09,2966.898378981974,2994.19832699537,2965.62628616296,2983.826171875,2489301,408.5,410.95001220703125,407.3999938964844,410.04998779296875,8825896
2025-09-10,2990.675797260498,3055.550145422665,2987.740308555338,3043.123291015625,2079428,411.0,413.70001220703125,408.95001220703125,413.04998779296875,9252397
2025-09-11,3071.4996140027415,3071.4996140027415,3043.221168990462,3057.017822265625,2263446,413.04998779296875,416.70001220703125,412.45001220703125,415.04998779296875,8274406
2025-09-12,3076.3919302537256,3080.990814432397,3053.886518550216,3066.019775390625,1447167,415.3500061035156,417.04998779296875,412.8500061035156,413.75,7803379
2025-09-15,3066.607284819441,3066.607284819441,3029.4244268669395,3044.982421875,1732539,413.04998779296875,414.29998779296875,411.75,412.6499938964844,5707331
2025-09-16,3060.736085121159,3082.26300132086,3042.242602669502,3078.055419921875,2573429,413.20001220703125,414.3500061035156,412.0,413.1000061035156,8239087
2025-09-17,3084.2199854121977,3113.966173979194,3074.8263264485827,3104.57275390625,2418271,413.95001220703125,414.6000061035156,408.04998779296875,409.29998779296875,14113882
2025-09-18,3116.51048247651,3134.1234145595795,3093.4178759668794,3108.388916015625,2633138,411.3500061035156,413.04998779296875,410.1000061035156,411.54998779296875,15647808
2025-09-19,3101.8328935510035,3112.107103450778,3076.3919928468,3101.050048828125,4901694,411.54998779296875,412.6000061035156,408.95001220703125,410.6499938964844,19505321
2025-09-22,3028.445731768582,3040.089740964508,2999.090845838676,3007.70166015625,3634901,410.6499938964844,411.0,406.04998779296875,406.95001220703125,8930779
2025-09-23,3003.983542191669,3014.4534044791503,2986.3706093710016,2996.546875,3177741,407.1000061035156,408.1000061035156,402.1000061035156,403.20001220703125,14936357
2025-09-24,2984.4133369924134,2991.262810224855,2967.778901999341,2970.127197265625,1625714,403.20001220703125,404.6499938964844,400.70001220703125,401.0,12380865
2025-09-25,2957.015390749667,2964.4520571099356,2887.5421635017433,2893.804443359375,4974361,401.45001220703125,403.0,398.0,400.1000061035156,22006368
2025-09-26,2877.7574418213358,2891.260737711385,2829.126226471788,2836.758544921875,3934636,400.1000061035156,405.8999938964844,399.79998779296875,405.1000061035156,14414044
2025-09-29,2853.2947314486933,2866.3087778304835,2831.7678164651984,2833.82275390625,3110035,406.8999938964844,408.0,403.20001220703125,407.25,19717660
2025-09-30,2848.402439766557,2852.610021207006,2823.0594837288886,2826.288330078125,2253458,406.75,406.75,400.3999938964844,401.54998779296875,9465490
2025-10-01,2828.8326264436423,2861.9058470940704,2804.957413772581,2851.53369140625,1952902,402.3500061035156,406.0,399.75,405.6000061035156,17643039
2025-10-03,2861.1229086009284,2861.1229086009284,2828.9304789544044,2839.498046875,2899519,404.8999938964844,405.5,402.29998779296875,404.29998779296875,16987141
2025-10-06,2839.5959635916415,2929.22631078988,2833.3336834873367,2924.137939453125,2112774,403.0,403.8999938964844,399.79998779296875,400.75,13989077
2025-10-07,2930.5959216848555,2939.891634958981,2891.9453243871753,2909.75390625,3062943,402.5,402.6000061035156,399.5,399.79998779296875,12298968
2025-10-08,2911.0263039913752,2977.5640480826064,2904.176830334925,2962.103759765625,4121889,400.0,401.75,398.0,399.75,8402463
2025-10-09,2968.757519004287,3000.069397912704,2955.0585719818546,2995.86181640625,3211304,399.0,401.3999938964844,398.95001220703125,399.8999938964844,15656267
2025-10-10,2984.413250266025,3003.983173218589,2942.239970746985,2963.179931640625,8817365,400.45001220703125,403.8500061035156,399.5,402.79998779296875,15085738
2025-10-13,2961.9079637241057,2970.225181329542,2933.7272257063764,2942.53369140625,2866865,400.0,400.95001220703125,398.54998779296875,399.25,9508594
2025-10-14,2956.0370052457697,2962.1036338769445,2891.9455044700007,2896.642333984375,3611416,400.0,400.8500061035156,396.20001220703125,396.79998779296875,10291102
2025-10-15,2917.954894078994,2926.499513769408,2898.31197994854,2916.7763671875,4282226,398.0,400.8500061035156,397.25,399.8999938964844,16043867
2025-10-16,2916.87439174088,2921.883430677564,2890.553079047838,2917.66015625,3251495,401.0,406.0,399.54998779296875,405.1499938964844,22962049
2025-10-17,2916.972551528368,2935.4369375213087,2902.6331292681275,2909.311767578125,4374683,405.3500061035156,413.8500061035156,405.25,412.1499938964844,21071344
2025-10-20,2932.1958010354274,2969.0262624451843,2925.320781572273,2961.365478515625,3133039,412.54998779296875,414.8500061035156,411.29998779296875,413.04998779296875,13083621
2025-10-21,2976.981832168517,2977.669286180243,2942.508423286113,2953.017333984375,310644,413.5,413.95001220703125,412.3500061035156,412.8500061035156,1142130
2025-10-23,3000.4550745732363,3042.687339125331,2981.892616996725,3018.330078125,5564758,416.0,420.45001220703125,413.54998779296875,415.95001220703125,24305990
2025-10-24,3025.0086400055093,3034.8300966289034,3003.6961270890743,3008.508544921875,2684318,415.95001220703125,417.95001220703125,413.45001220703125,416.79998779296875,14935678
2025-10-27,3011.7496607245316,3038.9550474990237,3005.5620951218402,3029.821044921875,1946312,417.0,422.70001220703125,416.6000061035156,420.6499938964844,11603679
2025-10-28,3021.0801556355614,3035.0265765381446,2985.919291823652,3003.30322265625,3470737,420.5,421.6499938964844,415.8999938964844,417.8999938964844,17163147
2025-10-29,3003.3032409472494,3021.080174034828,2991.714113509379,3003.0087890625,2895420,418.20001220703125,422.20001220703125,416.04998779296875,421.6000061035156,11470661
2025-10-30,2994.6603471523654,3009.0978400091353,2978.6513253692647,2981.106689453125,2241536,421.6000061035156,421.70001220703125,416.1499938964844,418.75,12938674
2025-10-31,2980.8120174669925,3012.6334402910475,2971.088871543434,3003.4013671875,1868085,420.5,426.3999938964844,418.20001220703125,420.3500061035156,18599864
2025-11-03,2992.499451583931,3003.4013640895914,2956.2583734171585,2962.93701171875,2194877,419.95001220703125,421.6499938964844,413.29998779296875,413.95001220703125,7635440
2025-11-04,2965.6872390451917,2975.214004338424,2922.8655907942766,2936.81201171875,2670720,414.0,414.5,408.3500061035156,408.8999938964844,10085404
2025-11-05,2936.81201171875,2936.81201171875,2936.81201171875,2936.81201171875,0,408.8999938964844,408.8999938964844,408.8999938964844,408.8999938964844,0
2025-11-06,2936.7138956519902,2970.0085383136757,2936.61558517126,2957.142333984375,2542721,410.0,413.29998779296875,406.54998779296875,407.5,10095563
2025-11-07,2947.419237380036,2950.3656744717186,2907.6423366423182,2938.383544921875,1830520,406.04998779296875,409.1000061035156,403.1000061035156,404.04998779296875,8411611
2025-11-10,2939.5619693268272,2993.4816703122747,2938.579823663838,2971.18701171875,1556656,404.04998779296875,407.1000061035156,403.6499938964844,405.54998779296875,6650003
2025-11-11,2990.633609021809,3001.142519888641,2964.1156755427983,2992.597900390625,2806868,406.0,408.04998779296875,404.6000061035156,406.8500061035156,12005318
2025-11-12,3005.3656835637266,3080.4015151753365,3002.51755709654,3075.8837890625,4460315,408.0,408.1000061035156,405.54998779296875,407.0,7987236
2025-11-13,3075.8838537295965,3075.9819244274895,3046.61586484088,3050.249755859375,1740435,407.0,407.5,404.5,405.70001220703125,6617185
2025-11-14,3034.830102963518,3057.517763723578,3022.356900982103,3050.54443359375,2210794,404.70001220703125,408.75,400.1000061035156,408.1499938964844,64020258
2025-11-17,3050.544457369475,3067.7320066302495,3031.4909272444793,3046.812255859375,2232853,409.75,412.0,406.0,407.1000061035156,7855399
2025-11-18,3046.6158078736476,3049.5622448251693,3023.0443122614724,3031.98193359375,2548350,408.25,409.79998779296875,404.54998779296875,405.8500061035156,7661681
2025-11-19,3041.705020306013,3098.6694669245953,3028.4460542827223,3091.499755859375,3151053,404.8500061035156,405.54998779296875,402.79998779296875,403.54998779296875,7882450
2025-11-20,3091.794673762747,3108.0000778660146,3082.0715272134535,3088.65185546875,2700767,403.54998779296875,407.0,403.25,405.45001220703125,6693410
2025-11-21,3088.6516518716926,3113.4016740052466,3079.2229578295533,3094.34814453125,4177037,405.0,408.5,404.70001220703125,407.8500061035156,5808131
2025-11-24,3101.616062202543,3122.1428110333977,3075.0981288018247,3085.115966796875,6703764,408.3999938964844,408.79998779296875,402.8500061035156,403.54998779296875,11037491
2025-11-25,3089.142887490615,3093.562543096727,3059.3838251197944,3063.5087890625,2737920,403.54998779296875,404.5,400.1000061035156,400.79998779296875,8199785
2025-11-26,3063.115986297256,3121.2589624366606,3061.348076121797,3106.428466796875,2508527,401.0,403.95001220703125,400.95001220703125,402.29998779296875,11443953
2025-11-27,3123.223169867727,3123.223169867727,3069.205159068128,3080.59814453125,2836233,403.5,405.95001220703125,402.1000061035156,404.29998779296875,8679529
2025-11-28,3083.937297684263,3091.1070087848907,3069.205113141185,3081.48193359375,1616690,404.29998779296875,405.0,402.5,404.25,6883500
2025-12-01,3081.8747335418534,3097.687374390369,3066.4550948216056,3077.455078125,1747647,402.79998779296875,405.5,398.20001220703125,404.25,13442658
2025-12-02,3075.0980746626374,3087.8659682974553,3064.6872347092776,3079.714111328125,2512003,404.25,405.5,400.5,400.95001220703125,8093808
2025-12-03,3083.9373188138757,3154.5534946281955,3082.9551731709416,3123.22314453125,3952112,401.70001220703125,402.20001220703125,398.8500061035156,400.5,10772192
2025-12-04,3136.9731988901626,3191.9733551637537,3130.4909417024,3171.544677734375,5025905,400.1000061035156,403.54998779296875,399.04998779296875,403.04998779296875,8057989
2025-12-05,3172.330486734928,3213.187842167148,3164.866083794654,3180.384033203125,5244013,403.04998779296875,405.3500061035156,402.0,404.95001220703125,4419747
2025-12-08,3185.0983021118977,3201.6964674714213,3151.3125880977464,3178.71435546875,2544725,404.95001220703125,405.25,400.54998779296875,402.29998779296875,6056866
2025-12-09,3172.330579931189,3175.964471029267,3124.401822284255,3151.01806640625,2734893,402.0,404.5,400.0,401.04998779296875,9426717
2025-12-10,3167.41989738469,3167.41989738469,3121.357359750894,3132.259033203125,1386849,401.1000061035156,404.3999938964844,401.0,403.1499938964844,6969146
2025-12-11,3147.7768486239356,3151.1160479641035,3096.8035846478047,3134.91064453125,1914362,403.1499938964844,404.0,401.1000061035156,402.8999938964844,6980147
2025-12-12,3140.607031689688,3165.4553640739014,3128.8212841349605,3163.0,1146554,402.8999938964844,404.0,399.8500061035156,400.1000061035156,12407516
2025-12-15,3153.7680172761306,3180.384020730158,3140.2143592438706,3172.52685546875,1562190,400.1000061035156,403.3500061035156,399.5,402.29998779296875,7756564
2025-12-16,3162.509118995985,3162.509118995985,3134.1252044928165,3147.875244140625,1734623,401.3999938964844,405.75,401.04998779296875,401.70001220703125,12347384
2025-12-17,3143.3572206041695,3179.107227122374,3143.3572206041695,3160.348388671875,1376350,401.0,403.1000061035156,399.1000061035156,399.79998779296875,8087490
2025-12-18,3170.366292342023,3229.09865265339,3163.4912725011322,3222.2236328125,2307422,400.0,401.95001220703125,399.8500061035156,400.3999938964844,7227668
2025-12-19,3240.09857605464,3258.661033366418,3220.259281411304,3223.402099609375,3902511,400.25,402.6499938964844,400.25,401.04998779296875,10654835
2025-12-22,3250.9022578364156,3269.170263717588,3232.2414895890165,3265.5361328125,2632816,401.6000061035156,403.6499938964844,401.20001220703125,402.70001220703125,6847871
2025-12-23,3260.625245626059,3260.625245626059,3234.6966963938,3250.902099609375,2365420,402.5,408.8999938964844,401.79998779296875,407.3500061035156,10081997
2025-12-24,3245.107580613968,3267.696930860065,3237.2504153109776,3259.741455078125,1367708,407.95001220703125,409.5,405.6499938964844,406.6000061035156,5777430
2025-12-25,3259.741455078125,3259.741455078125,3259.741455078125,3259.741455078125,0,406.6000061035156,406.6000061035156,406.6000061035156,406.6000061035156,0
2025-12-26,3253.9468611908032,3260.7235702886815,3213.384197736604,3221.437744140625,1176664,406.5,407.1499938964844,403.8500061035156,404.1499938964844,3152453
2025-12-29,3221.437683809396,3229.294848891858,3184.9999848268185,3193.446533203125,2079473,404.1000061035156,404.79998779296875,401.45001220703125,402.6000061035156,6647710
2025-12-30,3191.973384551631,3209.160933545371,3181.6608551553877,3188.83056640625,2807593,403.0,403.45001220703125,400.29998779296875,400.6000061035156,12340527
2025-12-31,3182.151893056932,3188.0447669329633,3141.392848747715,3148.955322265625,3362634,401.1000061035156,403.75,400.8500061035156,403.0,9945109
2026-01-01,3157.59834501185,3176.3574233163417,3141.0982497161094,3169.77685546875,1255735,402.70001220703125,402.70001220703125,362.70001220703125,363.8500061035156,282626710
2026-01-02,3176.2591039024273,3196.196709004467,3162.017991655493,3192.660888671875,1184324,360.0,360.0,345.25,350.04998779296875,118790358
2026-01-05,3182.642968809425,3189.026915514335,3134.026759287417,3158.6787109375,2341703,350.20001220703125,353.95001220703125,346.04998779296875,349.70001220703125,48358124
2026-01-06,3152.6876022111082,3204.9377039238207,3147.7768738587542,3197.669921875,2912325,350.25,350.70001220703125,337.75,342.45001220703125,72582738
2026-01-07,3185.0000101265678,3241.6700055592964,3165.651788913644,3236.75927734375,1989442,343.0,344.54998779296875,339.29998779296875,341.25,29440734
2026-01-08,3228.2143763788763,3228.2143763788763,3125.1873956711997,3146.6962890625,4159336,341.5,345.1499938964844,339.04998779296875,340.8999938964844,36706319
2026-01-09,3134.0267606372377,3172.0357492326657,3134.0267606372377,3150.52685546875,1938673,340.8999938964844,341.0,336.1000061035156,337.1499938964844,35193201
2026-01-12,3145.8126491306843,3193.937788002805,3117.6251157476318,3181.75927734375,2228342,338.25,339.5,335.79998779296875,338.3999938964844,16156143
2026-01-13,3187.0627488471305,3221.437847833155,3153.1787227037635,3209.652099609375,5645341,339.0,339.5,333.70001220703125,334.70001220703125,24922339
2026-01-14,3201.7948316366483,3201.7948316366483,3126.1696162881753,3135.5,3539511,336.0,336.0,333.45001220703125,334.75,14913422
2026-01-15,3135.5,3135.5,3135.5,3135.5,0,334.75,334.75,334.75,334.75,0
2026-01-16,3219.39990234375,3221.89990234375,3171.0,3206.699951171875,4293470,337.5,337.5,328.54998779296875,329.20001220703125,30526898
2026-01-19,3188.0,3220.0,3152.10009765625,3163.60009765625,3387562,330.0,334.6499938964844,327.29998779296875,333.20001220703125,15507440
2026-01-20,3151.60009765625,3160.0,3091.10009765625,3102.300048828125,4499273,334.04998779296875,334.5,325.5,326.29998779296875,18771011
2026-01-21,3100.0,3138.5,3082.0,3122.60009765625,2015150,326.0,329.29998779296875,324.3500061035156,324.75,14177965
2026-01-22,3150.0,3160.0,3122.300048828125,3150.39990234375,2269827,326.1000061035156,328.70001220703125,321.04998779296875,324.8500061035156,18622852
2026-01-23,3190.300048828125,3194.5,3152.0,3157.0,2068857,325.54998779296875,326.3999938964844,322.70001220703125,323.0,11950089
