,ITC.NS,ITC.NS,ITC.NS,ITC.NS,ITC.NS,INFY.NS,INFY.NS,INFY.NS,INFY.NS,INFY.NS,ICICIBANK.NS,ICICIBANK.NS,ICICIBANK.NS,ICICIBANK.NS,ICICIBANK.NS
,Open,High,Low,Close,Volume,Open,High,Low,Close,Volume,Open,High,Low,Close,Volume
Date,,,,,,,,,,,,,,,
2025-02-06,426.06336046890937,426.06336046890937,414.8910439076552,417.63677978515625,17469129,1861.898330498206,1868.6971246106148,1845.3869733680706,1860.587158203125,4765255,1265.2372940723083,1269.2066659752802,1253.5275985042942,1262.6572265625,8396554
2025-02-07,416.5952582972785,421.8026990259945,405.6122866178601,407.9319763183594,18875982,1864.13219104828,1868.40562375176,1835.140096778848,1848.9320068359375,4126260,1262.2603567708522,1265.2373859141799,1239.9823038025354,1247.2760009765625,7382039
2025-02-10,404.28679271835745,410.2516682663297,403.8133889798114,404.4761657714844,12227140,1850.2432794461592,1850.2432794461592,1824.6020890265615,1826.2532958984375,3828734,1247.5735745348811,1255.3138984101563,1239.7837061908433,1252.9322509765625,5740361
2025-02-11,405.99100788409856,407.6479208598988,395.2920956552102,396.0495300292969,14288751,1828.9727506286142,1848.3007750893653,1816.249316561804,1821.7369384765625,4411601,1246.2339539700604,1252.188012073483,1238.8410469458931,1243.15771484375,6586627
2025-02-12,397.34792371808146,397.97305679084684,392.01021063862936,394.22222900390625,13884574,1830.8182412610952,1840.142278618334,1793.9104995274497,1809.5963134765625,5633947,1247.5735208959845,1260.0274734986122,1235.119689428972,1242.2149658203125,8809352
2025-02-13,394.27034528824566,398.1173542751768,393.3566689137098,394.0299072265625,12989029,1814.792533979024,1819.6488158467762,1782.8867858202054,1790.268310546875,5237744,1242.9592342670746,1256.3061987457909,1236.3601292961446,1239.337158203125,7263785
2025-02-14,396.0014661827297,400.2812751894459,392.77959046029304,394.558837890625,14124236,1800.7092442878504,1805.856950285683,1775.7964955938853,1803.040283203125,5292961,1242.5126718509223,1253.8254065127483,1234.9212235163006,1250.451416015625,10368438
2025-02-17,394.12606998139194,395.6648794892229,391.1927372870501,392.97198486328125,11975265,1785.703248001718,1799.4950394980904,1769.77462159192,1789.345458984375,4428956,1241.5699462890625,1248.5163471638045,1223.8069826822411,1241.5699462890625,8386151
2025-02-18,392.39491018757707,395.1359099155748,388.54790126416947,389.7500915527344,12998403,1789.3456107739096,1808.1393973263787,1784.780634818134,1798.7181396484375,4365260,1243.3065364897366,1247.9705000138076,1227.5779245772142,1233.531982421875,8135042
2025-02-19,389.31730014478245,393.1643091555031,389.0287862091182,390.8561096191406,7079032,1794.2989338566194,1796.0471240806544,1753.9917969230971,1758.7509765625,4611411,1225.3947820253827,1254.7681118615644,1220.8300282561831,1251.9896240234375,10683412
2025-02-20,384.6528290808348,388.45173290704383,381.0462580968928,386.6724853515625,15355585,1753.6518766132701,1778.3703022593725,1753.6518766132701,1772.6884765625,2218020,1245.7378271028595,1254.3216187366877,1237.203701075922,1240.379150390625,8398849
2025-02-21,386.67244588636703,387.8265602235753,383.93147569860434,385.5664367675781,8240986,1769.4347905187403,1777.2533326664163,1754.2830972545896,1762.8302001953125,3379879,1231.5968971791747,1235.1693078219741,1215.173692889092,1223.50927734375,7786428
2025-02-24,384.70090532952037,387.97085715475134,383.4987150003656,386.5282287597656,7037625,1748.309923055587,1756.0313630959042,1699.9413126430345,1713.3931884765625,7594720,1217.3071583182455,1222.467414805944,1200.9831637697991,1209.0211181640625,11522480
2025-02-25,386.62438730224534,391.43314833834296,385.1817589914161,389.3653869628906,15760891,1694.9880113599872,1727.330776075937,1694.9880113599872,1716.8897705078125,5092963,1217.2079253456668,1222.2193060560244,1211.6508286551266,1214.7767333984375,11059417
2025-02-27,389.36537967354076,390.9522649156751,384.2199995911739,386.23968505859375,19051003,1704.748997302386,1724.8054634563641,1700.7668702151418,1713.5875244140625,5757079,1215.769120615194,1225.3947998146707,1209.1203494513463,1213.0897216796875,12008162
2025-02-28,383.73912917511376,387.10526188717614,377.1992259318174,379.8921203613281,31954776,1704.6034155946859,1704.6519072727174,1634.0901134127998,1639.189208984375,12182167,1206.6891556122284,1215.620243112648,1190.9108768010287,1194.8802490234375,20215075
2025-03-03,380.8058152281349,383.73914785126925,376.2374920394293,382.2484436035156,10702826,1643.6571185043986,1678.9136517994152,1643.6571185043986,1659.488525390625,7504969,1201.2312348006667,1207.6814644794808,1194.929880803104,1196.964111328125,8158881
2025-03-04,380.2768157418011,382.00798731989397,377.82435936077115,379.74786376953125,13404774,1646.2794646548505,1650.1644899401717,1621.9980566215932,1639.7720947265625,6759673,1197.9068433475454,1207.334101585249,1197.0137104452713,1201.1319580078125,9574490
2025-03-05,379.4112349821189,396.9632122658291,379.4112349821189,389.5577087402344,15665018,1643.8026956375877,1683.1385762213686,1643.8026956375877,1662.30517578125,8180782,1207.6814517983407,1216.5628733470458,1202.0251450551775,1206.391357421875,9052846
2025-03-06,393.5009194323491,394.0299007695933,385.22984437591543,390.1828918457031,17869996,1665.7046071983816,1672.794825837321,1642.4915571816716,1666.5301513671875,10610547,1218.5476101118768,1218.5476101118768,1199.7427576093883,1208.7235107421875,11949475
2025-03-07,388.11510203965406,390.3271497866334,386.33588388818345,388.45172119140625,11180761,1654.1465445914585,1655.9919552333556,1627.339895010843,1637.5380859375,8019331,1201.8265880949464,1208.5249033729367,1197.0634143564148,1205.250244140625,6620284
2025-03-10,385.7107105996322,391.2888910064267,385.0855775356017,389.5096435546875,9785018,1637.5380832553346,1669.5895404009018,1628.0197243147556,1652.5439453125,7558981,1198.7503263397664,1216.4140799337886,1198.7503263397664,1205.5478515625,7363437
2025-03-11,386.1435102215853,392.7795945645392,385.8549963002887,390.66375732421875,11099475,1631.7104941166237,1631.7104941166237,1589.9950857541564,1613.83935546875,12671234,1207.8798680000234,1238.4440812807522,1207.8798680000234,1235.864013671875,10927950
2025-03-12,390.8561039985411,397.49218857653574,388.54790449537103,396.6266174316406,13844306,1589.84944650162,1589.84944650162,1518.850635339536,1545.123046875,14870008,1237.4020778822246,1242.3637929723905,1225.8413786306357,1234.425048828125,11548372
2025-03-13,397.20365434770144,398.5501015432174,392.5872555772619,396.28997802734375,8196569,1553.2816045131979,1559.886194636392,1525.163782654934,1534.439208984375,7822888,1241.4707365370484,1245.9858244254206,1235.7647643884725,1240.4783935546875,8132940
2025-03-17,397.20366927579045,400.32936400980094,391.4331559206942,392.3468322753906,5257805,1500.736758011993,1548.1826065260266,1500.736758011993,1544.34619140625,7526032,1247.4248742515454,1264.1953748180651,1245.1424367918191,1259.2833251953125,11164812
2025-03-18,394.318390909805,396.1938193871978,392.1544485206658,393.45281982421875,13861897,1544.34619140625,1544.34619140625,1544.34619140625,1544.34619140625,0,1259.2833251953125,1259.2833251953125,1259.2833251953125,1259.2833251953125,0
2025-03-19,394.3184059049263,395.0397200620695,387.20144542451675,387.63421630859375,12830387,1556.9238965430377,1556.9238965430377,1527.5920028100838,1540.94677734375,7387068,1295.6029599370165,1308.2057883620175,1292.1794251380722,1303.0455322265625,11278014
2025-03-20,389.50964497469676,391.0965302508203,386.5282072542035,388.49981689453125,16994037,1546.240146235024,1584.9932992405397,1546.240146235024,1569.11328125,7186750,1309.8927772461004,1314.1102350516276,1301.0113557334153,1311.5797119140625,10886735
2025-03-21,390.4233291082126,391.9140333230442,386.3358821349048,390.0386047363281,25302035,1532.59385494289,1557.7980274559397,1518.7049607743006,1546.7742919921875,10074677,1305.923445707521,1338.6707661545943,1301.5571120874529,1332.81591796875,60494318
2025-03-24,391.433162603734,397.05941909108105,390.0867153346264,395.1839904785156,14362572,1552.0189913058653,1560.9060103586978,1527.4947691913153,1546.968505859375,8857726,1345.5675050388625,1362.4870024308004,1334.7510627437973,1347.750732421875,9352280
2025-03-25,396.2419041658655,399.36759879824183,393.06813366389935,394.12603759765625,20338110,1558.8663000022038,1589.1209562659596,1558.8663000022038,1581.6422119140625,9890140,1348.5941513991709,1353.3574463042776,1319.8658696966822,1333.4112548828125,16419207
2025-03-26,394.60692684899476,395.47252733324694,390.71184207125464,391.769775390625,13891436,1579.2628561729366,1590.6751185099797,1549.153908730525,1553.4759521484375,6651302,1333.7586400786652,1347.6017762925185,1321.304687138062,1325.6710205078125,10859639
2025-03-27,392.39490676580164,394.9916495065971,390.1347831729387,393.7894592285156,18642328,1549.688079270318,1573.3866387891755,1540.4125339270274,1557.4581298828125,9426573,1322.9420827344788,1341.1515523929718,1322.9420827344788,1326.415283203125,15109614
2025-03-28,395.18398159578936,399.7042287729926,392.5391629889967,394.0779724121094,12981873,1544.2975705237486,1552.504639118573,1515.1598805138667,1525.5037841796875,6799047,1325.7702231722565,1347.5521031600986,1317.0375564815454,1338.025634765625,8266544
2025-04-01,394.12607142001764,398.55013776479905,390.08672946636085,391.0965576171875,15206240,1495.0061979771754,1502.92196020728,1474.2212903040318,1482.6226806640625,12680733,1329.739654923708,1341.995067068455,1305.328040709696,1308.3546142578125,14288024
2025-04-02,391.48121972866625,394.31840044763595,390.51946753245255,393.40472412109375,8001323,1491.0726643663595,1510.9349273715397,1491.0726643663595,1505.593017578125,6193478,1312.026343402594,1327.705290380845,1312.026343402594,1321.056640625,8042214
2025-04-03,391.4812095354885,394.51075235495847,391.1446197558559,393.7413330078125,7059566,1490.538435185599,1490.538435185599,1442.3641486583924,1453.4849853515625,10459504,1311.8278468858045,1322.7932860458366,1311.1332552048473,1319.3697509765625,4591008
2025-04-04,391.9140405436106,397.0113157111547,389.02878380341224,394.0299072265625,18627592,1418.5197886514006,1429.6892358061361,1406.3790852223406,1409.9241943359375,9590254,1319.3697112264526,1328.3007984100484,1311.9766830431024,1325.07568359375,8648542
2025-04-07,375.2276160600784,392.49107984083315,375.2276160600784,390.51947021484375,26762866,1313.1385736419368,1365.489314158466,1269.4320382766355,1356.602294921875,21715252,1285.3322768617725,1314.854481252151,1255.3139009690346,1277.6912841796875,19185012
2025-04-08,396.145740938844,399.89656879675374,391.6735989024767,396.7708740234375,18600796,1389.8677955834949,1414.6348317731379,1374.3276944448953,1387.7310791015625,12805001,1289.8969896705237,1300.0189606799747,1277.4927025037578,1289.9466552734375,13085762
2025-04-09,397.20367078899557,403.02226003741157,395.5206043873473,400.37744140625,21785572,1364.663707842691,1368.9371407012397,1342.1791008495861,1363.3524169921875,8546854,1294.9579703581671,1295.106846037701,1274.6646041339118,1290.83984375,13005622
2025-04-11,403.9359011391154,406.29220563589877,401.05064470240745,405.4266052246094,8939356,1370.6855647660782,1397.4437254302495,1356.893771609889,1368.937255859375,12567440,1295.1067945023049,1314.8544439632922,1295.1067945023049,1301.606689453125,13064247
2025-04-15,412.78405461806295,412.78405461806295,402.97417047029376,404.32061767578125,11685880,1404.0480742507405,1406.087688754894,1368.5001176189407,1385.011474609375,10178530,1340.655373037739,1343.9301533432258,1325.9686484021752,1339.8614501953125,15202603
2025-04-16,402.0124153945198,409.75450878339007,402.0124153945198,408.2157287597656,13034594,1384.0402738742662,1386.4684147056246,1356.6508927211694,1372.4822998046875,12022740,1346.6094196449503,1349.2886972283168,1332.6174078978706,1346.0140380859375,14039073
2025-04-17,408.7446879057106,411.48568756526555,405.4266310519838,410.90863037109375,22410217,1357.8162328834976,1388.7022289531085,1338.6825322481727,1378.6982421875,14264227,1351.5711498907554,1398.112060263163,1349.6856739861041,1395.9288330078125,17490424
2025-04-21,411.6780349602343,412.6878924233474,405.3785695227371,406.67694091796875,27388236,1369.4714582615436,1429.4951483248678,1369.4714582615436,1409.29296875,15648970,1425.004587897116,1425.004587897116,1393.9442026732427,1399.0052490234375,16882426
2025-04-22,409.65837881395373,418.1698626669371,407.35014995516246,417.0157775878906,32031936,1398.6091260339042,1398.6091260339042,1378.5041672717928,1381.903564453125,9399738,1401.9823098324273,1407.9363681338637,1388.1887172069748,1405.6539306640625,16135274
2025-04-23,419.5163213012109,420.7185115509847,412.4474367624713,414.3709411621094,19566317,1404.4365301839098,1445.0350886470426,1398.2204665039803,1432.505859375,11136642,1418.0581618237188,1418.9512947601793,1400.4937389943566,1413.493408203125,13990764
2025-04-24,415.3326729496452,419.3720143801557,412.88018735042976,413.60150146484375,26064089,1427.6496829084983,1440.2760150192205,1419.4911061400271,1429.1065673828125,7114292,1405.4554343163697,1410.3178180904442,1388.0894318786184,1391.95947265625,15678099
2025-04-25,413.60153406654683,416.1502009519827,407.10970652510946,411.4375915527344,22944377,1433.0887071514799,1458.535575435,1421.4336312546193,1437.653564453125,8329979,1399.2035920369979,1403.966886762009,1377.769008045682,1394.04345703125,11705093
2025-04-28,410.331561195513,414.0343129537871,408.50423792594904,412.3993225097656,6287095,1437.6534907325017,1446.7833234291916,1423.1818670852326,1439.4989013671875,5886253,1394.8373106964493,1424.0122194189871,1393.0511659597357,1417.8597412109375,10948561
2025-04-29,412.4954962973951,413.16873455074716,408.74466873670406,409.7064208984375,11189930,1439.4019470928108,1466.4029217301106,1431.7289980215003,1454.4564208984375,8056743,1417.8597077945897,1427.2869661678633,1411.7071085959242,1418.85205078125,10786910
2025-04-30,411.0528779694748,412.8802012507744,405.8594220409165,409.5140686035156,10026546,1453.7764926957282,1465.431568419441,1439.984581952398,1456.9815673828125,7704183,1422.0275444346203,1422.7221360927958,1389.2802248488963,1416.073486328125,14192027
2025-05-02,407.87911477952554,414.99607520497585,407.87911477952554,413.07257080078125,9263372,1456.5930649551544,1479.4175886205041,1453.1936678135066,1463.586181640625,7402310,1415.9742091510598,1435.5233172200462,1413.6917718641512,1419.149658203125,8842434
2025-05-05,413.7938888263413,421.72834456792714,412.92831770641976,420.2376403808594,11525305,1471.453369034679,1479.2234198282615,1459.6040889990923,1465.2373046875,4282493,1428.9738894731652,1435.7218701832576,1415.081087769954,1418.455078125,4565705
2025-05-06,420.7666029152538,422.834364350939,416.43871785669694,418.89117431640625,15026568,1462.7119235923028,1472.0359599506996,1456.0102317041706,1468.0538330078125,4270530,1418.0581160771362,1422.7220796211836,1409.5239906903596,1420.63818359375,6301690
2025-05-07,416.823396791454,418.362206178502,413.2649312686502,414.6594543457031,9710361,1456.8844481471906,1475.1441139885928,1453.5821530190785,1464.9459228515625,5691799,1414.0887881642996,1430.9586193213472,1410.119416127347,1424.4091796875,10480453
2025-05-08,412.59168381124715,414.9960642530376,407.350122708005,414.1304931640625,19937960,1464.654613791716,1472.9102929808603,1458.0500230157727,1467.9569091796875,8424409,1427.5846620245352,1437.8058437113664,1415.1803741209164,1424.5084228515625,15306490
2025-05-09,409.658387599701,412.7359772268443,406.82120668762605,407.35015869140625,8226512,1457.5642989506216,1467.9568126185206,1451.1540310083215,1464.2659912109375,4478653,1404.3638078003796,1409.0278927234135,1376.379782804671,1378.2652587890625,13491197
2025-05-12,413.0725955722253,419.5163474528399,411.77422415146265,418.8431091308594,8031891,1492.8209942326298,1585.0903465111594,1487.96471253376,1580.136962890625,11372857,1398.6082269981746,1441.8743569081432,1393.249550653154,1437.4088134765625,9925445
2025-05-13,418.2660177094136,421.1993794721109,409.08129611962823,411.53375244140625,14976369,1562.7513505672503,1565.859323230766,1519.627548132014,1523.5125732421875,12846210,1429.0731325397105,1436.8134564073198,1416.4704248722041,1419.6458740234375,12475424
2025-05-14,410.76439222672843,415.332715418473,409.6102777855163,412.6878967285156,9557309,1528.75740058924,1549.1537826809642,1524.3867472838704,1546.6285400390625,4870057,1418.9512828044426,1429.6685145448027,1406.4477852062123,1415.279541015625,8026837
2025-05-15,412.6878727466996,418.74689983509177,409.7064350721147,416.1020812988281,24263510,1544.103254657481,1572.0753639006625,1525.8435894847285,1566.6363525390625,11151167,1414.9819190581854,1445.3475908699352,1404.6615275498752,1439.6912841796875,18209264
2025-05-16,418.26604202592637,419.51633754430964,415.573147502307,419.03546142578125,16402035,1566.2479103864578,1566.2479103864578,1536.0418626920532,1544.200439453125,4576751,1442.172107583965,1447.5306627908633,1435.920298328426,1442.86669921875,6439208
2025-05-19,418.362202884726,421.72833555161463,416.10207936688846,418.6988220214844,7543854,1531.185508443418,1539.4411867318856,1510.9833306187809,1514.965576171875,8855798,1435.4241717584057,1448.5230511072755,1432.7448940711074,1437.905029296875,6005334
2025-05-20,420.28570719839433,423.9403537817196,416.34251734774494,418.2660217285156,9868414,1524.8723866170074,1537.9843466293191,1513.2173110505078,1515.7425537109375,7143998,1439.0957378026826,1447.8284044606678,1424.5083444847762,1427.1876220703125,11352383
2025-05-21,419.90103464370577,421.4398441006694,415.4769684613164,416.438720703125,5776672,1522.832797268108,1525.8436681268927,1507.4869000940212,1523.41552734375,4157309,1431.8517946649677,1440.1875004165765,1427.485461067875,1433.637939453125,5510460
2025-05-22,416.43869651769444,416.43869651769444,406.7249935694986,409.8026123046875,19451749,1510.7890929485561,1515.936798484799,1495.7346211126817,1503.01904296875,6158990,1430.0655182967434,1434.2334317099203,1416.867428660744,1431.057861328125,7245933
2025-05-23,417.40046939575757,422.20923056391143,412.59170822760365,419.61248779296875,18536884,1505.447258808557,1541.5779455953386,1505.447258808557,1519.8218994140625,5038421,1431.1570706662649,1440.6836606711147,1423.4168677068544,1438.698974609375,5203706
2025-05-26,421.48791053602,426.58518556334417,420.0452822056058,425.9600524902344,13107662,1521.5700705826603,1538.275749801986,1517.782147363295,1535.070556640625,3170102,1446.8360701649403,1460.331910515487,1443.8590412139838,1449.4161376953125,5608725
2025-05-27,425.9600609253769,427.2103564467042,414.37095818169377,417.3042907714844,26986022,1534.487964353223,1537.401733466409,1511.6634396332652,1524.9696044921875,7775714,1441.3782192942826,1451.7978208795425,1424.7068083036186,1435.324951171875,14842959
2025-05-28,409.12572033536514,413.92513013654184,404.5221871211176,411.57440185546875,431851622,1535.556238237006,1542.063608140773,1524.8724187426308,1526.6207275390625,3623370,1436.5157355383742,1446.836127202333,1431.454810349359,1442.6683349609375,8618343
2025-05-29,413.337430183069,414.12099629331436,408.04828421108533,410.1541442871094,21478547,1543.3263431603168,1562.6543682753302,1531.2827406845122,1540.0240478515625,8609500,1445.4467442494526,1451.698553407669,1433.9355900375203,1445.3475341796875,15545514
2025-05-30,410.49697001748797,411.4274510468685,407.85238205791916,409.468505859375,30656239,1547.3124739974683,1548.297396005105,1531.652190030095,1539.1375732421875,13148092,1448.7216268807567,1449.7139699197687,1433.2410996992944,1434.7296142578125,11803975
2025-06-02,409.7133679967952,411.8192579553598,406.0403458241328,410.6928405761719,14973380,1536.4782943781508,1536.4782943781508,1515.7949327230604,1530.371826171875,4374509,1430.9586389930196,1448.8208134048605,1421.8291316367724,1439.3935546875,9458990
2025-06-03,410.3990201585084,413.04360813984886,407.1177809642176,408.39111328125,13216486,1535.4933708621093,1543.6682714095227,1512.4461724234918,1519.734619140625,6853403,1443.7598455387374,1443.8590556109682,1421.035166759386,1426.8900146484375,11167345
2025-06-04,408.586978384479,410.39900862513116,407.4116292300163,408.4400634765625,12598933,1519.7346010168856,1533.8190332918903,1518.158749909477,1527.8109130859375,4548307,1426.3938661679927,1429.0731438395549,1415.4780930628378,1420.0428466796875,8025388
2025-06-05,409.9092587388879,412.30897842272395,407.2157092489669,410.4969482421875,13212523,1524.5607331925255,1544.0621159555858,1518.3556767230737,1530.8642578125,6948539,1419.9436226094324,1447.8284366760695,1416.3712120373557,1443.66064453125,11385668
2025-06-06,411.67231694542346,412.6517895338172,410.39901453696416,412.40692138671875,8774988,1531.2581829658582,1545.2441474823067,1519.8331118292815,1540.2210693359375,3960020,1437.5080878919146,1450.2101271201,1431.0578582020253,1448.5230712890625,11580994
2025-06-09,413.33744096123485,414.9046031137218,411.86823204786555,414.3658752441406,10473123,1554.2069160448225,1564.0561360451065,1547.3124620446238,1549.183837890625,2903202,1453.7825541382838,1455.5688200651953,1422.4245382897982,1423.8138427734375,11022031
2025-06-10,415.78612073411426,419.75297282706833,414.3658735007135,418.23480224609375,13041075,1560.116482612782,1583.2621501262925,1553.7144894707471,1571.935546875,8591925,1427.9815809293386,1430.660858582463,1405.6538633679,1412.0048828125,12905272
2025-06-11,419.2142518774774,419.312205110815,416.12891931968926,417.4022216796875,20789182,1566.1244242034918,1609.9534525332194,1566.1244242034918,1606.5062255859375,10597410,1410.9133394459884,1423.5160472131458,1407.737769134025,1420.0428466796875,7136877
2025-06-12,418.2347759328376,418.43068239792314,410.9376935297822,412.3579406738281,18508835,1592.6188275892266,1603.452969273507,1574.0037782857437,1584.345458984375,10483574,1419.5466979345517,1425.5007560873705,1409.127096167119,1414.2872314453125,7953247
2025-06-13,406.48111231744474,410.7418239308055,405.01190347774315,405.4036865234375,17873926,1552.2369998927122,1584.7394243828517,1546.5244044661895,1577.844970703125,6968315,1392.8526699787633,1410.6156346634868,1392.8526699787633,1405.2569580078125,7573103
2025-06-16,406.4321620890675,410.30106087453294,404.7670467340719,409.6154479980469,7006629,1575.875214344727,1610.1505483486199,1573.01891647278,1599.31640625,5591842,1405.7530618658518,1418.0581392255135,1403.3714144517853,1415.9742431640625,5451137
2025-06-17,409.5174909056936,410.44797192026425,407.1667626963428,408.83184814453125,9028406,1596.2630097727385,1622.5604988569514,1591.2399317053334,1615.173583984375,7622083,1415.9742319665809,1418.8520508551696,1406.9439350146247,1412.302490234375,6970098
2025-06-18,408.4400661979771,409.86031339660474,406.3831678000489,407.3626403808594,8036215,1596.5585788351507,1619.9011823893957,1596.5585788351507,1608.2791748046875,5629707,1406.150024814166,1421.0351697486842,1399.402043989603,1401.78369140625,6751745
2025-06-19,407.11778041824044,409.66441515775824,406.2852227295919,407.4606018066406,12601006,1599.4148737815738,1605.4228739879738,1587.2018168292147,1593.997802734375,5147760,1397.2189939427594,1403.8676438261634,1393.9442134714564,1400.4937744140625,8849883
2025-06-20,407.46057840418473,410.8887323090276,407.46057840418473,409.9582214355469,13203184,1594.58871180959,1606.1122510729595,1584.6410236941556,1598.429931640625,9202821,1400.4937821267788,1422.3253290273638,1399.4021078732494,1416.1727294921875,12408178
2025-06-23,408.4400574370469,408.9297937169475,403.2978264980913,405.4036865234375,14839890,1576.8601291540897,1576.8601291540897,1551.6461498856431,1560.116455078125,7943676,1406.1500791810931,1412.3025575376569,1401.0891539348067,1409.226318359375,5514384
2025-06-24,408.3421256239387,412.0151479158747,405.25679287693885,405.844482421875,16690068,1576.860073737694,1584.739449496533,1552.827953627288,1557.7525634765625,8083992,1416.7680893764307,1424.9053748687675,1405.6538959425357,1413.1956787109375,11188438
2025-06-25,407.85236743319786,409.5664444107915,406.5790650634376,407.80340576171875,9946718,1566.025955644839,1595.4751470327865,1561.199813873949,1590.550537109375,7813533,1411.1117385952273,1417.9589294864209,1404.463088984364,1414.8826904296875,7527388
2025-06-26,408.635961243395,412.25999175637196,407.70545036119364,411.67230224609375,13703918,1584.5425210067874,1599.5132869304996,1582.3756205245834,1591.6339111328125,6519233,1413.8903780949927,1436.4165161110168,1410.814017835929,1428.080810546875,13617435
2025-06-27,412.3579493645105,413.3374219283217,409.2236252038625,410.0561828613281,21409935,1594.5886581952298,1605.0288069577266,1578.238977654369,1583.7545166015625,8912268,1427.882386711014,1454.774858156496,1426.0961208320166,1451.00390625,22532899
2025-06-30,411.18257641188427,412.1130873177171,407.26468609870335,407.9013671875,12317124,1590.648993297183,1590.648993297183,1570.064099926214,1577.6480712890625,6294505,1450.6071028820047,1450.706312958781,1431.2564136212704,1434.7296142578125,6325073
2025-07-01,408.4400629554616,410.25209319380195,406.38316457386264,406.5790710449219,13670465,1584.7395342639384,1593.308307768125,1576.3676970723639,1582.57275390625,4178937,1434.6302067068036,1436.5156826077227,1418.653508855977,1421.03515625,7761449
2025-07-02,408.3421042433258,408.3421042433258,403.2488648665335,404.47320556640625,15990899,1593.6038341220215,1624.1364168524187,1579.2239966239758,1586.2169189453125,8653641,1421.2336440793872,1439.8897415628453,1411.707175185214,1416.867431640625,13372280
2025-07-03,405.5016414226337,407.4605865502793,402.80809187212105,404.864990234375,14185298,1594.0962765801005,1607.786716594206,1590.6490495377586,1594.293212890625,5259695,1421.1344118511029,1435.027214103107,1412.798706272776,1414.98193359375,10177738
2025-07-04,406.383156862037,406.48111009570783,403.2978242937535,404.0813903808594,8256733,1600.4981989662078,1618.6207872342948,1587.9897380569496,1615.96142578125,4411273,1416.0734952431667,1433.3402880878325,1410.2186471744621,1431.7525634765625,5066503
2025-07-07,404.52218073930493,408.63597758463175,403.54270814671577,407.6075134277344,6845218,1615.2721260131761,1619.2118141254034,1598.5284515362102,1602.4681396484375,3294523,1425.9968814549877,1429.8670433562065,1418.6535190770169,1424.706787109375,5177477
2025-07-08,407.60752214922184,409.5175057020906,406.1383132289018,408.635986328125,6807192,1603.4529602070286,1621.378491891406,1597.0509674297891,1613.9915771484375,4590681,1421.035188079707,1433.935647189369,1419.050502062836,1430.9586181640625,5315847
2025-07-09,407.65649685248883,411.6723104890166,406.9218924227146,410.83978271484375,9930533,1613.1052929685202,1613.3022292758048,1599.1193284889714,1609.0670166015625,4580828,1425.2030375827696,1427.683895203639,1415.6765685457565,1420.93603515625,8827347
2025-07-10,411.67231432927395,411.67231432927395,407.8523772370402,408.29315185546875,6220360,1614.1886858160015,1614.1886858160015,1582.868118202301,1591.43701171875,5330179,1425.7985078190466,1427.981614021397,1411.2109926594833,1413.1956787109375,7795964
2025-07-11,408.44007762067145,409.4685119028319,406.9708687083669,408.2441711425781,8578844,1555.2902357933656,1582.8680505457567,1539.433016356687,1570.85205078125,11391755,1411.111783317687,1417.0658414751456,1403.7684206963636,1411.0125732421875,7158015
2025-07-14,408.4890354163033,411.3295298660291,407.9992991168515,410.7908020019531,6896989,1567.7988696310574,1567.7988696310574,1536.2813659941348,1546.623046875,9173426,1413.9896019530586,1413.9896019530586,1405.2569348701418,1412.1041259765625,5846154
2025-07-15,412.26001519971453,413.72922411339215,410.3990232206159,413.4353942871094,8532755,1541.5013602388092,1579.4208563061295,1540.4179701114037,1561.6922607421875,7614807,1410.218682168871,1422.8215115677394,1408.134785993891,1419.844482421875,6041457
2025-07-16,413.43538226908703,416.7166213924788,411.67231368924485,415.8840637207031,9780773,1555.1918577227598,1587.6942841349517,1554.6993967165145,1583.6561279296875,6223491,1415.081187967311,1418.25663727007,1408.2339967016344,1415.4781494140625,5649093
2025-07-17,417.05940633871836,417.1573595734722,414.3168951123935,415.2474060058594,7240795,1573.9053927711557,1585.7244570472844,1556.2752645133157,1559.6240234375,7374814,1410.1194736013367,1412.3025798563917,1398.7075285299677,1407.8370361328125,12927394
2025-07-18,416.4717411939595,416.4717411939595,411.4764251990089,414.072021484375,6730256,1568.0942241264431,1575.1857343566385,1556.176692489401,1562.1846923828125,5161833,1404.9592604817603,1418.0581395587762,1397.7151081655259,1414.8826904296875,11297246
2025-07-21,413.3374323697135,414.0720368111289,409.8113250726935,411.4764404296875,4822343,1556.1767745731315,1565.041072656143,1543.1758521432762,1560.4119873046875,3682661,1436.9126621837045,1456.4617708047458,1425.9968891975022,1454.576416015625,13867136
2025-07-22,411.47644544690354,411.77027527059994,406.6770356826959,407.4606018066406,9869507,1541.4029254290974,1561.889351060241,1541.4029254290974,1547.2139892578125,8473741,1462.8128219007424,1470.6523559877205,1458.4464883845856,1462.316650390625,8930165
2025-07-23,408.53801949465566,409.32158560296745,405.5016485154682,406.4321594238281,12196187,1552.5325511946266,1567.897309898412,1526.629055261839,1550.7596435546875,8035026,1471.5454755170424,1478.5910866693491,1461.3242940475627,1477.2017822265625,11974174
2025-07-24,407.3136721952123,407.3136721952123,401.04505375648824,401.5347900390625,9005157,1556.1767861186595,1558.1466301517212,1524.8562179010848,1529.0914306640625,14169664,1476.3086281822896,1477.3009711792895,1466.782159638216,1472.0416259765625,6700578
2025-07-25,401.58375275125957,401.8286208931811,399.3799394739661,400.9960632324219,5824089,1520.12860228797,1526.1366022975346,1488.512630894258,1492.84619140625,10851259,1488.5144734435703,1488.5144734435703,1462.31659448384,1465.789794921875,8696077
2025-07-28,402.36732868040224,402.41632024466196,400.21250691352043,401.4858093261719,8123337,1491.0734115180542,1496.392014262957,1460.14683725966,1493.1417236328125,6439855,1465.7898930637602,1482.3620946590604,1465.7898930637602,1477.00341796875,7507479
2025-07-29,401.5837527990323,402.9550084157297,399.62480766342725,400.0655822753906,6811772,1490.0884773327002,1494.3235696797126,1473.5417400906863,1490.8763427734375,7070448,1468.5685019046516,1478.3927223132807,1464.1029581857863,1474.8201904296875,9776027
2025-07-30,400.60428786940514,400.898117688896,397.4210019633524,399.2330322265625,10915863,1496.9830114866083,1498.7557989957106,1483.2925712781332,1496.0965576171875,5719051,1476.308661728485,1477.1025845983731,1465.9883912336757,1471.04931640625,7238625
2025-07-31,397.61690837848414,405.50165074201533,397.2250954310459,403.4937438964844,19364174,1486.936711768862,1504.0743788045277,1474.428250322285,1486.247314453125,6851407,1458.6450618514623,1483.0566764606926,1452.7902136757805,1470.0570068359375,12406146
2025-08-01,403.9344853107258,410.74183168633,403.34679578552243,407.9013671875,14324065,1471.3749358302919,1476.1024890867666,1443.4031282013243,1447.4412841796875,8702978,1469.0645758820863,1473.7285394467383,1458.5457644921182,1460.3319091796875,4416771
2025-08-04,411.57439098396185,413.8271659664987,406.5790748366726,408.29315185546875,18352458,1439.4634841975633,1460.4423706154291,1429.1218033326475,1458.177001953125,8610216,1465.492177404952,1467.4768633867377,1450.1108610461113,1451.9962158203125,6140054
2025-08-05,408.6359688485212,409.37057327725813,404.522172091142,405.6485595703125,8495104,1456.4040844682859,1456.4040844682859,1433.0614816224124,1438.2816162109375,10213323,1441.8743352750153,1450.3092505192255,1429.96621963613,1433.3402099609375,14799343
2025-08-06,405.6485541142926,406.4811117672226,402.07348525408406,403.5426940917969,9080543,1430.1067078263497,1434.14486387826,1408.7339490588547,1415.037353515625,10566934,1431.2564134495642,1442.866778550362,1430.561700640964,1432.54638671875,7805252
2025-08-07,403.542701181929,406.2362507650608,403.1998798022133,405.10986328125,11514878,1408.4383894942564,1420.2574529025999,1392.876574581379,1415.234375,9892020,1430.0655302659995,1436.8135113901221,1418.1574137897542,1429.271728515625,7432535
2025-08-08,405.40370450279846,406.82395173394906,404.4732234643995,405.99139404296875,9814361,1403.5138318764698,1411.590144080286,1395.7329241309972,1401.6424560546875,10048009,1434.8288259088201,1436.5157606227415,1421.0352334242946,1424.9053955078125,5415511
2025-08-11,405.99138530914485,408.4400667645679,405.5016490180602,408.29315185546875,8514272,1398.4907470266712,1411.7871937906966,1392.6796832838538,1406.66552734375,6625368,1416.9666396615337,1427.3862414978396,1409.5240669213151,1425.5999755859375,8492484
2025-08-12,408.44005694659893,411.1825681542966,406.77494164048437,407.80340576171875,13635738,1406.6655976905836,1419.2726477892124,1399.5742071536924,1402.62744140625,9899184,1431.0,1433.800048828125,1420.0999755859375,1422.0,5913947
2025-08-13,408.6359804112558,408.92981023461243,405.1098730753178,405.599609375,10874910,1403.5138705026145,1412.3781686321047,1400.953097311154,1405.0897216796875,10318063,1424.5999755859375,1427.699951171875,1415.199951171875,1420.800048828125,9009465
2025-08-14,405.74650902132066,406.5300751148795,402.563223193151,403.0039978027344,9580361,1404.6956380205245,1447.835267553816,1404.6956380205245,1425.8714599609375,12902347,1412.0,1431.0999755859375,1412.0,1427.300048828125,7577793
2025-08-18,404.5221643400549,405.207807083524,396.5394690122968,397.9596862792969,30950814,1442.6151494914589,1442.6151494914589,1408.0444126749926,1414.1510009765625,7254561,1450.0,1452.4000244140625,1431.0,1434.5999755859375,6908844
2025-08-19,398.00869038492266,400.99606980890684,396.19666012675947,400.7022399902344,16681331,1411.0977408332749,1427.5460108318366,1411.0977408332749,1418.2877197265625,3986094,1431.0999755859375,1438.5,1426.300048828125,1436.300048828125,6709554
2025-08-20,400.7022224165175,401.82860986020313,397.1271536208501,397.7148132324219,18188129,1418.9770874002822,1476.3980885005715,1418.9770874002822,1473.6402587890625,10413061,1432.5999755859375,1435.9000244140625,1423.0,1430.5999755859375,5817858
2025-08-21,397.7148339521601,398.49842996029514,395.07027588892424,397.22509765625,15028966,1485.262351237006,1485.262351237006,1461.9197483180794,1473.8372802734375,6565539,1440.0999755859375,1447.800048828125,1436.4000244140625,1446.0,6238645
2025-08-22,397.6658518940437,398.1555881648492,389.34033529035065,390.1239013671875,13087624,1475.5115598317454,1481.6181481033814,1463.6924963469764,1465.0714111328125,5543397,1444.300048828125,1446.0,1429.4000244140625,1436.4000244140625,6657207
2025-08-25,390.8095528920783,392.327723409267,388.1160033420702,391.1523742675781,10440286,1483.981859694785,1515.7948868943363,1483.981859694785,1508.9989013671875,10694531,1435.9000244140625,1435.9000244140625,1424.0,1433.199951171875,6738427
2025-08-26,391.1033999896865,397.07818887017044,390.22188062167817,395.0702819824219,13715752,1500.03616013844,1515.2039825206518,1495.7024794249892,1506.53662109375,15994798,1427.9000244140625,1427.9000244140625,1413.0999755859375,1416.5999755859375,8720155
2025-08-28,396.19667011274,396.19667011274,391.78904337477377,392.6705627441406,12471719,1506.5366438633127,1506.5366438633127,1475.413133190423,1477.4814453125,5443364,1408.0,1411.800048828125,1396.300048828125,1399.0999755859375,12990789
2025-08-29,393.74798505781916,402.02454048128317,393.6500318196282,401.3388977050781,25255050,1479.254311487481,1479.254311487481,1445.5699084151588,1447.4412841796875,8169075,1392.0999755859375,1405.0,1392.0999755859375,1397.800048828125,8519507
2025-09-01,401.3388884886885,401.77966310485994,396.68639374720885,397.5189514160156,12268090,1454.4343120627393,1480.7318023736236,1453.941851048263,1476.7921142578125,4546057,1398.0999755859375,1412.4000244140625,1398.0999755859375,1411.0,4927348
2025-09-02,398.20457570023547,399.4779080217149,396.14770714215564,398.4004821777344,19808255,1476.7920565936874,1489.9900353122632,1463.8896025641538,1476.1025390625,5218763,1413.9000244140625,1413.9000244140625,1390.0,1394.199951171875,7163073
2025-09-03,400.114535268611,404.76702986475766,398.9391562562904,403.2978210449219,12936588,1477.3829894013984,1479.2543652339205,1450.7900955921732,1456.798095703125,4623483,1389.0,1400.0,1384.199951171875,1397.0,9813382
2025-09-04,415.24741259106247,418.2347920060821,406.4811210363561,407.3626403808594,27274123,1461.6242804276317,1461.6242804276317,1438.0846200594328,1440.94091796875,5787724,1409.9000244140625,1415.0999755859375,1401.9000244140625,1405.5,10564859
2025-09-05,408.3421103092152,408.4400635448862,396.09870312861307,398.9881591796875,16000675,1447.835279098319,1450.4945202945664,1411.3931666312185,1422.8182373046875,5466487,1411.0,1411.5,1387.699951171875,1402.800048828125,6621077
2025-09-08,399.08612816526716,402.1224693529809,398.44944705384466,399.1840515136719,7419022,1429.1218644887508,1436.0163186937275,1406.7641825159365,1411.2947998046875,3811567,1402.199951171875,1410.5999755859375,1397.5999755859375,1402.699951171875,5880943
2025-09-09,400.1145503991436,402.51427018540727,399.0371245789613,401.6327209472656,8825896,1458.6694341238242,1484.474341584966,1450.297597398603,1481.6181640625,13072640,1399.0,1407.5,1395.199951171875,1403.699951171875,6470679
2025-09-10,402.56322964572416,405.2078175633528,400.555322816839,404.5711364746094,9252397,1487.330709756259,1511.756823802922,1486.5428442826578,1509.491455078125,7281071,1410.0,1413.699951171875,1402.0999755859375,1403.9000244140625,7452347
2025-09-11,404.5711451336769,408.1462440335788,403.9834854870758,406.53009033203125,8274406,1500.922609577238,1504.4683046125388,1483.7849433052634,1486.9366455078125,8003662,1398.0,1408.0,1396.0,1401.5999755859375,10192026
2025-09-12,406.82393698895356,408.48902241943284,404.37525556960406,405.25677490234375,7803379,1513.8250582606502,1519.6361218926327,1498.1647749913177,1502.596923828125,12856963,1405.0999755859375,1419.699951171875,1400.0999755859375,1417.699951171875,7770038
2025-09-15,404.5711348581344,405.7954755760093,403.29783246799684,404.1793518066406,5707331,1502.5969824151846,1504.4683582651935,1478.5648615170796,1485.6563720703125,6167414,1422.0,1426.800048828125,1416.300048828125,1419.4000244140625,5845637
2025-09-16,404.7180704209207,405.8444578774336,403.54269140213233,404.6201171875,8239087,1485.656397411633,1491.1719366717366,1480.8302554728903,1488.5126953125,8923112,1414.0,1424.9000244140625,1413.699951171875,1421.5999755859375,8213151
2025-09-17,405.45267306623015,406.08932424399245,399.6737611220478,400.8981018066406,14113882,1494.028241371192,1503.680405062861,1491.1719434573272,1499.4453125,4795698,1420.0999755859375,1426.0999755859375,1416.4000244140625,1419.199951171875,7484283
2025-09-18,402.90605212943706,404.5711375822802,401.68171140331816,403.1019287109375,15647808,1526.6291407021617,1531.5537508334592,1515.302537400178,1517.370849609375,9331945,1431.0999755859375,1432.800048828125,1415.300048828125,1421.699951171875,8130537
2025-09-19,403.101917268776,404.13038138420126,400.55531254363956,402.22039794921875,19505321,1521.3104874589542,1527.9095369547413,1497.179898612735,1516.976806640625,12988129,1416.0999755859375,1418.0,1400.199951171875,1402.199951171875,13457344
2025-09-22,402.2204050878021,402.56322646569487,397.7148252853857,398.59637451171875,8930779,1460.3437656419162,1491.8612688721596,1459.6543683506482,1476.8905029296875,15655204,1403.9000244140625,1409.9000244140625,1397.199951171875,1401.5,8847948
2025-09-23,398.7433075819584,399.7227801970498,393.8459445065011,394.9233703613281,14936357,1470.4885054191882,1490.186944875574,1470.4885054191882,1474.920654296875,9832164,1391.0,1403.300048828125,1391.0,1394.300048828125,12827524
2025-09-24,394.9233452248436,396.34356249165154,392.4746638429711,392.76849365234375,12380865,1464.7758845360097,1474.1326431158677,1460.3437357350242,1472.0643310546875,4937004,1386.4000244140625,1390.9000244140625,1376.5,1382.699951171875,9735678
2025-09-25,393.209287397003,394.7274579712088,389.83009496908466,391.8869934082031,22006368,1466.5488557470633,1480.04223903444,1454.2373307659764,1462.4122314453125,9491867,1377.0,1391.5,1371.800048828125,1375.800048828125,21613389
2025-09-26,391.8869695711551,397.5678983516164,391.59310987422305,396.7843322753906,14414044,1452.7599061754568,1456.404069373631,1419.4694954878144,1427.053466796875,8597058,1368.0,1372.699951171875,1357.0,1359.5999755859375,18342280
2025-09-29,398.5473763816621,399.6248021696593,394.9233458652918,398.89019775390625,19717660,1437.9860786678707,1442.9106885263222,1414.8404123331482,1420.060546875,10513117,1359.5999755859375,1366.5,1346.199951171875,1348.0999755859375,20563163
2025-09-30,398.4004591506758,398.4004591506758,392.1808024887207,393.30718994140625,9465490,1421.2424051491353,1430.303639196793,1416.416263441906,1420.060546875,7556305,1353.699951171875,1356.5999755859375,1342.5999755859375,1348.0,20166871
2025-10-01,394.0907925326749,397.665861416941,391.5441578852763,397.2740783691406,17643039,1424.197180444367,1427.6444073679875,1405.877655696216,1424.000244140625,6250692,1348.0,1379.4000244140625,1347.0999755859375,1372.0,20952632
2025-10-03,396.58845248171,397.1761420239669,394.04181772601805,396.0007629394531,16987141,1417.3027030735375,1426.4625254104503,1411.5901076030302,1424.7880859375,6877533,1371.9000244140625,1371.9000244140625,1361.300048828125,1365.199951171875,12163695
2025-10-06,394.7274338215943,395.60895312981853,391.5931097355416,392.52362060546875,13989077,1424.7881421800753,1456.5027027407555,1420.5530497148675,1453.744873046875,4630590,1371.0,1372.5999755859375,1359.0999755859375,1363.4000244140625,14314283
2025-10-07,394.237727666254,394.3356809060124,391.29930982029435,391.5931396484375,12298968,1455.4191203786977,1460.5407866669368,1432.0765182081868,1436.5086669921875,5570320,1363.5999755859375,1383.0999755859375,1363.5999755859375,1375.9000244140625,16126464
2025-10-08,391.7890270774703,393.5031040709342,389.8300819420829,391.5441589355469,8402463,1435.0313384295307,1475.4131399913774,1433.061494450904,1472.4583740234375,4657192,1372.300048828125,1381.5999755859375,1364.300048828125,1370.300048828125,8100832
2025-10-09,390.80955123133737,393.1602793958562,390.7605895598157,391.6910705566406,15656267,1479.352867871771,1491.171932062491,1464.5790376333712,1486.5428466796875,7028753,1369.800048828125,1378.699951171875,1365.0999755859375,1376.199951171875,7909575
2025-10-10,392.22981845621223,395.5600193505022,391.299307520674,394.53155517578125,15085738,1487.2322078030077,1498.755747016607,1476.2011295853695,1492.058349609375,3738353,1370.300048828125,1385.0,1370.300048828125,1380.300048828125,7673816
2025-10-13,391.78901724913896,392.71952812155763,390.36877010515894,391.0544128417969,9508594,1474.4281763502415,1482.0120273618204,1461.0332617199265,1470.6854248046875,5859355,1373.0999755859375,1386.4000244140625,1373.0999755859375,1379.4000244140625,8923018
2025-10-14,391.78901770158024,392.6215753424221,388.0670339898672,388.6546936035156,10291102,1476.3980688327763,1491.5658915845438,1464.0865439092208,1467.435302734375,5600789,1389.0,1389.0,1375.0999755859375,1384.0999755859375,10610855
2025-10-15,389.83007867186035,392.62158144459596,389.0954742522526,391.6910705566406,16043867,1461.5258266826634,1466.1549121391147,1445.373081319078,1452.1690673828125,6986098,1386.5,1400.4000244140625,1385.5,1398.4000244140625,8988550
2025-10-16,392.7685077269394,397.665870666178,391.3482605181077,396.83331298828125,22962049,1451.6765810210527,1452.267510183725,1438.478601982591,1449.312744140625,8005748,1401.0,1418.9000244140625,1399.4000244140625,1417.300048828125,12185032
2025-10-17,397.0292043259007,405.35472100520315,396.9312510926241,403.6896057128906,21071344,1432.9630656678505,1436.410292725158,1412.3781714796953,1419.37109375,16959378,1412.0,1439.5999755859375,1410.9000244140625,1436.5999755859375,17037215
2025-10-20,404.0814001855026,406.3342050500721,402.85705946273583,404.5711364746094,13083621,1431.781048131079,1444.8805586841174,1428.136884861602,1438.87255859375,6994246,1442.0,1445.0,1389.199951171875,1390.300048828125,23330227
2025-10-21,405.0119258790611,405.4527005118031,403.88553835121513,404.3752746582031,1142130,1455.7147580634262,1463.5941342911037,1447.8353818357486,1450.19921875,1698704,1384.5,1387.5999755859375,1375.9000244140625,1382.0,3415560
2025-10-23,407.46058276503413,411.8192475900064,405.0608630495091,407.41162109375,24305990,1487.2321904325627,1522.6893817276436,1483.292502510887,1505.4532470703125,20358624,1385.0,1389.800048828125,1360.0999755859375,1363.699951171875,21124942
2025-10-24,407.411643338511,409.3705885549171,404.96296181800335,408.2441711425781,14935678,1516.2874003977408,1519.7346273554492,1495.111577657532,1502.4000244140625,8652257,1368.0999755859375,1381.5999755859375,1368.0999755859375,1377.699951171875,10570263
2025-10-27,408.4400677633165,414.02307345178554,408.048284707717,412.01513671875,11603679,1510.0,1515.300048828125,1498.0999755859375,1504.5,7273211,1382.0999755859375,1386.800048828125,1374.0,1377.5999755859375,11499836
2025-10-28,411.86822898071654,412.9946164943518,407.3626490350436,409.32159423828125,17163147,1499.699951171875,1506.5,1490.5,1500.199951171875,8211019,1373.0,1375.800048828125,1356.199951171875,1363.0999755859375,26477914
2025-10-29,409.61544737952806,413.53333772312516,407.5095574069397,412.9456481933594,11470661,1500.199951171875,1520.199951171875,1496.9000244140625,1510.4000244140625,4884976,1364.5999755859375,1371.699951171875,1358.4000244140625,1370.4000244140625,16129382
2025-10-30,412.94564712794636,413.04360036450976,407.60750959211543,410.1541442871094,12938674,1507.0,1508.199951171875,1489.0999755859375,1493.800048828125,5608867,1362.4000244140625,1370.199951171875,1361.300048828125,1362.4000244140625,9324401
2025-10-31,411.8682283883677,417.64711075138126,409.615453364337,411.7213134765625,18599864,1490.0,1497.0999755859375,1480.699951171875,1482.300048828125,4819814,1357.0,1362.0,1343.300048828125,1345.300048828125,15926798
2025-11-03,411.3295333977877,412.9946188955417,404.816016646247,405.45269775390625,7635440,1482.300048828125,1491.4000244140625,1474.199951171875,1485.5,5470600,1340.5,1351.5999755859375,1337.9000244140625,1346.4000244140625,11071450
2025-11-04,405.50163308974254,405.99136936159005,399.96761919609156,400.5063171386719,10085404,1479.699951171875,1481.9000244140625,1462.9000244140625,1467.9000244140625,8691330,1342.5999755859375,1349.800048828125,1333.199951171875,1336.9000244140625,15211183
2025-11-06,401.58375221673697,404.8159997293463,398.20455990626584,399.13507080078125,10095563,1478.5999755859375,1483.0,1461.9000244140625,1466.699951171875,7944752,1330.0,1342.199951171875,1317.4000244140625,1320.4000244140625,24221853
2025-11-07,397.71483508178255,400.70224442999825,394.82540886238485,395.7558898925781,8411611,1470.0,1480.9000244140625,1449.0999755859375,1476.800048828125,8765759,1320.4000244140625,1344.300048828125,1318.5999755859375,1343.0,7719245
2025-11-10,395.75588876851964,398.7432981082502,395.3641057100178,397.22509765625,6650003,1490.0999755859375,1520.0,1490.0,1513.5,9787975,1342.9000244140625,1349.5999755859375,1341.0,1348.0,8542340
2025-11-11,397.6658554399186,399.673762211673,396.2945998476621,398.4984130859375,12005318,1525.0,1533.4000244140625,1511.0999755859375,1530.300048828125,13692989,1349.0,1360.4000244140625,1346.199951171875,1358.300048828125,8305184
2025-11-12,399.624797249309,399.7227504817627,397.22507756427666,398.64532470703125,7987236,1540.0,1559.199951171875,1538.0999755859375,1551.699951171875,14635417,1370.0,1370.0,1355.4000244140625,1358.9000244140625,9736761
2025-11-13,398.64534219930255,399.1350784919307,396.1966607361619,397.3720397949219,6617185,1557.0999755859375,1557.5,1530.300048828125,1541.800048828125,19655689,1358.9000244140625,1390.4000244140625,1358.5,1385.9000244140625,18296626
2025-11-14,396.3925660411311,400.3594180432725,391.8869861840081,399.771728515625,64020258,1520.0,1530.0,1488.800048828125,1502.800048828125,9739549,1374.0,1381.199951171875,1363.199951171875,1373.0,9694498
2025-11-17,401.3388824449565,403.542695710365,397.6658603359422,398.7432861328125,7855399,1496.0,1510.199951171875,1492.5,1507.5999755859375,7910354,1375.0999755859375,1382.5,1373.5999755859375,1379.0,7660717
2025-11-18,399.8696796229581,401.3878501610938,396.2456191310374,397.5189514160156,7661681,1506.0,1506.0,1483.199951171875,1486.4000244140625,7525119,1380.199951171875,1382.800048828125,1369.0999755859375,1373.4000244140625,9529560
2025-11-19,396.5394760749311,397.2250889394812,394.5315393710832,395.2661437988281,7882450,1490.5,1543.0,1490.5,1541.0999755859375,10981126,1373.5,1384.0,1371.5999755859375,1383.0999755859375,10393918
2025-11-20,395.2661449461201,398.64533728000737,394.97231513062155,397.1271667480469,6693410,1555.0,1555.0,1534.0,1536.5,7387584,1380.0999755859375,1388.300048828125,1375.4000244140625,1383.0,10131863
2025-11-21,396.68640238950724,400.1145564842314,396.39257256641207,399.4779052734375,5808131,1531.0,1551.5,1526.300048828125,1545.0,9186302,1373.0,1376.0,1364.5999755859375,1369.5,11483595
2025-11-24,400.01659174313806,400.4083747930425,394.580530934278,395.2661437988281,11037491,1563.5999755859375,1585.0,1541.0,1548.0,19270381,1373.300048828125,1377.0,1361.5,1368.4000244140625,15896003
2025-11-25,395.26615093538965,396.1966618504526,391.8869884414304,392.5726013183594,8199785,1549.0,1550.5999755859375,1525.9000244140625,1530.5999755859375,8107952,1365.0,1376.9000244140625,1354.300048828125,1357.800048828125,12235000
2025-11-26,392.7685066776832,395.6579627605675,392.71954500487413,394.04180908203125,11443953,1532.0999755859375,1560.300048828125,1532.0999755859375,1557.9000244140625,7575038,1360.0,1377.0,1359.9000244140625,1375.0,9659004
2025-11-27,395.21719681053185,397.61691665344256,393.8459411393536,396.0007629394531,8679529,1564.0,1574.300048828125,1552.199951171875,1566.4000244140625,7552252,1379.0,1394.0,1375.699951171875,1392.199951171875,15158741
2025-11-28,396.0007438980914,396.68638664627787,394.23770524722676,395.9517822265625,6883500,1565.0,1568.4000244140625,1557.0,1560.0999755859375,4453221,1392.0,1398.5,1385.5999755859375,1388.800048828125,7683986
2025-12-01,394.5315350586607,397.17612292608806,390.025985197311,395.9517822265625,13442658,1562.5,1574.0,1556.0,1564.0,5341800,1394.0,1400.0,1385.4000244140625,1390.0999755859375,8867593
2025-12-02,395.95179101910213,397.1761317458155,392.27876883896204,392.71954345703125,8093808,1567.0,1579.9000244140625,1556.0999755859375,1561.0,6335969,1381.800048828125,1381.800048828125,1370.5999755859375,1373.0,12126396
2025-12-03,393.45415715794644,393.94389346016385,390.66265425708065,392.2787780761719,10772192,1555.0999755859375,1586.0,1554.0999755859375,1578.699951171875,12895312,1367.0,1394.199951171875,1367.0,1391.5,7955933
2025-12-04,391.8869716290837,395.26613397807347,390.85850752111554,394.7763977050781,8057989,1568.0,1599.0,1568.0,1597.5999755859375,12609619,1387.0,1391.5999755859375,1379.9000244140625,1386.699951171875,7373909
2025-12-05,394.7763988983853,397.0292036956514,393.7479646784384,396.6374206542969,4419747,1610.0,1631.800048828125,1600.0,1616.199951171875,10344725,1381.0,1395.300048828125,1381.0,1392.5,4942638
2025-12-08,396.6374353457986,396.93126516491554,392.32773205787674,394.04180908203125,6056866,1617.0999755859375,1630.0,1600.199951171875,1610.800048828125,7550413,1387.0,1394.9000244140625,1383.300048828125,1389.5999755859375,7826227
2025-12-09,393.7479852919042,396.19666679247575,391.78904009144696,392.8174743652344,9426717,1601.199951171875,1606.9000244140625,1582.4000244140625,1599.0,6957599,1379.9000244140625,1384.300048828125,1373.4000244140625,1375.199951171875,10492030
2025-12-10,392.86645232636994,396.09869983875063,392.7684990915125,394.8743591308594,6969146,1608.0,1608.0,1582.800048828125,1584.800048828125,5116140,1377.9000244140625,1379.4000244140625,1357.9000244140625,1363.5999755859375,8725381
2025-12-11,394.8743542225189,395.70691187176226,392.86644744298803,394.6294860839844,6980147,1598.0,1607.4000244140625,1580.5,1598.0,5159319,1363.699951171875,1366.5999755859375,1352.800048828125,1360.0,6734750
2025-12-12,394.62950473294,395.7069305716336,391.6421252580969,391.8869934082031,12407516,1601.4000244140625,1601.800048828125,1582.5999755859375,1598.199951171875,4633912,1368.0,1370.699951171875,1363.300048828125,1366.0,3890885
2025-12-15,391.8869873292014,395.07027323120263,391.29929779983655,394.04180908203125,7756564,1585.0,1610.800048828125,1585.0,1606.800048828125,4190558,1356.0999755859375,1370.0,1356.0999755859375,1365.199951171875,5342530
2025-12-16,393.16027238279855,397.4209839187486,392.81745101487064,393.4541320800781,12347384,1600.0,1603.0,1585.5999755859375,1592.9000244140625,5499258,1364.0,1368.699951171875,1355.5,1366.0,12359741
2025-12-17,392.76851874327417,394.8254172136723,390.9075267523928,391.5931396484375,8087490,1587.199951171875,1606.9000244140625,1586.0,1602.0,4817628,1365.0,1365.0,1343.0999755859375,1352.4000244140625,9440391
2025-12-18,391.7890335950218,393.69901709025,391.6421186856499,392.1808166503906,7227668,1610.5,1630.0,1606.699951171875,1626.800048828125,6577293,1346.300048828125,1369.5,1345.5,1356.800048828125,7314573
2025-12-19,392.0339082415041,394.38463650382647,392.0339082415041,392.8174743652344,10654835,1650.0,1654.9000244140625,1629.800048828125,1638.699951171875,13149023,1354.0,1360.4000244140625,1350.800048828125,1354.0999755859375,14318512
2025-12-22,393.35619843948285,395.3641052941498,392.96441538139317,394.4336242675781,6847871,1664.0,1693.199951171875,1664.0,1689.5999755859375,23098923,1358.0,1371.300048828125,1354.800048828125,1368.5,9375294
2025-12-23,394.2377112153877,400.50632971362984,393.5520684568217,398.9881591796875,10081997,1679.0,1679.0,1656.4000244140625,1668.300048828125,6593060,1361.0999755859375,1365.0,1357.0,1363.0,9105467
2025-12-24,399.5758645628573,401.09403515706003,397.323059617528,398.2535705566406,5777430,1661.0,1667.5999755859375,1652.5,1663.4000244140625,4271167,1363.800048828125,1368.199951171875,1357.5999755859375,1359.800048828125,8955140
2025-12-26,398.1556179415121,398.7922691629462,395.5600214903535,395.8538513183594,3152453,1663.4000244140625,1668.800048828125,1651.699951171875,1656.0999755859375,2006491,1356.5,1362.0,1348.5,1350.4000244140625,2812144
2025-12-29,395.80487169747335,396.4904845621106,393.2092753640043,394.3356628417969,6647710,1658.0,1673.0999755859375,1637.0999755859375,1644.699951171875,4062817,1352.0999755859375,1355.699951171875,1341.5,1343.300048828125,6057201
2025-12-30,394.7274371230106,395.1682117263742,392.0828492850893,392.376708984375,12340527,1647.0,1647.9000244140625,1616.800048828125,1621.5999755859375,9395937,1343.300048828125,1347.0999755859375,1338.0999755859375,1342.5,18621277
2025-12-31,392.8664555965065,395.462051940615,392.62158745289,394.7274475097656,9945109,1621.0,1628.5999755859375,1609.199951171875,1615.4000244140625,6538656,1342.800048828125,1350.0,1339.5,1342.9000244140625,6150634
2026-01-01,394.4336191525785,394.4336191525785,355.2547160290497,356.381103515625,282626710,1615.4000244140625,1639.5999755859375,1614.0999755859375,1629.800048828125,3658165,1343.9000244140625,1348.4000244140625,1336.0,1338.0,4179311
2026-01-02,352.6101130575833,352.6101130575833,338.1628931475851,342.8643493652344,118790358,1635.9000244140625,1643.5,1627.5,1640.4000244140625,2524526,1338.0,1356.9000244140625,1336.300048828125,1355.4000244140625,8226205
2026-01-05,343.0113122216596,346.68433442609853,338.9464770691755,342.5215759277344,48358124,1637.0,1637.0,1583.0999755859375,1606.4000244140625,5917885,1354.199951171875,1375.5,1352.5999755859375,1371.5,6920565
2026-01-06,343.06028462397126,343.50105925874186,330.816876892923,335.42041015625,72582738,1600.0999755859375,1619.9000244140625,1599.0,1612.199951171875,4466729,1372.0,1413.5999755859375,1366.0,1411.199951171875,17260416
2026-01-07,335.9591026893029,337.4772732668689,332.33504210325714,334.2450256347656,29440734,1615.0,1642.0,1615.0,1639.0,4508079,1408.0,1429.9000244140625,1404.199951171875,1427.699951171875,15813795
2026-01-08,334.48988067886347,338.06494956001615,332.09016094008854,333.9021911621094,36706319,1638.9000244140625,1644.300048828125,1608.5999755859375,1613.300048828125,3942131,1429.0,1442.199951171875,1423.300048828125,1435.0,14861699
2026-01-09,333.9022093273418,334.0001625673181,329.20075271979715,330.22918701171875,35193201,1610.0,1631.300048828125,1607.0,1614.0999755859375,6816681,1427.0999755859375,1429.5,1401.5,1404.300048828125,12555636
2026-01-12,331.306606816801,332.5309475663088,328.9068869913131,331.4535217285156,16156143,1610.0999755859375,1613.300048828125,1592.5999755859375,1595.9000244140625,6985362,1399.9000244140625,1424.300048828125,1391.699951171875,1413.0999755859375,10923811
2026-01-13,332.0412186059658,332.5309549165941,326.8500256697591,327.8294982910156,24922339,1618.0,1618.0,1586.4000244140625,1599.0,8080618,1420.0,1441.800048828125,1411.0999755859375,1437.0,14295581
2026-01-14,329.1027892200336,329.1027892200336,326.6051460797269,327.8784484863281,14913422,1588.0,1617.0,1583.0999755859375,1599.800048828125,7557157,1425.5999755859375,1443.9000244140625,1414.9000244140625,1418.4000244140625,13832255
2026-01-15,327.8784484863281,327.8784484863281,327.8784484863281,327.8784484863281,0,1599.800048828125,1599.800048828125,1599.800048828125,1599.800048828125,0,1418.4000244140625,1418.4000244140625,1418.4000244140625,1418.4000244140625,0
2026-01-16,330.5719932075216,330.5719932075216,321.805701727492,322.4423828125,30526898,1663.699951171875,1694.0,1653.4000244140625,1689.800048828125,19335957,1417.9000244140625,1429.0,1400.199951171875,1410.800048828125,12530886
2026-01-19,323.22593594715954,327.7804772481891,320.58134815114005,326.3602600097656,15507440,1685.0,1685.0,1666.5,1681.199951171875,5104958,1399.9000244140625,1400.0,1360.0,1380.5999755859375,23302883
2026-01-20,327.1928108616433,327.6335854891576,318.81833206792464,319.6018981933594,18771011,1673.0,1680.199951171875,1652.9000244140625,1658.9000244140625,6406503,1374.699951171875,1387.800048828125,1371.5,1375.800048828125,15012785
2026-01-21,319.3080504008492,322.54029785029536,317.6919266761261,318.0837097167969,14177965,1651.0,1657.0,1631.199951171875,1654.4000244140625,6224582,1367.5,1371.5,1339.5,1349.0,21766068
2026-01-22,319.4060118581559,321.9526465247838,314.4596574325432,318.1816711425781,18622852,1666.0,1671.199951171875,1653.800048828125,1663.5,6228892,1355.0999755859375,1358.0,1338.0,1345.5,17179765
2026-01-23,318.86727355776696,319.69983119529894,316.0758007306446,316.76141357421875,11950089,1667.199951171875,1675.699951171875,1662.199951171875,1670.800048828125,5869137,1340.5,1355.199951171875,1335.699951171875,1343.4000244140625,14056524
2026-01-27,316.95731824004827,318.034744006556,311.32535116493864,312.1089172363281,47847784,1685.800048828125,1689.4000244140625,1661.0999755859375,1682.699951171875,10673087,1340.0,1369.0999755859375,1328.5999755859375,1361.4000244140625,25263634
2026-01-28,313.38226801086364,317.0552902337236,312.7945784769798,314.5576171875,28400238,1680.0,1688.800048828125,1650.0,1666.5,8588664,1362.5999755859375,1380.4000244140625,1362.5999755859375,1367.699951171875,13242696
2026-01-29,315.97785732428986,315.97785732428986,311.52123919238704,312.0599670410156,17719420,1658.0,1666.5,1642.0999755859375,1659.5,4749582,1359.0,1387.699951171875,1354.4000244140625,1383.5999755859375,23118234
2026-01-30,312.25583980702623,318.4754965339916,309.95410320661756,315.5370788574219,41975824,1655.0,1655.0,1618.0999755859375,1641.0,9207926,1368.199951171875,1381.9000244140625,1353.199951171875,1355.0,24013717
2026-02-02,303.09778990932085,308.92563359629287,295.8007075190383,308.2400207519531,35227572,1662.0,1662.0,1618.0,1629.4000244140625,6784887,1329.9000244140625,1354.4000244140625,1329.0999755859375,1352.800048828125,12800245
2026-02-03,314.60661217674976,318.08372796245794,305.2036692056378,310.1499938964844,33168353,1727.199951171875,1728.0,1653.0,1656.0,8805868,1412.0,1417.0,1373.4000244140625,1389.699951171875,24896698
2026-02-04,312.5,314.95001220703125,311.3500061035156,313.8500061035156,11196759,1574.0,1584.9000244140625,1510.0999755859375,1535.800048828125,28828622,1387.0,1414.0,1386.9000244140625,1408.4000244140625,11080683
2026-02-05,313.95001220703125,315.3500061035156,309.29998779296875,310.20001220703125,15816704,1534.0,1551.0,1515.699951171875,1520.199951171875,10628127,1414.0,1414.0,1393.199951171875,1396.5,8982761
2026-02-06,310.0,327.70001220703125,308.29998779296875,325.79998779296875,68057745,1522.0999755859375,1525.0,1480.0,1507.0999755859375,13900866,1396.699951171875,1410.5,1394.699951171875,1406.0999755859375,10851190
