,ITC.NS,ITC.NS,ITC.NS,ITC.NS,ITC.NS,HDFCBANK.NS,HDFCBANK.NS,HDFCBANK.NS,HDFCBANK.NS,HDFCBANK.NS,ICICIBANK.NS,ICICIBANK.NS,ICICIBANK.NS,ICICIBANK.NS,ICICIBANK.NS
,Open,High,Low,Close,Volume,Open,High,Low,Close,Volume,Open,High,Low,Close,Volume
Date,,,,,,,,,,,,,,,
2025-02-06,426.06336046890937,426.06336046890937,414.8910439076552,417.63677978515625,17469129,856.1770794811201,862.8370567631686,850.5037655001158,860.29638671875,26760716,1265.2372940723083,1269.2066659752802,1253.5275985042942,1262.6572265625,8396554
2025-02-07,416.59528946296075,421.8027305812478,405.6123169619012,407.9320068359375,18875982,863.3304057123341,871.7170439392539,850.997114202158,854.8204345703125,23509600,1262.2603567708522,1265.2373859141799,1239.9823038025354,1247.2760009765625,7382039
2025-02-10,404.2867622150675,410.25163731299205,403.8133585122395,404.47613525390625,12227140,847.1984039096569,850.2323451556149,842.8570616226162,846.4337158203125,17195950,1247.5735745348811,1255.3138984101563,1239.7837061908433,1252.9322509765625,5740361
2025-02-11,405.9910391677168,407.64795227119043,395.2921261144242,396.049560546875,14288751,840.1437497009048,844.090402664855,833.0890834393857,839.3544311523438,22724704,1246.2339539700604,1252.188012073483,1238.8410469458931,1243.15771484375,6586627
2025-02-12,397.34792371808146,397.97305679084684,392.01021063862936,394.22222900390625,13884574,835.2104321766692,844.5837329512449,829.38909497558,842.0184326171875,22809570,1247.5735208959845,1260.0274734986122,1235.119689428972,1242.2149658203125,8809352
2025-02-13,394.27031475204564,398.1173234410263,393.35663844827394,394.0298767089844,12989029,838.1704689996619,845.6937766231139,835.4818356095761,837.5291137695312,12602434,1242.9592342670746,1256.3061987457909,1236.3601292961446,1239.337158203125,7263785
2025-02-14,396.0014661827297,400.2812751894459,392.77959046029304,394.558837890625,14124236,839.601120018604,839.601120018604,828.7971451888767,836.1231079101562,19959892,1242.5126718509223,1253.8254065127483,1234.9212235163006,1250.451416015625,10368438
2025-02-17,394.12603937418936,395.6648487625189,391.1927069076455,392.9719543457031,11975265,831.3624591587258,848.5304243918573,829.413823260936,847.2230834960938,12938946,1241.5699462890625,1248.5163471638045,1223.8069826822411,1241.5699462890625,8386151
2025-02-18,392.39491018757707,395.1359099155748,388.54790126416947,389.7500915527344,12998403,845.1017788797033,854.2284140997132,841.697778564227,850.0350952148438,16350910,1243.3065364897366,1247.9705000138076,1227.5779245772142,1233.531982421875,8135042
2025-02-19,389.3172697473528,393.1642784577035,389.02875583421536,390.8560791015625,7079032,847.0504387449713,857.3610822217985,844.8057556604201,852.0823974609375,11884112,1225.3947820253827,1254.7681118615644,1220.8300282561831,1251.9896240234375,10683412
2025-02-20,384.65279872265523,388.45170224904115,381.0462280233567,386.6724548339844,15355585,844.0904430253034,845.9157460199498,831.4118438608401,832.2998046875,26390510,1245.7378271028595,1254.3216187366877,1237.203701075922,1240.379150390625,8398849
2025-02-21,386.6724764914858,387.8265909200422,383.93150608677536,385.56646728515625,8240986,829.2411711352042,836.1724445897772,827.4404985932164,834.9638061523438,15680940,1231.5968971791747,1235.1693078219741,1215.173692889092,1223.50927734375,7786428
2025-02-24,384.700874956215,387.97082652327333,383.4986847219768,386.5281982421875,7037625,829.339781575346,830.8690975664632,819.4731490892408,827.366455078125,20693646,1217.3071583182455,1222.467414805944,1200.9831637697991,1209.0211181640625,11522480
2025-02-25,386.62438730224534,391.43314833834296,385.1817589914161,389.3653869628906,15760891,824.406500920576,832.7438177754724,824.406500920576,829.9564819335938,24138708,1217.2079253456668,1222.2193060560244,1211.6508286551266,1214.7767333984375,11059417
2025-02-27,389.3654104380863,390.9522958056036,384.2200299491726,386.2397155761719,19051003,830.0552335524236,843.9671626938127,830.0552335524236,839.0091552734375,35786800,1215.769120615194,1225.3947998146707,1209.1203494513463,1213.0897216796875,12008162
2025-02-28,383.73912917511376,387.10526188717614,377.1992259318174,379.8921203613281,31954776,831.2638337603047,857.0404125816553,831.2638337603047,854.6477661132812,54516728,1206.6891556122284,1215.620243112648,1190.9108768010287,1194.8802490234375,20215075
2025-03-03,380.8057848257319,383.7391172146777,376.23746200174764,382.2484130859375,10702826,858.2984018170607,859.9017296292334,835.7531099870528,839.428466796875,21205364,1201.2312348006667,1207.6814644794808,1194.929880803104,1196.964111328125,8158881
2025-03-04,380.2768157418011,382.00798731989397,377.82435936077115,379.74786376953125,13404774,837.6771272358142,845.7184570804238,835.3338019387764,843.5971069335938,19920958,1197.9068433475454,1207.334101585249,1197.0137104452713,1201.1319580078125,9574490
2025-03-05,379.4112349821189,396.9632122658291,379.4112349821189,389.5577087402344,15665018,839.6257577393887,843.991790915382,832.8671383829512,833.73046875,21583872,1207.6814517983407,1216.5628733470458,1202.0251450551775,1206.391357421875,9052846
2025-03-06,393.5009194323491,394.0299007695933,385.22984437591543,390.1828918457031,17869996,832.2504799228543,838.6144701478811,824.973838204501,834.3224487304688,32966088,1218.5476101118768,1218.5476101118768,1199.7427576093883,1208.7235107421875,11949475
2025-03-07,388.11510203965406,390.3271497866334,386.33588388818345,388.45172119140625,11180761,829.7838192395386,839.2311321984157,827.6131479773222,833.3604736328125,13372914,1201.8265880949464,1208.5249033729367,1197.0634143564148,1205.250244140625,6620284
2025-03-10,385.7107105996322,391.2888910064267,385.0855775356017,389.5096435546875,9785018,833.2371287977431,838.6144556459366,830.3018296675241,832.4971313476562,15604050,1198.7503263397664,1216.4140799337886,1198.7503263397664,1205.5478515625,7363437
2025-03-11,386.1435403860541,392.77962524740065,385.8550264422196,390.6637878417969,11099475,829.9811819724781,835.7038170818192,823.8885481247595,831.510498046875,19898430,1207.8798680000234,1238.4440812807522,1207.8798680000234,1235.864013671875,10927950
2025-03-12,390.85607392496263,397.4921579923581,388.547874599392,396.6265869140625,13844306,834.4951408301645,847.7904041385841,834.4951408301645,844.1644287109375,18784106,1237.4020778822246,1242.3637929723905,1225.8413786306357,1234.425048828125,11548372
2025-03-13,397.2036849356402,398.55013223484355,392.5872858097,396.2900085449219,8196569,846.5818201293218,848.9251455168071,838.6885135609504,841.9197998046875,15736264,1241.4707365370484,1245.9858244254206,1235.7647643884725,1240.4783935546875,8132940
2025-03-17,397.20363838043716,400.32933287132437,391.43312547418384,392.3468017578125,5257805,841.1304307424771,850.5037317302232,841.1304307424771,843.79443359375,18950652,1247.4248742515454,1264.1953748180651,1245.1424367918191,1259.2833251953125,11164812
2025-03-18,394.31842149451984,396.1938501173774,392.1544789375377,393.4528503417969,13861897,843.79443359375,843.79443359375,843.79443359375,843.79443359375,0,1259.2833251953125,1259.2833251953125,1259.2833251953125,1259.2833251953125,0
2025-03-19,394.3184059049263,395.0397200620695,387.20144542451675,387.63421630859375,12830387,855.930432694155,863.823739278078,854.5490799535085,860.4197387695312,15221406,1295.6029599370165,1308.2057883620175,1292.1794251380722,1303.0455322265625,11278014
2025-03-20,389.50964497469676,391.0965302508203,386.5282072542035,388.49981689453125,16994037,865.3037412350927,875.1703745445009,862.985106495842,872.5803833007812,17833978,1309.8927772461004,1314.1102350516276,1301.0113557334153,1311.5797119140625,10886735
2025-03-21,390.4233291082126,391.9140333230442,386.3358821349048,390.0386047363281,25302035,866.0684175252852,875.2196836615442,866.0684175252852,873.3696899414062,33508264,1305.923445707521,1338.6707661545943,1301.5571120874529,1332.81591796875,60494318
2025-03-24,391.4331323758087,397.05938842867533,390.08668521067875,395.1839599609375,14362572,877.6369838460287,890.1676194932312,874.997671627427,887.9969482421875,17393736,1345.5675050388625,1362.4870024308004,1334.7510627437973,1347.750732421875,9352280
2025-03-25,396.2419041658655,399.36759879824183,393.06813366389935,394.12603759765625,20338110,890.4143157035983,909.5555477752322,888.7369760332164,898.5789184570312,39101416,1348.5941513991709,1353.3574463042776,1319.8658696966822,1333.4112548828125,16419207
2025-03-26,394.60692684899476,395.47252733324694,390.71184207125464,391.769775390625,13891436,900.3302775382388,901.5636066855513,888.9836493829623,891.2283325195312,24478442,1333.7586400786652,1347.6017762925185,1321.304687138062,1325.6710205078125,10859639
2025-03-27,392.3948763562974,394.99161889585264,390.1347529385877,393.7894287109375,18642328,887.9969842041877,908.2235821777275,887.0596420099644,900.5029296875,41658100,1322.9420827344788,1341.1515523929718,1322.9420827344788,1326.415283203125,15109614
2025-03-28,395.18398159578936,399.7042287729926,392.5391629889967,394.0779724121094,12981873,902.3036249715724,905.7569466636451,890.8829847599874,901.908935546875,28773648,1325.7702231722565,1347.5521031600986,1317.0375564815454,1338.025634765625,8266544
2025-04-01,394.1260406660441,398.55010666561213,390.08669902758044,391.0965270996094,15206240,888.9836405685396,892.8809726796349,870.9030234039785,872.1363525390625,28511006,1329.739654923708,1341.995067068455,1305.328040709696,1308.3546142578125,14288024
2025-04-02,391.4812500970324,394.31843103609066,390.51949782621267,393.4047546386719,8001323,873.5423260418547,887.602278026219,873.5423260418547,886.4676513671875,11573564,1312.026343402594,1327.705290380845,1312.026343402594,1321.056640625,8042214
2025-04-03,391.4812095354885,394.51075235495847,391.1446197558559,393.7413330078125,7059566,878.6729886492828,889.9702954640933,876.6503409310941,885.456298828125,11250038,1311.8278468858045,1322.7932860458366,1311.1332552048473,1319.3697509765625,4591008
2025-04-04,391.91401018990615,397.01128496266676,389.0287536731707,394.0298767089844,18627592,894.4102660639704,908.6921929973271,893.4729239008652,896.5316162109375,33540454,1319.3697112264526,1328.3007984100484,1311.9766830431024,1325.07568359375,8648542
2025-04-07,375.2276160600784,392.49107984083315,375.2276160600784,390.51947021484375,26762866,869.6450067324856,878.0562747489253,857.5090006629878,867.1289672851562,37995450,1285.3322768617725,1314.854481252151,1255.3139009690346,1277.6912841796875,19185012
2025-04-08,396.14571046934793,399.89653803876325,391.6735687769548,396.7708435058594,18600796,870.730371547347,879.1170096868965,863.4784203033727,872.7777099609375,35563872,1289.8969896705237,1300.0189606799747,1277.4927025037578,1289.9466552734375,13085762
2025-04-09,397.20367078899557,403.02226003741157,395.5206043873473,400.37744140625,21785572,870.7303466796875,875.6636630914704,865.0570328061372,870.7303466796875,22454608,1294.9579703581671,1295.106846037701,1274.6646041339118,1290.83984375,13005622
2025-04-11,403.9359315444841,406.292236218633,401.05067489059496,405.4266357421875,8939356,875.540352413462,897.567622795633,875.540352413462,891.3269653320312,32775766,1295.1067945023049,1314.8544439632922,1295.1067945023049,1301.606689453125,13064247
2025-04-15,412.78405461806295,412.78405461806295,402.97417047029376,404.32061767578125,11685880,920.0634812745557,925.8848185421238,915.1301650210728,920.01416015625,49298344,1340.655373037739,1343.9301533432258,1325.9686484021752,1339.8614501953125,15202603
2025-04-16,402.01244544834776,409.754539416005,402.01244544834776,408.21575927734375,13034594,929.3381542000717,929.3381542000717,917.8435030643678,926.476806640625,19136820,1346.6094196449503,1349.2886972283168,1332.6174078978706,1346.0140380859375,14039073
2025-04-17,408.7446879057106,411.48568756526555,405.4266310519838,410.90863037109375,22410217,928.4501090482869,947.0486870380013,925.8354273732423,940.6353759765625,35703084,1351.5711498907554,1398.112060263163,1349.6856739861041,1395.9288330078125,17490424
2025-04-21,411.6780349602343,412.6878924233474,405.3785695227371,406.67694091796875,27388236,949.170085798879,962.3420166432835,942.2634427629204,950.6994018554688,34247298,1425.004587897116,1425.004587897116,1393.9442026732427,1399.0052490234375,16882426
2025-04-22,409.6583488347964,418.169832064902,407.3501201449234,417.0157470703125,32031936,954.5967457498784,972.1593405008402,954.5967457498784,967.7686767578125,45961750,1401.9823098324273,1407.9363681338637,1388.1887172069748,1405.6539306640625,16135274
2025-04-23,419.5163213012109,420.7185115509847,412.4474367624713,414.3709411621094,19566317,976.2540297557508,976.2540297557508,947.4434488933124,949.1207885742188,30570642,1418.0581618237188,1418.9512947601793,1400.4937389943566,1413.493408203125,13990764
2025-04-24,415.3327035949578,419.372045323511,412.88021781478574,413.6015319824219,26064089,942.2634238174406,949.1207455952106,939.8460867592294,945.6181030273438,25931754,1405.4554343163697,1410.3178180904442,1388.0894318786184,1391.95947265625,15678099
2025-04-25,413.60153406654683,416.1502009519827,407.10970652510946,411.4375915527344,22944377,949.5647662059754,953.6100615716746,933.2848220611925,942.8554077148438,18500878,1399.2035920369979,1403.966886762009,1377.769008045682,1394.04345703125,11705093
2025-04-28,410.3315915600767,414.0343435923546,408.5042681552906,412.39935302734375,6287095,942.8554253066497,951.982060830828,941.4741328194633,947.29541015625,13920492,1394.8373106964493,1424.0122194189871,1393.0511659597357,1417.8597412109375,10948561
2025-04-29,412.49552702272155,413.16876532622075,408.7446991826447,409.7064514160156,11189930,946.6048254524144,951.5381421157663,937.4288082816594,941.6715087890625,18918308,1417.8597077945897,1427.2869661678633,1411.7071085959242,1418.85205078125,10786910
2025-04-30,411.05290860172727,412.88023201920157,405.8594522861451,409.51409912109375,10026546,943.7434115323153,955.5340495753018,942.4114402150566,949.6633911132812,31936870,1422.0275444346203,1422.7221360927958,1389.2802248488963,1416.073486328125,14192027
2025-05-02,407.87911477952554,414.99607520497585,407.87911477952554,413.07257080078125,9263372,952.0314262519853,958.0007270723939,947.1967520748111,948.1340942382812,17840404,1415.9742091510598,1435.5233172200462,1413.6917718641512,1419.149658203125,8842434
2025-05-05,413.7938888263413,421.72834456792714,412.92831770641976,420.2376403808594,11525305,956.5700467268101,962.9833580251333,953.2647488384409,955.4847412109375,15068024,1428.9738894731652,1435.7218701832576,1415.081087769954,1418.455078125,4565705
2025-05-06,420.7666029152538,422.834364350939,416.43871785669694,418.89117431640625,15026568,952.1300492793257,957.112686715781,949.3180830668039,952.9686889648438,17490156,1418.0581160771362,1422.7220796211836,1409.5239906903596,1420.63818359375,6301690
2025-05-07,416.823396791454,418.362206178502,413.2649312686502,414.6594543457031,9710361,954.1033540161453,961.3553047488027,948.3807192627594,959.8259887695312,21420778,1414.0887881642996,1430.9586193213472,1410.119416127347,1424.4091796875,10480453
2025-05-08,412.59168381124715,414.9960642530376,407.350122708005,414.1304931640625,19937960,964.364722012384,964.364722012384,946.752746184645,951.3900756835938,34803430,1427.5846620245352,1437.8058437113664,1415.1803741209164,1424.5084228515625,15306490
2025-05-09,409.6583569091965,412.73594630577514,406.8211762096756,407.3501281738281,8226512,942.3127568324845,946.7034204881495,930.8181657127636,932.248779296875,17188796,1404.3638078003796,1409.0278927234135,1376.379782804671,1378.2652587890625,13491197
2025-05-12,413.072565475096,419.5163168862086,411.7741941489348,418.84307861328125,8031891,946.0127244576516,966.8806765571811,943.3981029435623,965.5486450195312,18618972,1398.6082269981746,1441.8743569081432,1393.249550653154,1437.4088134765625,9925445
2025-05-13,418.2660177094136,421.1993794721109,409.08129611962823,411.53375244140625,14976369,961.9967305905121,967.7686868855955,947.1967808891196,948.4794311523438,24242102,1429.0731325397105,1436.8134564073198,1416.4704248722041,1419.6458740234375,12475424
2025-05-14,410.7643618513902,415.332684705315,409.6102474955229,412.6878662109375,9557309,948.2327622761527,952.2287366384547,938.8101397074491,942.5594482421875,15445308,1418.9512828044426,1429.6685145448027,1406.4477852062123,1415.279541015625,8026837
2025-05-15,412.6878727466996,418.74689983509177,409.7064350721147,416.1020812988281,24263510,943.9901042439285,959.4314088460198,935.85013208818,954.0047607421875,32241458,1414.9819190581854,1445.3475908699352,1404.6615275498752,1439.6912841796875,18209264
2025-05-16,418.26604202592637,419.51633754430964,415.573147502307,419.03546142578125,16402035,954.0047801554118,958.9380967138302,951.340777169636,954.44873046875,15868010,1442.172107583965,1447.5306627908633,1435.920298328426,1442.86669921875,6439208
2025-05-19,418.362202884726,421.72833555161463,416.10207936688846,418.6988220214844,7543854,955.5834183781088,959.5300716290252,952.6234284399217,956.4220581054688,10202964,1435.4241717584057,1448.5230511072755,1432.7448940711074,1437.905029296875,6005334
2025-05-20,420.28573786333305,423.9403847133091,416.3425477249801,418.26605224609375,9868414,951.1927398071444,954.3993955236706,943.7434439560598,944.6807861328125,23879090,1439.0957378026826,1447.8284044606678,1424.5083444847762,1427.1876220703125,11352383
2025-05-21,419.90103464370577,421.4398441006694,415.4769684613164,416.438720703125,5776672,950.6500948788123,960.4674068130723,947.739426083267,950.5514526367188,15132040,1431.8517946649677,1440.1875004165765,1427.485461067875,1433.637939453125,5510460
2025-05-22,416.43869651769444,416.43869651769444,406.7249935694986,409.8026123046875,19451749,944.828766015395,949.2687509312965,939.895449442171,947.1474609375,21306670,1430.0655182967434,1434.2334317099203,1416.867428660744,1431.057861328125,7245933
2025-05-23,417.40046939575757,422.20923056391143,412.59170822760365,419.61248779296875,18536884,947.2460290070277,955.583345407158,944.4833839865793,953.906005859375,9566072,1431.1570706662649,1440.6836606711147,1423.4168677068544,1438.698974609375,5203706
2025-05-26,421.48791053602,426.58518556334417,420.0452822056058,425.9600524902344,13107662,954.5967478346391,961.947401503022,950.6007734925844,957.1620483398438,10802860,1446.8360701649403,1460.331910515487,1443.8590412139838,1449.4161376953125,5608725
2025-05-27,425.9600297748,427.2103252046928,414.37092787863105,417.30426025390625,26986022,952.9194312599001,961.0100826032541,945.3714929245052,950.3048095703125,26162148,1441.3782192942826,1451.7978208795425,1424.7068083036186,1435.324951171875,14842959
2025-05-28,409.12572033536514,413.92513013654184,404.5221871211176,411.57440185546875,431851622,947.295443323748,954.3501102535763,946.0621141556768,948.9234619140625,18157594,1436.5157355383742,1446.836127202333,1431.454810349359,1442.6683349609375,8618343
2025-05-29,413.337430183069,414.12099629331436,408.04828421108533,410.1541442871094,21478547,951.1433943336576,957.4580633637506,940.9314535555673,950.896728515625,28917794,1445.4467442494526,1451.698553407669,1433.9355900375203,1445.3475341796875,15545514
2025-05-30,410.49697001748797,411.4274510468685,407.85238205791916,409.468505859375,30656239,953.0674622365118,961.4047794767922,949.8608063918771,959.4807739257812,28748078,1448.7216268807567,1449.7139699197687,1433.2410996992944,1434.7296142578125,11803975
2025-06-02,409.7133679967952,411.8192579553598,406.0403458241328,410.6928405761719,14973380,952.1794133521448,955.0900821550082,941.276795842849,953.1660766601562,14668822,1430.9586389930196,1448.8208134048605,1421.8291316367724,1439.3935546875,9458990
2025-06-03,410.3990201585084,413.04360813984886,407.1177809642176,408.39111328125,13216486,956.0767204883472,962.9833634640112,947.1967509482078,949.466064453125,24377584,1443.7598455387374,1443.8590556109682,1421.035166759386,1426.8900146484375,11167345
2025-06-04,408.586978384479,410.39900862513116,407.4116292300163,408.4400634765625,12598933,947.6901200517409,958.6914401720352,947.6407989299088,957.6553955078125,12961542,1426.3938661679927,1429.0731438395549,1415.4780930628378,1420.0428466796875,8025388
2025-06-05,409.9092587388879,412.30897842272395,407.2157092489669,410.4969482421875,13212523,961.0100588418235,966.3873858970264,957.1620478647775,961.7993774414062,22255418,1419.9436226094324,1447.8284366760695,1416.3712120373557,1443.66064453125,11385668
2025-06-06,411.67231694542346,412.6517895338172,410.39901453696416,412.40692138671875,8774988,959.0366899431259,984.8379583134906,958.3953347348495,976.1552734375,30127008,1437.5080878919146,1450.2101271201,1431.0578582020253,1448.5230712890625,11580994
2025-06-09,413.33744096123485,414.9046031137218,411.86823204786555,414.3658752441406,10473123,984.196594423998,984.196594423998,974.7739724063232,976.2539672851562,13202588,1453.7825541382838,1455.5688200651953,1422.4245382897982,1423.8138427734375,11022031
2025-06-10,415.78612073411426,419.75297282706833,414.3658735007135,418.23480224609375,13041075,978.1780428487654,978.1780428487654,967.472709657825,969.5447387695312,15533126,1427.9815809293386,1430.660858582463,1405.6538633679,1412.0048828125,12905272
2025-06-11,419.2142518774774,419.312205110815,416.12891931968926,417.4022216796875,20789182,970.6793723493836,970.6793723493836,960.516752091058,962.194091796875,11096394,1410.9133394459884,1423.5160472131458,1407.737769134025,1420.0428466796875,7136877
2025-06-12,418.2347759328376,418.43068239792314,410.9376935297822,412.3579406738281,18508835,961.9966994408974,967.4233474890254,954.7447484104943,958.74072265625,16349130,1419.5466979345517,1425.5007560873705,1409.127096167119,1414.2872314453125,7953247
2025-06-13,406.48111231744474,410.7418239308055,405.01190347774315,405.4036865234375,17873926,947.19676434732,953.6100757725884,943.7434428106371,946.0127563476562,12117762,1392.8526699787633,1410.6156346634868,1392.8526699787633,1405.2569580078125,7573103
2025-06-16,406.4321620890675,410.30106087453294,404.7670467340719,409.6154479980469,7006629,949.1700746468088,956.520728121515,947.2460692080249,954.7940673828125,16513746,1405.7530618658518,1418.0581392255135,1403.3714144517853,1415.9742431640625,5451137
2025-06-17,409.5174909056936,410.44797192026425,407.1667626963428,408.83184814453125,9028406,955.5834055099792,957.852719054467,946.7527569357399,951.9327392578125,16978736,1415.9742319665809,1418.8520508551696,1406.9439350146247,1412.302490234375,6970098
2025-06-18,408.4400661979771,409.86031339660474,406.3831678000489,407.3626403808594,8036215,945.7167603313338,955.2380851367438,945.7167603313338,954.0540771484375,18433816,1406.150024814166,1421.0351697486842,1399.402043989603,1401.78369140625,6751745
2025-06-19,407.11778041824044,409.66441515775824,406.2852227295919,407.4606018066406,12601006,954.0540746334422,960.4180648603083,949.9593979158449,954.7447509765625,16876220,1397.2189939427594,1403.8676438261634,1393.9442134714564,1400.4937744140625,8849883
2025-06-20,407.46057840418473,410.8887323090276,407.46057840418473,409.9582214355469,13203184,952.9193918485255,971.8140179089729,952.9193918485255,969.2486572265625,32900408,1400.4937821267788,1422.3253290273638,1399.4021078732494,1416.1727294921875,12408178
2025-06-23,408.4400574370469,408.9297937169475,403.2978264980913,405.4036865234375,14839890,961.2073364257812,965.8939867961492,957.9513597916495,961.2073364257812,11739518,1406.1500791810931,1412.3025575376569,1401.0891539348067,1409.226318359375,5514384
2025-06-24,408.3421256239387,412.0151479158747,405.25679287693885,405.844482421875,16690068,969.3966711141703,976.3033140635843,964.7593416610487,967.3740234375,22625322,1416.7680893764307,1424.9053748687675,1405.6538959425357,1413.1956787109375,11188438
2025-06-25,407.85236743319786,409.5664444107915,406.5790650634376,407.80340576171875,9946718,969.8900392545883,977.7833457795492,968.854054817417,976.8953247070312,18405932,1411.1117385952273,1417.9589294864209,1404.463088984364,1414.8826904296875,7527388
2025-06-26,408.635961243395,412.25999175637196,407.70545036119364,411.67230224609375,13703918,977.4873577522009,1000.032590400823,976.7966813877978,997.41796875,50084830,1413.8903780949927,1436.4165161110168,1410.814017835929,1428.080810546875,13617435
2025-06-27,412.3579493645105,413.3374219283217,409.2236252038625,410.0561828613281,21409935,1004.0015037809444,1007.393088107433,994.2258430942326,1004.9491577148438,28213384,1427.882386711014,1454.774858156496,1426.0961208320166,1451.00390625,22532899
2025-06-30,411.18257641188427,412.1130873177171,407.26468609870335,407.9013671875,12317124,1003.2533964547342,1004.400566128524,995.2732550959096,998.2658081054688,13649020,1450.6071028820047,1450.706312958781,1431.2564136212704,1434.7296142578125,6325073
2025-07-01,408.4400629554616,410.25209319380195,406.38316457386264,406.5790710449219,13670465,1000.0114368496795,1005.4977838847651,999.5126780283082,1003.5526123046875,14389386,1434.6302067068036,1436.5156826077227,1418.653508855977,1421.03515625,7761449
2025-07-02,408.3421042433258,408.3421042433258,403.2488648665335,404.47320556640625,15990899,1007.4429706558585,1007.4429706558585,986.4950998423908,990.5350341796875,18878250,1421.2336440793872,1439.8897415628453,1411.707175185214,1416.867431640625,13372280
2025-07-03,405.5016414226337,407.4605865502793,402.80809187212105,404.864990234375,14185298,994.9739612315547,1001.507689459166,989.6871300276722,991.0836181640625,16860506,1421.1344118511029,1435.027214103107,1412.798706272776,1414.98193359375,10177738
2025-07-04,406.383156862037,406.48111009570783,403.2978242937535,404.0813903808594,8256733,991.0836632772651,999.2633203019867,987.5424877454124,992.1809692382812,7863944,1416.0734952431667,1433.3402880878325,1410.2186471744621,1431.7525634765625,5066503
2025-07-07,404.52218073930493,408.63597758463175,403.54270814671577,407.6075134277344,6845218,992.0312782906421,996.7196233059492,989.4377568185034,991.2332763671875,11349426,1425.9968814549877,1429.8670433562065,1418.6535190770169,1424.706787109375,5177477
2025-07-08,407.60752214922184,409.5175057020906,406.1383132289018,408.635986328125,6807192,986.0462146584523,1000.0114620081927,986.0462146584523,998.2159423828125,15224316,1421.035188079707,1433.935647189369,1419.050502062836,1430.9586181640625,5315847
2025-07-09,407.65649685248883,411.6723104890166,406.9218924227146,410.83978271484375,9930533,1001.0089360727129,1004.4005203490875,996.5699704674603,1003.1036987304688,13861428,1425.2030375827696,1427.683895203639,1415.6765685457565,1420.93603515625,8827347
2025-07-10,411.67231432927395,411.67231432927395,407.8523772370402,408.29315185546875,6220360,1005.4977851253348,1005.9965439473215,997.5176439735463,1000.6099243164062,17030310,1425.7985078190466,1427.981614021397,1411.2109926594833,1413.1956787109375,7795964
2025-07-11,408.44007762067145,409.4685119028319,406.9708687083669,408.2441711425781,8578844,996.5201541247731,999.9117385623401,987.9913902076418,989.3878784179688,12516922,1411.111783317687,1417.0658414751456,1403.7684206963636,1411.0125732421875,7158015
2025-07-14,408.4890354163033,411.3295298660291,407.9992991168515,410.7908020019531,6896989,989.0387573242188,991.8816582943851,982.8541356715338,989.0387573242188,13088850,1413.9896019530586,1413.9896019530586,1405.2569348701418,1412.1041259765625,5846154
2025-07-15,412.26001519971453,413.72922411339215,410.3990232206159,413.4353942871094,8532755,984.0511806165923,999.3131887778599,984.0511806165923,995.2732543945312,14498168,1410.218682168871,1422.8215115677394,1408.134785993891,1419.844482421875,6041457
2025-07-16,413.43538226908703,416.7166213924788,411.67231368924485,415.8840637207031,9780773,1006.4952830829005,1008.8394251469304,993.826797075495,995.6722412109375,17994612,1415.081187967311,1418.25663727007,1408.2339967016344,1415.4781494140625,5649093
2025-07-17,417.05940633871836,417.1573595734722,414.3168951123935,415.2474060058594,7240795,999.5126501495852,999.9116815490105,988.8890631972324,990.98388671875,22529158,1410.1194736013367,1412.3025798563917,1398.7075285299677,1407.8370361328125,12927394
2025-07-18,416.4717411939595,416.4717411939595,411.4764251990089,414.072021484375,6730256,990.9838927216935,996.0213445308241,974.0759568696542,976.2705078125,16129446,1404.9592604817603,1418.0581395587762,1397.7151081655259,1414.8826904296875,11297246
2025-07-21,413.3374323697135,414.0720368111289,409.8113250726935,411.4764404296875,4822343,986.6446826643673,998.5151670456409,985.7968170158388,997.7670288085938,22309078,1436.9126621837045,1456.4617708047458,1425.9968891975022,1454.576416015625,13867136
2025-07-22,411.47644544690354,411.77027527059994,406.6770356826959,407.4606018066406,9869507,1004.051390877723,1006.4953213272488,999.0139388595042,1001.058837890625,14836814,1462.8128219007424,1470.6523559877205,1458.4464883845856,1462.316650390625,8930165
2025-07-23,408.53801949465566,409.32158560296745,405.5016485154682,406.4321594238281,12196187,1003.0039954915454,1012.3806857402005,999.0139248978445,1009.6375122070312,13634916,1471.5454755170424,1478.5910866693491,1461.3242940475627,1477.2017822265625,11974174
2025-07-24,407.3136721952123,407.3136721952123,401.04505375648824,401.5347900390625,9005157,1016.3208076773761,1016.3208076773761,1001.7072110041944,1004.5999755859375,19107176,1476.3086281822896,1477.3009711792895,1466.782159638216,1472.0416259765625,6700578
2025-07-25,401.58375275125957,401.8286208931811,399.3799394739661,400.9960632324219,5824089,1007.5,1007.5,999.5,1002.2999877929688,9306598,1488.5144734435703,1488.5144734435703,1462.31659448384,1465.789794921875,8696077
2025-07-28,402.36732868040224,402.41632024466196,400.21250691352043,401.4858093261719,8123337,1001.5,1010.7000122070312,1000.25,1004.25,12059580,1465.7898930637602,1482.3620946590604,1465.7898930637602,1477.00341796875,7507479
2025-07-29,401.5837527990323,402.9550084157297,399.62480766342725,400.0655822753906,6811772,999.9500122070312,1013.25,998.1500244140625,1010.7999877929688,19895696,1468.5685019046516,1478.3927223132807,1464.1029581857863,1474.8201904296875,9776027
2025-07-30,400.60428786940514,400.898117688896,397.4210019633524,399.2330322265625,10915863,1014.0,1016.2999877929688,1008.5,1012.9000244140625,15154036,1476.308661728485,1477.1025845983731,1465.9883912336757,1471.04931640625,7238625
2025-07-31,397.61690837848414,405.50165074201533,397.2250954310459,403.4937438964844,19364174,1007.2999877929688,1015.7000122070312,1004.0,1009.0999755859375,22183032,1458.6450618514623,1483.0566764606926,1452.7902136757805,1470.0570068359375,12406146
2025-08-01,403.9344853107258,410.74183168633,403.34679578552243,407.9013671875,14324065,1007.0,1014.1500244140625,1004.6500244140625,1006.0999755859375,11317258,1469.0645758820863,1473.7285394467383,1458.5457644921182,1460.3319091796875,4416771
2025-08-04,411.57439098396185,413.8271659664987,406.5790748366726,408.29315185546875,18352458,1005.0499877929688,1009.25,994.0499877929688,996.0,13933946,1465.492177404952,1467.4768633867377,1450.1108610461113,1451.9962158203125,6140054
2025-08-05,408.6359688485212,409.37057327725813,404.522172091142,405.6485595703125,8495104,993.25,997.2000122070312,982.75,988.7999877929688,23978058,1441.8743352750153,1450.3092505192255,1429.96621963613,1433.3402099609375,14799343
2025-08-06,405.6485541142926,406.4811117672226,402.07348525408406,403.5426940917969,9080543,985.5499877929688,994.0,985.0,992.6500244140625,14080204,1431.2564134495642,1442.866778550362,1430.561700640964,1432.54638671875,7805252
2025-08-07,403.542701181929,406.2362507650608,403.1998798022133,405.10986328125,11514878,990.0499877929688,1000.7999877929688,988.4000244140625,997.7000122070312,13081186,1430.0655302659995,1436.8135113901221,1418.1574137897542,1429.271728515625,7432535
2025-08-08,405.40370450279846,406.82395173394906,404.4732234643995,405.99139404296875,9814361,993.5499877929688,996.4000244140625,985.0,986.9500122070312,13895264,1434.8288259088201,1436.5157606227415,1421.0352334242946,1424.9053955078125,5415511
2025-08-11,405.99138530914485,408.4400667645679,405.5016490180602,408.29315185546875,8514272,987.9500122070312,998.7999877929688,986.5499877929688,997.7999877929688,9105854,1416.9666396615337,1427.3862414978396,1409.5240669213151,1425.5999755859375,8492484
2025-08-12,408.44005694659893,411.1825681542966,406.77494164048437,407.80340576171875,13635738,995.9500122070312,998.0,983.75,984.9500122070312,12937802,1431.0,1433.800048828125,1420.0999755859375,1422.0,5913947
2025-08-13,408.6359804112558,408.92981023461243,405.1098730753178,405.599609375,10874910,997.0,997.0,984.5499877929688,990.1500244140625,13577396,1424.5999755859375,1427.699951171875,1415.199951171875,1420.800048828125,9009465
2025-08-14,405.74650902132066,406.5300751148795,402.563223193151,403.0039978027344,9580361,989.0,998.0,985.5999755859375,995.5499877929688,17511716,1412.0,1431.0999755859375,1412.0,1427.300048828125,7577793
2025-08-18,404.5221643400549,405.207807083524,396.5394690122968,397.9596862792969,30950814,1005.0,1013.2999877929688,997.7999877929688,1001.7999877929688,19284796,1450.0,1452.4000244140625,1431.0,1434.5999755859375,6908844
2025-08-19,398.00869038492266,400.99606980890684,396.19666012675947,400.7022399902344,16681331,999.1500244140625,1003.0499877929688,993.3499755859375,995.5499877929688,12352438,1431.0999755859375,1438.5,1426.300048828125,1436.300048828125,6709554
2025-08-20,400.7022224165175,401.82860986020313,397.1271536208501,397.7148132324219,18188129,993.5,996.0,989.5,994.0999755859375,9950228,1432.5999755859375,1435.9000244140625,1423.0,1430.5999755859375,5817858
2025-08-21,397.7148339521601,398.49842996029514,395.07027588892424,397.22509765625,15028966,998.75,998.75,991.5999755859375,995.5999755859375,12439850,1440.0999755859375,1447.800048828125,1436.4000244140625,1446.0,6238645
2025-08-22,397.6658518940437,398.1555881648492,389.34033529035065,390.1239013671875,13087624,994.9500122070312,998.0,978.5499877929688,982.2999877929688,19833502,1444.300048828125,1446.0,1429.4000244140625,1436.4000244140625,6657207
2025-08-25,390.8095528920783,392.327723409267,388.1160033420702,391.1523742675781,10440286,980.0999755859375,988.7000122070312,978.5,982.0499877929688,17518044,1435.9000244140625,1435.9000244140625,1424.0,1433.199951171875,6738427
2025-08-26,391.1033999896865,397.07818887017044,390.22188062167817,395.0702819824219,13715752,979.5,985.7000122070312,968.0,973.4000244140625,16917731,1427.9000244140625,1427.9000244140625,1413.0999755859375,1416.5999755859375,8720155
2025-08-28,396.19667011274,396.19667011274,391.78904337477377,392.6705627441406,12471719,967.0,972.2000122070312,955.0,957.7999877929688,25438255,1408.0,1411.800048828125,1396.300048828125,1399.0999755859375,12990789
2025-08-29,393.74798505781916,402.02454048128317,393.6500318196282,401.3388977050781,25255050,954.0,963.2999877929688,950.0999755859375,951.5999755859375,14823813,1392.0999755859375,1405.0,1392.0999755859375,1397.800048828125,8519507
2025-09-01,401.3388884886885,401.77966310485994,396.68639374720885,397.5189514160156,12268090,949.5999755859375,957.4500122070312,946.3499755859375,950.5999755859375,20178344,1398.0999755859375,1412.4000244140625,1398.0999755859375,1411.0,4927348
2025-09-02,398.20457570023547,399.4779080217149,396.14770714215564,398.4004821777344,19808255,951.0,954.7999877929688,944.0,944.5,14196320,1413.9000244140625,1413.9000244140625,1390.0,1394.199951171875,7163073
2025-09-03,400.114535268611,404.76702986475766,398.9391562562904,403.2978210449219,12936588,945.0,956.2999877929688,940.0,954.4500122070312,16083481,1389.0,1400.0,1384.199951171875,1397.0,9813382
2025-09-04,415.24741259106247,418.2347920060821,406.4811210363561,407.3626403808594,27274123,960.2000122070312,965.7000122070312,956.25,961.25,17597657,1409.9000244140625,1415.0999755859375,1401.9000244140625,1405.5,10564859
2025-09-05,408.3421103092152,408.4400635448862,396.09870312861307,398.9881591796875,16000675,967.5,967.5,954.0499877929688,963.4000244140625,11602111,1411.0,1411.5,1387.699951171875,1402.800048828125,6621077
2025-09-08,399.08612816526716,402.1224693529809,398.44944705384466,399.1840515136719,7419022,969.0,973.1500244140625,960.4500122070312,966.0,11711307,1402.199951171875,1410.5999755859375,1397.5999755859375,1402.699951171875,5880943
2025-09-09,400.1145503991436,402.51427018540727,399.0371245789613,401.6327209472656,8825896,974.0,974.4000244140625,962.7000122070312,965.1500244140625,13985539,1399.0,1407.5,1395.199951171875,1403.699951171875,6470679
2025-09-10,402.56322964572416,405.2078175633528,400.555322816839,404.5711364746094,9252397,973.9000244140625,973.9000244140625,961.7000122070312,965.9000244140625,18091100,1410.0,1413.699951171875,1402.0999755859375,1403.9000244140625,7452347
2025-09-11,404.5711451336769,408.1462440335788,403.9834854870758,406.53009033203125,8274406,960.2999877929688,969.25,959.9000244140625,967.7999877929688,15113633,1398.0,1408.0,1396.0,1401.5999755859375,10192026
2025-09-12,406.82393698895356,408.48902241943284,404.37525556960406,405.25677490234375,7803379,969.9000244140625,970.75,962.25,967.2999877929688,14363519,1405.0999755859375,1419.699951171875,1400.0999755859375,1417.699951171875,7770038
2025-09-15,404.5711348581344,405.7954755760093,403.29783246799684,404.1793518066406,5707331,969.5999755859375,972.3499755859375,965.0,967.0499877929688,14486377,1422.0,1426.800048828125,1416.300048828125,1419.4000244140625,5845637
2025-09-16,404.7180704209207,405.8444578774336,403.54269140213233,404.6201171875,8239087,961.2000122070312,969.3499755859375,961.2000122070312,966.8499755859375,18661794,1414.0,1424.9000244140625,1413.699951171875,1421.5999755859375,8213151
2025-09-17,405.45267306623015,406.08932424399245,399.6737611220478,400.8981018066406,14113882,965.1500244140625,974.4000244140625,964.3499755859375,966.5,17361476,1420.0999755859375,1426.0999755859375,1416.4000244140625,1419.199951171875,7484283
2025-09-18,402.90605212943706,404.5711375822802,401.68171140331816,403.1019287109375,15647808,973.2999877929688,979.6500244140625,969.25,976.9000244140625,17791598,1431.0999755859375,1432.800048828125,1415.300048828125,1421.699951171875,8130537
2025-09-19,403.101917268776,404.13038138420126,400.55531254363956,402.22039794921875,19505321,974.9000244140625,976.7000122070312,962.0999755859375,966.9000244140625,31243267,1416.0999755859375,1418.0,1400.199951171875,1402.199951171875,13457344
2025-09-22,402.2204050878021,402.56322646569487,397.7148252853857,398.59637451171875,8930779,964.0,971.2000122070312,961.9500122070312,964.2000122070312,10854415,1403.9000244140625,1409.9000244140625,1397.199951171875,1401.5,8847948
2025-09-23,398.7433075819584,399.7227801970498,393.8459445065011,394.9233703613281,14936357,967.0,968.2000122070312,955.5,957.2000122070312,21022298,1391.0,1403.300048828125,1391.0,1394.300048828125,12827524
2025-09-24,394.9233452248436,396.34356249165154,392.4746638429711,392.76849365234375,12380865,952.2000122070312,956.4500122070312,943.0,951.0499877929688,15117220,1386.4000244140625,1390.9000244140625,1376.5,1382.699951171875,9735678
2025-09-25,393.209287397003,394.7274579712088,389.83009496908466,391.8869934082031,22006368,952.5,958.0,947.4000244140625,949.8499755859375,31413279,1377.0,1391.5,1371.800048828125,1375.800048828125,21613389
2025-09-26,391.8869695711551,397.5678983516164,391.59310987422305,396.7843322753906,14414044,945.0999755859375,951.4500122070312,941.2999877929688,945.0499877929688,14874656,1368.0,1372.699951171875,1357.0,1359.5999755859375,18342280
2025-09-29,398.5473763816621,399.6248021696593,394.9233458652918,398.89019775390625,19717660,946.0499877929688,956.7999877929688,939.0999755859375,950.2999877929688,32398179,1359.5999755859375,1366.5,1346.199951171875,1348.0999755859375,20563163
2025-09-30,398.4004591506758,398.4004591506758,392.1808024887207,393.30718994140625,9465490,958.0499877929688,960.0,946.2999877929688,951.0,28296687,1353.699951171875,1356.5999755859375,1342.5999755859375,1348.0,20166871
2025-10-01,394.0907925326749,397.665861416941,391.5441578852763,397.2740783691406,17643039,952.7000122070312,969.5999755859375,946.0,965.25,25350832,1348.0,1379.4000244140625,1347.0999755859375,1372.0,20952632
2025-10-03,396.58845248171,397.1761420239669,394.04181772601805,396.0007629394531,16987141,952.0,966.75,952.0,965.1500244140625,26658296,1371.9000244140625,1371.9000244140625,1361.300048828125,1365.199951171875,12163695
2025-10-06,394.7274338215943,395.60895312981853,391.5931097355416,392.52362060546875,13989077,971.9000244140625,977.4000244140625,962.0,973.4500122070312,18542683,1371.0,1372.5999755859375,1359.0999755859375,1363.4000244140625,14314283
2025-10-07,394.237727666254,394.3356809060124,391.29930982029435,391.5931396484375,12298968,974.0,989.8499755859375,971.0,982.5,25535736,1363.5999755859375,1383.0999755859375,1363.5999755859375,1375.9000244140625,16126464
2025-10-08,391.7890270774703,393.5031040709342,389.8300819420829,391.5441589355469,8402463,976.0,985.9000244140625,974.5499877929688,978.7000122070312,15939710,1372.300048828125,1381.5999755859375,1364.300048828125,1370.300048828125,8100832
2025-10-09,390.80955123133737,393.1602793958562,390.7605895598157,391.6910705566406,15656267,974.5,979.0,970.1500244140625,977.0999755859375,15370950,1369.800048828125,1378.699951171875,1365.0999755859375,1376.199951171875,7909575
2025-10-10,392.22981845621223,395.5600193505022,391.299307520674,394.53155517578125,15085738,979.0,986.2000122070312,978.0999755859375,980.9000244140625,13757080,1370.300048828125,1385.0,1370.300048828125,1380.300048828125,7673816
2025-10-13,391.78901724913896,392.71952812155763,390.36877010515894,391.0544128417969,9508594,974.2999877929688,981.0,972.0,977.0,18634254,1373.0999755859375,1386.4000244140625,1373.0999755859375,1379.4000244140625,8923018
2025-10-14,391.78901770158024,392.6215753424221,388.0670339898672,388.6546936035156,10291102,970.0,980.4500122070312,967.0,977.1500244140625,22934382,1389.0,1389.0,1375.0999755859375,1384.0999755859375,10610855
2025-10-15,389.83007867186035,392.62158144459596,389.0954742522526,391.6910705566406,16043867,975.0,984.9000244140625,973.3499755859375,978.25,23310447,1386.5,1400.4000244140625,1385.5,1398.4000244140625,8988550
2025-10-16,392.7685077269394,397.665870666178,391.3482605181077,396.83331298828125,22962049,982.6500244140625,996.5999755859375,981.5,994.3499755859375,22936566,1401.0,1418.9000244140625,1399.4000244140625,1417.300048828125,12185032
2025-10-17,397.0292043259007,405.35472100520315,396.9312510926241,403.6896057128906,21071344,993.9500122070312,1009.0,986.0,1002.5499877929688,25210511,1412.0,1439.5999755859375,1410.9000244140625,1436.5999755859375,17037215
2025-10-20,404.0814001855026,406.3342050500721,402.85705946273583,404.5711364746094,13083621,997.0,1020.0,997.0,1002.9500122070312,22195202,1442.0,1445.0,1389.199951171875,1390.300048828125,23330227
2025-10-21,405.0119258790611,405.4527005118031,403.88553835121513,404.3752746582031,1142130,1006.0,1010.0,1004.0,1007.7000122070312,3471600,1384.5,1387.5999755859375,1375.9000244140625,1382.0,3415560
2025-10-23,407.46058276503413,411.8192475900064,405.0608630495091,407.41162109375,24305990,1016.0,1020.5,1006.0,1008.7999877929688,43526526,1385.0,1389.800048828125,1360.0999755859375,1363.699951171875,21124942
2025-10-24,407.411643338511,409.3705885549171,404.96296181800335,408.2441711425781,14935678,1011.0,1011.9500122070312,991.2999877929688,994.75,17707768,1368.0999755859375,1381.5999755859375,1368.0999755859375,1377.699951171875,10570263
2025-10-27,408.4400677633165,414.02307345178554,408.048284707717,412.01513671875,11603679,996.5,1009.0499877929688,996.2000122070312,1002.9500122070312,15700796,1382.0999755859375,1386.800048828125,1374.0,1377.5999755859375,11499836
2025-10-28,411.86822898071654,412.9946164943518,407.3626490350436,409.32159423828125,17163147,997.6500244140625,1008.0,995.0,1003.5499877929688,33904289,1373.0,1375.800048828125,1356.199951171875,1363.0999755859375,26477914
2025-10-29,409.61544737952806,413.53333772312516,407.5095574069397,412.9456481933594,11470661,1004.9000244140625,1012.5,1000.0,1007.8499755859375,17769445,1364.5999755859375,1371.699951171875,1358.4000244140625,1370.4000244140625,16129382
2025-10-30,412.94564712794636,413.04360036450976,407.60750959211543,410.1541442871094,12938674,1000.0,1009.5,997.0999755859375,998.1500244140625,19962917,1362.4000244140625,1370.199951171875,1361.300048828125,1362.4000244140625,9324401
2025-10-31,411.8682283883677,417.64711075138126,409.615453364337,411.7213134765625,18599864,994.0,1004.4500122070312,981.1500244140625,987.2999877929688,23221330,1357.0,1362.0,1343.300048828125,1345.300048828125,15926798
2025-11-03,411.3295333977877,412.9946188955417,404.816016646247,405.45269775390625,7635440,985.0,994.5499877929688,983.2999877929688,992.6500244140625,16607180,1340.5,1351.5999755859375,1337.9000244140625,1346.4000244140625,11071450
2025-11-04,405.50163308974254,405.99136936159005,399.96761919609156,400.5063171386719,10085404,987.0,997.0,983.7000122070312,985.25,20024544,1342.5999755859375,1349.800048828125,1333.199951171875,1336.9000244140625,15211183
2025-11-06,401.58375221673697,404.8159997293463,398.20455990626584,399.13507080078125,10095563,981.0,991.0499877929688,974.0,984.6500244140625,22279516,1330.0,1342.199951171875,1317.4000244140625,1320.4000244140625,24221853
2025-11-07,397.71483508178255,400.70224442999825,394.82540886238485,395.7558898925781,8411611,980.0,984.9000244140625,974.75,982.2999877929688,15004568,1320.4000244140625,1344.300048828125,1318.5999755859375,1343.0,7719245
2025-11-10,395.75588876851964,398.7432981082502,395.3641057100178,397.22509765625,6650003,982.2999877929688,990.9500122070312,980.2000122070312,984.5,15988262,1342.9000244140625,1349.5999755859375,1341.0,1348.0,8542340
2025-11-11,397.6658554399186,399.673762211673,396.2945998476621,398.4984130859375,12005318,983.5,993.5,978.0,991.7000122070312,10200530,1349.0,1360.4000244140625,1346.199951171875,1358.300048828125,8305184
2025-11-12,399.624797249309,399.7227504817627,397.22507756427666,398.64532470703125,7987236,998.7999877929688,999.0,987.7000122070312,989.5,13137263,1370.0,1370.0,1355.4000244140625,1358.9000244140625,9736761
2025-11-13,398.64534219930255,399.1350784919307,396.1966607361619,397.3720397949219,6617185,984.0,990.0999755859375,982.5999755859375,986.6500244140625,14124839,1358.9000244140625,1390.4000244140625,1358.5,1385.9000244140625,18296626
2025-11-14,396.3925660411311,400.3594180432725,391.8869861840081,399.771728515625,64020258,976.0499877929688,991.6500244140625,976.0499877929688,989.5999755859375,21386965,1374.0,1381.199951171875,1363.199951171875,1373.0,9694498
2025-11-17,401.3388824449565,403.542695710365,397.6658603359422,398.7432861328125,7855399,991.25,997.9500122070312,985.5999755859375,996.5499877929688,18396408,1375.0999755859375,1382.5,1373.5999755859375,1379.0,7660717
2025-11-18,399.8696796229581,401.3878501610938,396.2456191310374,397.5189514160156,7661681,997.6500244140625,999.0,990.0,992.4500122070312,20002640,1380.199951171875,1382.800048828125,1369.0999755859375,1373.4000244140625,9529560
2025-11-19,396.5394760749311,397.2250889394812,394.5315393710832,395.2661437988281,7882450,990.0,996.5499877929688,984.0,994.5999755859375,19813847,1373.5,1384.0,1371.5999755859375,1383.0999755859375,10393918
2025-11-20,395.2661449461201,398.64533728000737,394.97231513062155,397.1271667480469,6693410,995.2999877929688,1011.5999755859375,992.4500122070312,1008.8499755859375,19850865,1380.0999755859375,1388.300048828125,1375.4000244140625,1383.0,10131863
2025-11-21,396.68640238950724,400.1145564842314,396.39257256641207,399.4779052734375,5808131,1003.0999755859375,1008.2999877929688,996.5499877929688,998.0499877929688,17499897,1373.0,1376.0,1364.5999755859375,1369.5,11483595
2025-11-24,400.01659174313806,400.4083747930425,394.580530934278,395.2661437988281,11037491,1000.0,1011.4500122070312,993.5999755859375,999.1500244140625,32204053,1373.300048828125,1377.0,1361.5,1368.4000244140625,15896003
2025-11-25,395.26615093538965,396.1966618504526,391.8869884414304,392.5726013183594,8199785,1004.0,1006.0999755859375,988.4000244140625,989.7999877929688,24989383,1365.0,1376.9000244140625,1354.300048828125,1357.800048828125,12235000
2025-11-26,392.7685066776832,395.6579627605675,392.71954500487413,394.04180908203125,11443953,981.2999877929688,1006.9500122070312,981.2999877929688,1003.9000244140625,19494356,1360.0,1377.0,1359.9000244140625,1375.0,9659004
2025-11-27,395.21719681053185,397.61691665344256,393.8459411393536,396.0007629394531,8679529,1002.0999755859375,1016.7999877929688,1001.0,1009.5,25536848,1379.0,1394.0,1375.699951171875,1392.199951171875,15158741
2025-11-28,396.0007438980914,396.68638664627787,394.23770524722676,395.9517822265625,6883500,1007.0,1012.0499877929688,1004.2000122070312,1007.5999755859375,15988807,1392.0,1398.5,1385.5999755859375,1388.800048828125,7683986
2025-12-01,394.5315350586607,397.17612292608806,390.025985197311,395.9517822265625,13442658,1017.5,1017.5,999.2999877929688,1002.0999755859375,16746566,1394.0,1400.0,1385.4000244140625,1390.0999755859375,8867593
2025-12-02,395.95179101910213,397.1761317458155,392.27876883896204,392.71954345703125,8093808,988.0,994.4000244140625,985.0,989.7999877929688,27316662,1381.800048828125,1381.800048828125,1370.5999755859375,1373.0,12126396
2025-12-03,393.45415715794644,393.94389346016385,390.66265425708065,392.2787780761719,10772192,986.0,1002.2999877929688,986.0,1000.5,15448777,1367.0,1394.199951171875,1367.0,1391.5,7955933
2025-12-04,391.8869716290837,395.26613397807347,390.85850752111554,394.7763977050781,8057989,1000.0,1004.7000122070312,993.0,997.2000122070312,14528169,1387.0,1391.5999755859375,1379.9000244140625,1386.699951171875,7373909
2025-12-05,394.7763988983853,397.0292036956514,393.7479646784384,396.6374206542969,4419747,992.0,1008.0,990.2000122070312,1003.2999877929688,12843366,1381.0,1395.300048828125,1381.0,1392.5,4942638
2025-12-08,396.6374353457986,396.93126516491554,392.32773205787674,394.04180908203125,6056866,1000.0,1006.5,997.5,1003.0999755859375,12901022,1387.0,1394.9000244140625,1383.300048828125,1389.5999755859375,7826227
2025-12-09,393.7479852919042,396.19666679247575,391.78904009144696,392.8174743652344,9426717,994.9000244140625,1002.7999877929688,994.0,997.0999755859375,15294322,1379.9000244140625,1384.300048828125,1373.4000244140625,1375.199951171875,10492030
2025-12-10,392.86645232636994,396.09869983875063,392.7684990915125,394.8743591308594,6969146,997.5,998.5,985.2999877929688,989.7999877929688,15322830,1377.9000244140625,1379.4000244140625,1357.9000244140625,1363.5999755859375,8725381
2025-12-11,394.8743542225189,395.70691187176226,392.86644744298803,394.6294860839844,6980147,990.0,1002.7000122070312,988.5,1000.2999877929688,11844809,1363.699951171875,1366.5999755859375,1352.800048828125,1360.0,6734750
2025-12-12,394.62950473294,395.7069305716336,391.6421252580969,391.8869934082031,12407516,1003.0,1004.7000122070312,998.2000122070312,1001.5,11988618,1368.0,1370.699951171875,1363.300048828125,1366.0,3890885
2025-12-15,391.8869873292014,395.07027323120263,391.29929779983655,394.04180908203125,7756564,992.0,1001.7999877929688,992.0,996.0999755859375,9790060,1356.0999755859375,1370.0,1356.0999755859375,1365.199951171875,5342530
2025-12-16,393.16027238279855,397.4209839187486,392.81745101487064,393.4541320800781,12347384,990.0999755859375,998.7000122070312,990.0999755859375,994.2999877929688,20049088,1364.0,1368.699951171875,1355.5,1366.0,12359741
2025-12-17,392.76851874327417,394.8254172136723,390.9075267523928,391.5931396484375,8087490,996.0,996.0,980.7999877929688,984.0,19080922,1365.0,1365.0,1343.0999755859375,1352.4000244140625,9440391
2025-12-18,391.7890335950218,393.69901709025,391.6421186856499,392.1808166503906,7227668,973.2999877929688,987.4000244140625,973.2999877929688,979.7000122070312,14912404,1346.300048828125,1369.5,1345.5,1356.800048828125,7314573
2025-12-19,392.0339082415041,394.38463650382647,392.0339082415041,392.8174743652344,10654835,987.0,988.0,978.7000122070312,985.5,25952384,1354.0,1360.4000244140625,1350.800048828125,1354.0999755859375,14318512
2025-12-22,393.35619843948285,395.3641052941498,392.96441538139317,394.4336242675781,6847871,988.0,992.9000244140625,983.9000244140625,987.7000122070312,13540411,1358.0,1371.300048828125,1354.800048828125,1368.5,9375294
2025-12-23,394.2377112153877,400.50632971362984,393.5520684568217,398.9881591796875,10081997,990.5,998.9000244140625,987.7000122070312,996.5999755859375,17927849,1361.0999755859375,1365.0,1357.0,1363.0,9105467
2025-12-24,399.5758645628573,401.09403515706003,397.323059617528,398.2535705566406,5777430,993.0,999.4000244140625,993.0,997.2000122070312,13699996,1363.800048828125,1368.199951171875,1357.5999755859375,1359.800048828125,8955140
2025-12-26,398.1556179415121,398.7922691629462,395.5600214903535,395.8538513183594,3152453,996.0,997.2000122070312,987.7000122070312,992.0999755859375,9360853,1356.5,1362.0,1348.5,1350.4000244140625,2812144
2025-12-29,395.80487169747335,396.4904845621106,393.2092753640043,394.3356628417969,6647710,993.0999755859375,997.4000244140625,987.2000122070312,991.7000122070312,13545749,1352.0999755859375,1355.699951171875,1341.5,1343.300048828125,6057201
2025-12-30,394.7274371230106,395.1682117263742,392.0828492850893,392.376708984375,12340527,990.2000122070312,995.0,982.2000122070312,990.9000244140625,33155849,1343.300048828125,1347.0999755859375,1338.0999755859375,1342.5,18621277
2025-12-31,392.8664555965065,395.462051940615,392.62158745289,394.7274475097656,9945109,991.0,997.5999755859375,987.5999755859375,991.2000122070312,10963454,1342.800048828125,1350.0,1339.5,1342.9000244140625,6150634
2026-01-01,394.4336191525785,394.4336191525785,355.2547160290497,356.381103515625,282626710,993.5,997.5499877929688,989.5,991.1500244140625,7132074,1343.9000244140625,1348.4000244140625,1336.0,1338.0,4179311
2026-01-02,352.6101130575833,352.6101130575833,338.1628931475851,342.8643493652344,118790358,991.1500244140625,1003.2000122070312,988.7999877929688,1001.5999755859375,11751459,1338.0,1356.9000244140625,1336.300048828125,1355.4000244140625,8226205
2026-01-05,343.0113122216596,346.68433442609853,338.9464770691755,342.5215759277344,48358124,1005.75,1006.4000244140625,976.2999877929688,977.5,27647379,1354.199951171875,1375.5,1352.5999755859375,1371.5,6920565
2026-01-06,343.06028462397126,343.50105925874186,330.816876892923,335.42041015625,72582738,962.7000122070312,966.7000122070312,956.0,962.2000122070312,31988783,1372.0,1413.5999755859375,1366.0,1411.199951171875,17260416
2026-01-07,335.9591026893029,337.4772732668689,332.33504210325714,334.2450256347656,29440734,956.0,956.4500122070312,946.0,949.0499877929688,52884712,1408.0,1429.9000244140625,1404.199951171875,1427.699951171875,15813795
2026-01-08,334.48988067886347,338.06494956001615,332.09016094008854,333.9021911621094,36706319,944.7000122070312,953.0,941.4000244140625,946.7000122070312,21928849,1429.0,1442.199951171875,1423.300048828125,1435.0,14861699
2026-01-09,333.9022093273418,334.0001625673181,329.20075271979715,330.22918701171875,35193201,945.0,950.5999755859375,933.2999877929688,939.0,38183839,1427.0999755859375,1429.5,1401.5,1404.300048828125,12555636
2026-01-12,331.306606816801,332.5309475663088,328.9068869913131,331.4535217285156,16156143,937.5,942.0,929.5999755859375,936.9500122070312,21071666,1399.9000244140625,1424.300048828125,1391.699951171875,1413.0999755859375,10923811
2026-01-13,332.0412186059658,332.5309549165941,326.8500256697591,327.8294982910156,24922339,947.7000122070312,947.7000122070312,932.5999755859375,937.3499755859375,32042827,1420.0,1441.800048828125,1411.0999755859375,1437.0,14295581
2026-01-14,329.1027892200336,329.1027892200336,326.6051460797269,327.8784484863281,14913422,930.0,940.0499877929688,920.2000122070312,925.4500122070312,36688248,1425.5999755859375,1443.9000244140625,1414.9000244140625,1418.4000244140625,13832255
2026-01-15,327.8784484863281,327.8784484863281,327.8784484863281,327.8784484863281,0,925.4500122070312,925.4500122070312,925.4500122070312,925.4500122070312,0,1418.4000244140625,1418.4000244140625,1418.4000244140625,1418.4000244140625,0
2026-01-16,330.5719932075216,330.5719932075216,321.805701727492,322.4423828125,30526898,922.0,935.9500122070312,919.2000122070312,931.0999755859375,37780235,1417.9000244140625,1429.0,1400.199951171875,1410.800048828125,12530886
2026-01-19,323.22593594715954,327.7804772481891,320.58134815114005,326.3602600097656,15507440,935.9000244140625,936.1500244140625,919.5,927.9000244140625,38191942,1399.9000244140625,1400.0,1360.0,1380.5999755859375,23302883
2026-01-20,327.1928108616433,327.6335854891576,318.81833206792464,319.6018981933594,18771011,929.2999877929688,934.5,919.5999755859375,931.2000122070312,36022727,1374.699951171875,1387.800048828125,1371.5,1375.800048828125,15012785
2026-01-21,319.3080504008492,322.54029785029536,317.6919266761261,318.0837097167969,14177965,925.0,932.1500244140625,915.5,920.3499755859375,32766854,1367.5,1371.5,1339.5,1349.0,21766068
2026-01-22,319.4060118581559,321.9526465247838,314.4596574325432,318.1816711425781,18622852,928.0,928.2999877929688,913.2000122070312,918.7000122070312,44444755,1355.0999755859375,1358.0,1338.0,1345.5,17179765
2026-01-23,318.86727355776696,319.69983119529894,316.0758007306446,316.76141357421875,11950089,920.0,926.0999755859375,909.25,916.0999755859375,30985247,1340.5,1355.199951171875,1335.699951171875,1343.4000244140625,14056524
2026-01-27,316.95731824004827,318.034744006556,311.32535116493864,312.1089172363281,47847784,906.0,931.2000122070312,905.0,926.4000244140625,44753093,1340.0,1369.0999755859375,1328.5999755859375,1361.4000244140625,25263634
2026-01-28,313.38226801086364,317.0552902337236,312.7945784769798,314.5576171875,28400238,932.5,941.4500122070312,928.4000244140625,932.7000122070312,35347138,1362.5999755859375,1380.4000244140625,1362.5999755859375,1367.699951171875,13242696
2026-01-29,315.97785732428986,315.97785732428986,311.52123919238704,312.0599670410156,17719420,930.0999755859375,939.2999877929688,924.3499755859375,935.5,37175628,1359.0,1387.699951171875,1354.4000244140625,1383.5999755859375,23118234
2026-01-30,312.25583980702623,318.4754965339916,309.95410320661756,315.5370788574219,41975824,930.0,938.9000244140625,927.75,929.25,29691233,1368.199951171875,1381.9000244140625,1353.199951171875,1355.0,24013717
2026-02-02,303.09778990932085,308.92563359629287,295.8007075190383,308.2400207519531,35227572,915.0,929.7999877929688,909.2999877929688,928.0999755859375,28032106,1329.9000244140625,1354.4000244140625,1329.0999755859375,1352.800048828125,12800245
2026-02-03,314.60661217674976,318.08372796245794,305.2036692056378,310.1499938964844,33168353,983.75,994.0,945.0,948.7000122070312,50336968,1412.0,1417.0,1373.4000244140625,1389.699951171875,24896698
2026-02-04,312.5,314.95001220703125,311.3500061035156,313.8500061035156,11196759,952.5,957.2000122070312,947.9500122070312,953.0999755859375,24366770,1387.0,1414.0,1386.9000244140625,1408.4000244140625,11080683
2026-02-05,313.95001220703125,315.3500061035156,309.29998779296875,310.20001220703125,15816704,956.0,956.0499877929688,946.7000122070312,949.7000122070312,28103169,1414.0,1414.0,1393.199951171875,1396.5,8982761
2026-02-06,310.0,327.70001220703125,308.29998779296875,325.79998779296875,68057745,945.0,948.0999755859375,937.5999755859375,941.0999755859375,18120272,1396.699951171875,1410.5,1394.699951171875,1406.0999755859375,10851190
