,RELIANCE.NS,RELIANCE.NS,RELIANCE.NS,RELIANCE.NS,RELIANCE.NS,INFY.NS,INFY.NS,INFY.NS,INFY.NS,INFY.NS
,Open,High,Low,Close,Volume,Open,High,Low,Close,Volume
Date,,,,,,,,,,
2024-02-06,1431.256637826339,1431.256637826339,1409.3934322746634,1417.3099365234375,9047984,1588.0496182360184,1631.5932938509086,1575.998565824632,1628.2509765625,7694265
2024-02-07,1425.3752031215413,1438.8504181404362,1418.7491963623445,1431.554443359375,9296568,1627.827356650715,1627.827356650715,1588.143745994436,1594.6400146484375,4613877
2024-02-08,1439.3467435794867,1448.752105824393,1417.0368932886952,1439.4708251953125,14694634,1598.6412091518757,1606.50258433862,1584.3306859949523,1593.08642578125,5919715
2024-02-09,1443.31729322881,1461.1602045826953,1440.2896534634558,1450.0177001953125,12556798,1586.1194941932167,1593.8397389846994,1562.6766131725003,1571.667724609375,4600004
2024-02-12,1450.017752117624,1450.2659153474917,1431.7529141646626,1441.679443359375,6674430,1572.6090975073987,1593.8866307964468,1572.6090975073987,1581.78857421875,3555808
2024-02-13,1444.806250056761,1468.1335924657844,1443.3172707540573,1454.335693359375,7715594,1584.518924068217,1590.2619583832927,1566.1599704025425,1585.978271484375,2696481
2024-02-14,1446.7916226083244,1472.749520552248,1446.7916226083244,1470.4912109375,7117888,1563.0531172122069,1571.7618521594686,1539.7984871618103,1568.7020263671875,3768579
2024-02-15,1472.4517353218182,1473.8166331337911,1455.7503978374216,1459.79541015625,10006782,1578.870044759722,1588.9910065851047,1564.3711555313787,1578.258056640625,4834391
2024-02-16,1465.6271998466532,1466.1483668657747,1447.8339689108675,1449.843994140625,9767498,1590.1679521477781,1608.9976496273255,1589.1793470591608,1602.0777587890625,4880654
2024-02-19,1451.3082561823699,1468.6300012389227,1442.8458657695369,1463.17041015625,6729828,1605.2317360980246,1611.3513878778704,1588.9440015438006,1600.2889404296875,3690993
2024-02-20,1464.1878968342883,1464.659382736365,1451.0600862084646,1460.21728515625,7117496,1586.401957891193,1595.1106926748687,1571.1028292171682,1586.6373291015625,3706389
2024-02-21,1463.170510366537,1477.5888193115914,1446.8414171157522,1456.916748046875,12720292,1576.04564252021,1576.04564252021,1549.0250732340833,1558.67529296875,4300508
2024-02-22,1457.36346935178,1474.0399663973683,1447.2880175600008,1470.863525390625,18493728,1567.5723214065963,1586.0254020244706,1548.1777559110003,1582.965576171875,5841277
2024-02-23,1478.556551746289,1486.5474563697878,1472.4517119404402,1482.6512451171875,14438584,1597.6998249586602,1599.064932049705,1574.0685776987198,1578.7288818359375,5373072
2024-02-26,1482.5768223248915,1483.5446346905887,1471.607959051116,1476.3974609375,7513106,1576.9400103998594,1576.9400103998594,1548.742584990576,1563.006103515625,2782438
2024-02-27,1472.1291493159843,1488.9297276070065,1467.1907251784094,1474.73486328125,10826044,1563.8064346817055,1573.3154092821974,1556.0863043947375,1566.2542724609375,5159088
2024-02-28,1472.1042938560004,1480.3185210789975,1439.5205099276588,1444.930419921875,8647950,1572.2798088946804,1589.0382863616267,1564.7950497873524,1573.4566650390625,3188916
2024-02-29,1454.2365988812116,1468.1088998815815,1443.8385832706604,1450.0675048828125,23628976,1567.5722998042163,1583.812913721107,1556.5569728576138,1575.9515380859375,7814722
2024-03-01,1452.7475417409498,1488.979373154373,1451.7548888255137,1481.1622314453125,12132926,1571.3381567596207,1574.1154909938598,1554.3914300839626,1557.8748779296875,6387291
2024-03-04,1479.5243736818861,1501.337897909408,1476.2982516112518,1496.3250732421875,10024420,1560.8407342180715,1567.0545116352562,1538.0568453792753,1541.3990478515625,4445156
2024-03-05,1494.712091681268,1496.3251528023525,1475.1320355384912,1489.177978515625,7107668,1538.386318003764,1541.5402694156692,1508.2588013721113,1512.4954833984375,4596579
2024-03-06,1482.4773919378927,1497.9131926576536,1467.6372798835923,1491.957275390625,7805676,1509.0120236903088,1525.3467635033348,1483.7801827337923,1522.89892578125,6420684
2024-03-07,1491.9325571368477,1492.056638756749,1464.7091224345347,1468.059326171875,8315726,1522.004404894455,1533.1609775234701,1510.3299696204092,1521.8631591796875,6348359
2024-03-11,1478.060279979328,1478.060279979328,1452.747629113329,1455.8248291015625,11277130,1514.0489306330928,1519.3683431830998,1495.0779873422402,1506.940673828125,6752895
2024-03-12,1455.8247263461558,1477.0675227494196,1454.261346490045,1464.5849609375,9432678,1506.375688833194,1529.9128089712128,1504.1632225256892,1518.56787109375,4614222
2024-03-13,1468.9029635812572,1472.2034859914554,1417.2850129833478,1421.6527099609375,13522134,1518.5208697901078,1529.4420705773052,1505.0105857809417,1517.108642578125,5688997
2024-03-14,1429.1223094125826,1437.8825438227764,1415.0266869213976,1420.957763671875,18571102,1519.9332218123318,1560.7465686045769,1513.9076955609466,1556.5570068359375,8803799
2024-03-15,1415.4733954219128,1422.694969713975,1402.5193474045138,1407.80517578125,19223818,1545.0707498555741,1549.4957975654736,1523.6519697189988,1538.38623046875,11809997
2024-03-18,1409.56727675182,1431.1326391984185,1406.1178317705178,1428.899169921875,9169392,1534.6203153666463,1537.1152732206572,1505.2930391151203,1508.8707275390625,4958904
2024-03-19,1418.252849649116,1427.0378036957165,1406.8373411480031,1414.778564453125,8275764,1499.1734492026353,1505.4343467383314,1466.8334660527332,1470.08154296875,6870411
2024-03-20,1417.4587350761735,1434.3835163859578,1413.562644941621,1433.1427001953125,8488806,1471.5406681503987,1482.791364971784,1461.5138325508544,1463.961669921875,4759059
2024-03-21,1441.8532357214951,1447.1887452733042,1434.060934378195,1440.3145751953125,13006936,1472.4822954464403,1484.6744782005846,1453.087730653012,1463.7264404296875,11062497
2024-03-22,1439.321893152815,1449.2732629085037,1436.716179238339,1444.3348388671875,19527608,1431.9983895472183,1439.4361424981196,1410.5324900051585,1420.559326171875,14673890
2024-03-26,1434.3835274360674,1441.7291835759677,1428.4276096750873,1430.983642578125,11415906,1404.6952628966692,1419.2411564778474,1400.8351983634532,1405.3072509765625,8351081
2024-03-27,1437.3613782559069,1488.979328303771,1436.368725370371,1481.8818359375,16326644,1408.4612802603947,1411.2857346994197,1394.8568706833632,1397.022216796875,6857402
2024-03-28,1481.90676076149,1494.8856495085238,1467.786296896486,1474.933349609375,21854364,1400.129150066849,1423.3367734843898,1400.129150066849,1410.391357421875,12499530
2024-04-01,1481.5095896793896,1482.9985690062601,1471.60790139039,1473.8662109375,5013880,1435.7642804189727,1440.4245840795604,1405.4485166656525,1407.943359375,6580002
2024-04-02,1473.0968689675985,1483.0233977342266,1464.1629930776332,1476.025146484375,8910166,1397.9636580438985,1405.7780277192792,1394.1977189092265,1396.0806884765625,7279400
2024-04-03,1471.186101560143,1473.5436523631188,1458.1079713887636,1460.7880859375,7008292,1392.4561704804448,1407.6140544217724,1388.6902308713024,1394.0096435546875,8736248
2024-04-04,1468.8780939901114,1468.8780939901114,1439.3466709144527,1452.1767578125,14490272,1403.3302528566012,1408.1318024819914,1382.0997240670574,1399.7054443359375,11186915
2024-04-05,1450.1417667351745,1459.9938949751336,1445.3025839763254,1449.3724365234375,7442298,1393.4446504316754,1399.7054325276108,1389.678711160811,1392.5501708984375,5072482
2024-04-08,1452.226356281804,1480.0206375610207,1450.2658910334067,1475.057373046875,8357118,1396.2220500141934,1403.706808694374,1387.8428117589144,1390.2906494140625,6610887
2024-04-09,1478.060211901015,1478.8543827139295,1451.7549092714805,1452.896484375,7071414,1402.8123617129154,1425.2197460789992,1400.2703987062528,1407.3785400390625,9423230
2024-04-10,1455.5766564963697,1476.0749645358123,1455.5766564963697,1468.7044677734375,9138330,1412.5567483925915,1421.5008543199363,1397.6813569645744,1418.62939453125,6744595
2024-04-12,1465.0317226594827,1475.5538200544618,1452.3257159957793,1456.370849609375,15551012,1415.993212241118,1418.6294157880386,1392.926833451286,1397.86962890625,12275616
2024-04-15,1450.2658952456557,1471.2356878788278,1435.6986653849476,1454.062744140625,12902062,1393.397662027,1404.6483606920185,1375.5565690145563,1382.2410888671875,8531224
2024-04-16,1442.6720371000315,1460.3661473678603,1440.2649265731254,1454.98095703125,9366184,1366.0944202615754,1370.0016050968616,1330.3651187142993,1331.68310546875,16173541
2024-04-18,1452.7476380801534,1475.0823301585979,1448.628103973215,1453.5665283203125,19005692,1337.9441165902024,1360.1631363842591,1325.1399454315383,1336.202392578125,22107945
2024-04-19,1446.0720814485837,1463.1705049395248,1432.4231028577299,1459.323974609375,15741778,1303.9564344137511,1343.3575498977523,1298.0721544750609,1328.67041015625,20603621
2024-04-22,1461.6317610616636,1471.9305352298081,1457.0160218672338,1468.9774169921875,10350362,1336.814417739945,1352.7725406478596,1330.3652692316007,1348.9124755859375,5859087
2024-04-23,1468.1337674689391,1482.5272357774581,1444.8561033979943,1448.603271484375,14605554,1358.5625485511725,1362.1872419980825,1349.147700674865,1357.9976806640625,4856174
2024-04-24,1452.7475596039474,1457.7605053579202,1438.8504186169605,1439.5205078125,10462776,1359.7865843478146,1359.7865843478146,1343.54597104933,1347.0294189453125,4268213
2024-04-25,1431.9018276580116,1457.189636393573,1430.9091747445573,1449.2484130859375,15943926,1336.9084594402714,1360.351454707475,1336.9084594402714,1354.27880859375,9089398
2024-04-26,1453.194198141131,1454.236532179651,1439.3467383348082,1441.8780517578125,9413848,1355.4557017420498,1360.8222343797577,1343.4988900371166,1346.5587158203125,8062444
2024-04-29,1439.3467183436048,1457.1152296530197,1439.3467183436048,1454.2613525390625,7247974,1346.2762368329832,1355.549954695784,1344.6757585333085,1350.79541015625,5055957
2024-04-30,1457.214576809603,1472.178772035999,1452.1272302795285,1456.221923828125,11474262,1350.7481874189334,1352.4900262289832,1334.601815150425,1337.42626953125,6936588
2024-05-02,1461.1850562736174,1466.4708844514234,1453.3679147531318,1455.775146484375,14512646,1330.3179985042082,1340.6743311181829,1329.235268018188,1331.68310546875,10076354
2024-05-03,1460.1925152681529,1464.1134460205978,1405.7455242326487,1423.46435546875,17226958,1338.8855920418562,1341.4276701119534,1321.0915052605797,1333.425048828125,8842345
2024-05-06,1424.9533097670264,1429.4202480421582,1407.5818831415143,1409.095703125,7394208,1336.9085948576374,1361.104711483765,1334.1782655868928,1342.46337890625,6445422
2024-05-07,1405.571689953147,1410.311631866643,1381.772860502106,1391.17822265625,14517472,1341.5686898255074,1358.8920327440642,1332.7658301275853,1356.6324462890625,6080661
2024-05-08,1387.2324157830615,1422.42191231512,1387.2324157830615,1408.1278076171875,9439002,1351.2661306551702,1355.5028124792066,1342.1807788692665,1343.7813720703125,6234983
2024-05-09,1402.6185253372132,1413.2895438420787,1379.7875090012217,1383.8822021484375,11009612,1344.0166358308118,1365.1058028380908,1341.474557983215,1355.314453125,6088406
2024-05-10,1386.4879762578594,1399.6406275450738,1377.8766636438304,1397.0845947265625,10505096,1351.0779452607514,1351.925189724819,1330.3181573439954,1341.5218505859375,8777481
2024-05-13,1389.6149314683873,1396.6379028351905,1373.8317248456565,1392.394287109375,8456620,1341.615841553252,1341.615841553252,1328.6233053272724,1340.156494140625,3735954
2024-05-14,1390.681954289976,1416.5901722719507,1389.7389824487905,1409.6416015625,7188300,1342.9340893861715,1349.8539804416741,1335.072713427135,1341.33349609375,3463230
2024-05-15,1410.063563528233,1419.468926315315,1402.6435067088078,1405.86962890625,5046534,1342.5573572737128,1348.0180152167325,1335.5433413149956,1336.861328125,4327544
2024-05-16,1408.1278405018506,1417.0120356183081,1387.75361519461,1414.8778076171875,14711774,1350.0421774524657,1370.566593499511,1343.4989036055658,1368.3070068359375,9249145
2024-05-17,1412.5948920294334,1426.6408349602225,1402.8668442157614,1425.15185546875,10916476,1371.7434327729238,1371.7434327729238,1355.0320766083944,1359.78662109375,7542860
2024-05-21,1415.1260338425998,1431.231803864575,1415.1260338425998,1425.57373046875,11176128,1346.323283787107,1360.1630645795747,1344.8169310704366,1350.23046875,6752663
2024-05-22,1425.722543020764,1457.9837617014118,1425.722543020764,1449.91845703125,10281604,1345.1463943780532,1374.52067386965,1344.4402807852039,1369.672119140625,7173285
2024-05-23,1447.8340020088174,1481.2615172416956,1444.3100355832012,1475.1319580078125,14608260,1369.5779588477037,1391.6558474322132,1365.153026044568,1386.2423095703125,8641428
2024-05-24,1472.724715385057,1477.5638984586112,1465.2549777906743,1469.37451171875,7094776,1382.3352072624964,1389.1609728015073,1374.5679568215526,1379.3695068359375,5277938
2024-05-27,1469.3497180106694,1473.990419113941,1450.8119965034373,1455.4774169921875,6629010,1385.7242824059447,1393.0207890926204,1374.8030824797427,1385.2535400390625,5821844
2024-05-28,1457.2145743340495,1467.637430621861,1442.0766163922278,1445.501220703125,7820162,1389.1608228573064,1389.6315652574615,1374.8502998635329,1381.205322265625,6186922
2024-05-29,1435.8724890871501,1447.287997987601,1427.8815843874524,1430.1895751953125,7383556,1379.6518879829935,1379.7460134801906,1365.1529986668554,1366.04736328125,7401634
2024-05-30,1424.9532474164846,1429.817270893488,1409.6663684202383,1414.3814697265625,13206858,1358.3743695494225,1365.011768697552,1338.3678167520543,1343.9224853515625,9663150
2024-05-31,1420.7841589242364,1431.653659822201,1411.800601617005,1419.8907470703125,31069832,1353.8619835736356,1379.742614221291,1344.4507812144127,1351.0770263671875,37113815
2024-06-03,1472.1043222829317,1503.3728901534053,1448.2806515244756,1499.228515625,21527942,1382.8636553906256,1382.8636553906256,1348.2920640058599,1350.11669921875,10589244
2024-06-04,1487.0437791255476,1487.0437791255476,1349.3131842665355,1387.0091552734375,36709098,1353.09357909204,1358.8555105856897,1304.4532506211224,1338.3526611328125,13736134
2024-06-05,1411.5524616660985,1420.6352601794422,1373.9308915121778,1410.3116455078125,17464890,1344.594848794161,1380.9430124283645,1344.594848794161,1373.3564453125,9233424
2024-06-06,1424.4569533735907,1433.0929853880773,1410.9072166555904,1421.0819091796875,17855722,1387.6171483700416,1415.8026912541518,1380.4627967662166,1413.833984375,12660930
2024-06-07,1418.004611799037,1461.1850112482903,1416.0193060772324,1459.1500244140625,18558696,1422.2367255895786,1478.6075738994743,1418.6355184856213,1472.7496337890625,24075302
2024-06-10,1459.150058153404,1482.3781598703026,1457.2888339961758,1460.5894775390625,9251760,1464.7790697698574,1469.1005184048513,1437.8900560410068,1440.2427978515625,6810606
2024-06-11,1458.20717740815,1462.847878399236,1443.9874724286744,1445.9727783203125,11774902,1440.530920339611,1446.6768867495505,1434.67286293827,1436.4014892578125,4853054
2024-06-12,1446.7915758989445,1465.155654220818,1444.4837064170613,1452.57373046875,10081742,1447.2053312805267,1448.8858948702687,1423.9175215369614,1426.270263671875,9564320
2024-06-13,1461.1851486521073,1461.433311890669,1449.3725542618724,1454.4847412109375,9181160,1435.6813586014816,1445.2845783914581,1430.2555159747842,1434.6729736328125,7307565
2024-06-14,1459.199879544848,1468.8038455887872,1446.518713499826,1466.6944580078125,8157998,1444.0359353932247,1444.0359353932247,1427.0863483292007,1429.8232421875,4237727
2024-06-18,1476.4224025999808,1476.4720837189377,1460.5399547367645,1470.1439208984375,7196766,1437.6020550051355,1447.2052751454503,1436.0655632280468,1438.75439453125,5420939
2024-06-19,1476.571240472528,1476.571240472528,1445.3026730272272,1447.9332275390625,8725874,1445.2844258115615,1455.5118772535266,1437.313707336635,1451.3824462890625,5493456
2024-06-20,1448.2806091505108,1471.9553570393568,1439.4459739347105,1462.87255859375,16113776,1456.1361637531038,1457.2885031581282,1439.618556511379,1455.2718505859375,7927010
2024-06-21,1462.7982011333013,1463.8652545834836,1429.9909727182371,1443.515869140625,31170360,1483.697382612351,1495.9414872261423,1463.2424786021215,1471.8853759765625,17301941
2024-06-24,1434.9045699529108,1438.8503408924523,1426.9385064042085,1430.88427734375,8878386,1464.0588504809766,1468.428244941943,1455.271881344855,1466.5556640625,5564989
2024-06-25,1432.3982039886682,1445.2282918111714,1430.4128980926341,1443.46630859375,7045386,1465.4513439015984,1482.6411308173647,1460.0255012602715,1480.7684326171875,4551525
2024-06-26,1435.425808927042,1507.8149506909176,1434.5075565031482,1502.9013671875,22014882,1479.8561366420593,1487.3946405637594,1474.0942048965353,1479.5679931640625,4851004
2024-06-27,1502.6284353235128,1526.2039433921725,1494.935374795845,1519.3050537109375,28383030,1477.40734590662,1515.7722804516513,1471.261378838573,1510.922607421875,14757754
2024-06-28,1519.7764812043604,1569.3842873036351,1519.7764812043604,1553.89892578125,28957336,1510.15438706981,1525.4714758668922,1502.1836676895095,1504.58447265625,8197544
2024-07-01,1551.0450507194453,1567.7960689891884,1544.2454023527885,1548.6875,7724306,1497.6220524294586,1536.4190819140294,1497.6220524294586,1527.68017578125,6801771
2024-07-02,1557.968712393485,1561.939323957406,1545.5605512562322,1553.675537109375,7749246,1532.86588566981,1568.9740856185726,1523.550809426941,1556.72998046875,10493173
2024-07-03,1554.8170660210362,1563.4283787351976,1531.440162014497,1541.019287109375,9049620,1560.5232067482063,1571.086748455425,1542.2770892539197,1562.8280029296875,7269965
2024-07-04,1545.5606622734106,1555.983518377374,1539.4062623766438,1542.6075439453125,6837176,1563.5960981382616,1594.13438198508,1563.4040806456085,1585.1553955078125,8008311
2024-07-05,1542.4088769403465,1586.755694667964,1536.6267221432645,1576.9532470703125,12269710,1585.9236853770542,1599.7523453204356,1568.5418810019864,1582.0823974609375,7065022
2024-07-08,1577.325467706802,1596.9800437158895,1570.8980643748457,1589.1380615234375,9500806,1577.9050957573086,1599.8964935741276,1574.9281209253115,1595.7191162109375,5880533
2024-07-09,1585.8623208770043,1588.7410386525216,1568.887979750272,1578.5911865234375,6960002,1594.0384684368905,1600.61665051487,1585.491579421059,1591.3975830078125,5191182
2024-07-10,1583.2814308954767,1585.7630632323035,1551.6654591589945,1572.5855712890625,7134578,1591.2535253565572,1607.5789990626897,1572.575309683498,1582.8507080078125,9852770
2024-07-11,1575.8365135146928,1592.4634499565013,1558.9614138424095,1569.036865234375,11940946,1590.2931327303997,1598.9360301908912,1576.896688557358,1587.1240234375,8857679
2024-07-12,1572.8586162043875,1593.3569240772113,1562.9320865975437,1584.9937744140625,12924784,1613.340833576749,1651.5136300854847,1600.520559326722,1643.8310546875,17078316
2024-07-15,1592.6620057625546,1594.0517441522056,1573.8512804915936,1585.4901123046875,5329688,1657.7076984616265,1659.4363248574064,1635.092186939841,1639.317626953125,6942230
2024-07-16,1581.792452589091,1588.24469666931,1557.5965372882695,1564.669189453125,9386838,1650.4092519603355,1668.943512173137,1632.547287437264,1657.563720703125,6886281
2024-07-18,1564.4210812674708,1582.1895936713806,1546.3795650620239,1575.0177001953125,12298374,1650.7933286237846,1695.3522877574176,1650.7933286237846,1688.2939453125,11248896
2024-07-19,1574.3475621142547,1578.293333314245,1541.3915329908289,1543.7242431640625,13140390,1770.8336868455729,1770.8336868455729,1715.5671113876276,1721.8092041015625,29819116
2024-07-22,1525.9557698439748,1526.203933085127,1488.2597977476694,1489.6495361328125,19674376,1728.7236252048558,1750.6669588687384,1721.8092366549201,1738.9990234375,8462126
2024-07-23,1489.9719903646578,1494.6870915999891,1452.2511804820083,1476.96826171875,18052044,1738.1826974355533,1766.9442924167647,1712.494085746934,1764.015380859375,7113056
2024-07-24,1474.0895996286229,1498.4095963901725,1465.552808673545,1484.7109375,11913362,1764.5915628208677,1769.249100779416,1747.4017766683005,1761.182373046875,6002845
2024-07-25,1470.1190347480779,1489.4509269223795,1466.2228234080762,1481.435302734375,12519876,1747.7859434479678,1758.2534761150766,1740.1033678723722,1752.4434814453125,5815599
2024-07-26,1481.4352554076795,1501.3131545447015,1479.4002684339398,1497.9381103515625,9859940,1752.923709894062,1808.2862957121283,1752.923709894062,1804.3489990234375,11369047
2024-07-29,1500.8414953005092,1516.2772962786503,1500.6678537480493,1508.931640625,7538550,1818.465766106095,1827.492816601406,1790.0402575643832,1796.8585205078125,4635931
2024-07-30,1505.8793670988641,1513.7957501477324,1498.9059558839842,1502.0328369140625,8228208,1796.8583403917328,1805.3571660297775,1786.1987904104494,1802.6683349609375,2721265
2024-07-31,1492.9499231376883,1499.3524857083617,1490.1208866802617,1494.364501953125,10057346,1802.5242769151237,1810.350924152097,1791.048476651269,1794.1214599609375,5004209
2024-08-01,1500.8913109431162,1506.8472288436842,1493.2479314401046,1504.1671142578125,10764222,1782.453656326238,1793.7855029159562,1771.8901142339544,1779.092529296875,7475014
2024-08-02,1493.9426800961044,1498.2358556077295,1482.303848567256,1488.309326171875,10268248,1769.8732971519382,1785.7186088193323,1744.0886770658112,1748.938232421875,7400938
2024-08-05,1469.126390399314,1472.997761203301,1422.7198642160924,1436.69140625,17046704,1714.1266318965754,1726.1787193591779,1650.3613476722035,1682.3880615234375,10736703
2024-08-06,1444.4588830824964,1466.6446510309138,1440.6619130584993,1445.352294921875,10236186,1690.3587800212945,1725.6506144088735,1675.617860395926,1681.619873046875,7690163
2024-08-07,1458.2071184913539,1461.6814036613468,1450.7622216985117,1454.062744140625,8174568,1724.7381679213,1726.5628030142375,1692.183231395466,1720.560791015625,5094329
2024-08-08,1446.8164580997684,1454.2365143735713,1435.3017085687702,1438.4781494140625,12387192,1709.3251315403352,1709.3251315403352,1658.572136260406,1673.9853515625,6227910
2024-08-09,1449.2732763644294,1465.6520496932055,1445.3026646483625,1463.46826171875,6249776,1700.9703953899302,1710.0934546736023,1686.3254844345618,1700.490234375,4258524
2024-08-12,1459.199797918004,1462.1777566892652,1447.0397996020206,1449.8936767578125,8184584,1702.698946723047,1731.9407043499043,1697.9452825491308,1726.082763671875,4315329
2024-08-13,1450.0178268110735,1459.2742672925806,1447.28803114191,1452.8717041015625,6265064,1738.1827024097588,1738.1827024097588,1718.0640047615366,1726.130615234375,4176918
2024-08-14,1452.7972017764512,1461.1850703208015,1443.0194737625147,1451.109619140625,6267466,1730.5001411349067,1752.5875458219782,1726.1306294039184,1750.906982421875,7450718
2024-08-16,1457.8598362701878,1469.5235088888628,1447.3377388233519,1467.339599609375,9416902,1776.5955951852964,1787.9753867685558,1756.9089953467567,1785.1904296875,7335657
2024-08-19,1476.6025720306277,1492.3397678065596,1474.6105280885965,1482.4791259765625,13797742,1786.1988792940135,1793.449357119504,1775.8273550396493,1790.8084716796875,2585989
2024-08-20,1491.268975771349,1497.9423959482733,1484.0976661921165,1489.9990234375,8411808,1805.405353385153,1810.8791418743747,1794.0735069359491,1797.914794921875,3870333
2024-08-21,1487.30978907883,1501.8766102174725,1484.072717714687,1492.7132568359375,7769996,1800.6996936229339,1804.4449727328276,1793.0171179008144,1798.3948974609375,1966902
2024-08-22,1497.0210123494212,1500.5070892244864,1484.720165407205,1492.1654052734375,10445782,1809.2464708192063,1818.5136006570308,1795.5138206733318,1805.645263671875,4300287
2024-08-23,1497.768063961028,1505.3128818837536,1492.4642955105633,1494.008056640625,9249654,1803.67661383031,1807.9020537953018,1783.3178356718943,1788.2154541015625,5015935
2024-08-26,1500.9802618699923,1516.941539085057,1497.021098650585,1506.5828857421875,8816114,1795.8021261828926,1813.8081635443523,1790.0401942272256,1801.7081298828125,3728589
2024-08-27,1504.4912711730515,1507.4544123852302,1493.485179145279,1494.481201171875,6251156,1801.7079786991785,1827.2525181137994,1799.5472543971127,1824.7076416015625,3830679
2024-08-28,1499.0131426615155,1501.4782728482842,1487.0608784010915,1492.33984375,9610286,1831.2379582795415,1873.588133022963,1822.1148997127973,1862.1602783203125,6514531
2024-08-29,1497.1205913811584,1530.885760314005,1488.0568158159556,1514.874755859375,38335358,1856.3023384955793,1873.1079727033768,1844.6824662886909,1856.638427734375,7228284
2024-08-30,1527.89778785993,1533.599989641746,1497.3447635789732,1503.6197509765625,41620730,1861.1039704725115,1872.6278340667684,1851.5007508106305,1866.5777587890625,13466759
2024-09-02,1504.8647654458696,1520.7264647058682,1500.6316718721823,1510.2183837890625,11240852,1866.241778093103,1897.3562350526781,1865.7136713170646,1886.5526123046875,5573739
2024-09-03,1515.1984708784905,1516.941509382377,1501.5031683479538,1503.1217041015625,10923800,1888.95326566776,1888.95326566776,1859.6153833595768,1864.2249755859375,4694322
2024-09-04,1494.7301447200666,1511.4633627071519,1493.534966971581,1508.525146484375,11983304,1844.8744872415468,1850.7324277310104,1824.6597803927025,1846.1708984375,4778310
2024-09-05,1513.0072347057646,1519.7054581926027,1481.1345314015284,1487.035888671875,16264168,1849.8201661965988,1863.0245930805459,1833.8307821972226,1856.4464111328125,4081810
2024-09-06,1486.5627588054047,1491.0448575756723,1455.8105811316245,1458.997802734375,19394228,1845.7386933402568,1859.6633609018768,1821.586574089743,1826.38818359375,5848106
2024-09-09,1460.666261949736,1464.07768593117,1449.809597840599,1456.63232421875,9010298,1815.0084785277315,1844.634387126065,1814.0481565814205,1819.4739990234375,4772612
2024-09-10,1454.6901127162012,1466.1942153054945,1451.7766997689328,1455.7110595703125,10768260,1829.3174217997903,1858.2230908792164,1820.770532458395,1836.423828125,6909600
2024-09-11,1457.2300550346945,1462.9073318760024,1441.7917138302157,1445.7259521484375,9760202,1838.728280994298,1849.5799652721262,1829.4132055261682,1834.35888671875,5312946
2024-09-12,1451.2039809867947,1480.088617533546,1440.1232367942907,1473.913330078125,22349376,1848.6197893164426,1878.773922571952,1834.9832642548035,1873.0599365234375,8555092
2024-09-13,1470.5268529366479,1477.2500011980833,1463.6542770635715,1466.766845703125,8711328,1873.060057581397,1880.8867055756825,1858.8473618654502,1866.9620361328125,3843127
2024-09-16,1471.6723576050656,1475.0090069946318,1458.9232273463058,1465.4969482421875,5481774,1868.5464710616527,1874.548483367517,1856.3504289468578,1872.867919921875,1570181
2024-09-17,1468.1364260685732,1471.5975781970765,1460.790763828237,1466.4432373046875,5935328,1870.467067930622,1880.7424658489679,1865.0892884852562,1875.07666015625,2793127
2024-09-18,1464.1522884024148,1476.10455198121,1454.7399294679985,1457.6282958984375,8574714,1861.824097546446,1861.824097546446,1806.6536508696367,1817.0731201171875,6385468
2024-09-19,1460.4171894563083,1470.6264144806405,1449.7598031867433,1463.82861328125,16955902,1834.7910511020839,1848.5237015550497,1804.2528841458939,1819.041748046875,7976570
2024-09-20,1468.136427109257,1489.0528890965668,1465.5218693608433,1480.0140380859375,30897320,1829.4134254860905,1839.0166455673825,1793.305341425795,1830.1336669921875,15242974
2024-09-23,1485.0687739665293,1495.5270047691104,1483.026880271187,1487.434326171875,8832314,1833.2546020080952,1842.761812755645,1803.9167195535472,1821.2025146484375,3636672
2024-09-24,1482.5786761041754,1494.530939532627,1481.9561623839436,1483.4501953125,17137444,1813.0879441837894,1835.079341528414,1797.1466223571958,1823.267333984375,7277616
2024-09-25,1477.9970102640052,1490.5468626388433,1474.3116560624171,1488.0069580078125,7069002,1811.5031931874792,1826.1481021670697,1802.3321893756809,1820.09814453125,4268341
2024-09-26,1484.7202013028073,1498.017070530802,1482.1305684499498,1491.9910888671875,18818998,1822.499064726573,1841.8494584619364,1817.8894724224197,1824.851806640625,8952803
2024-09-27,1493.0369361114394,1527.3747692811157,1486.0647823070499,1520.1038818359375,20597478,1855.4380099764576,1896.2516927156676,1827.7808082445556,1831.0938720703125,14908931
2024-09-30,1513.3558880158446,1518.9086621673466,1468.5348969230117,1470.701171875,27008814,1805.40537191387,1825.8122145485347,1796.282312853667,1801.179931640625,6986955
2024-10-01,1474.7599230273088,1482.0308103038055,1457.0057588364782,1458.997802734375,16431642,1800.6036370139677,1833.2065199774477,1800.6036370139677,1828.7890625,4029072
2024-10-03,1430.8602791168494,1443.634334423912,1396.4975195620746,1401.3780517578125,37757294,1814.528402429466,1835.9915754881,1806.3656655040093,1818.273681640625,7503887
2024-10-04,1398.34020617394,1411.711728297617,1376.2782950115372,1381.0093994140625,37072876,1814.5764408447044,1876.5651542030093,1811.1672509312862,1842.0416259765625,10001483
2024-10-07,1387.9566419173104,1390.9447078848398,1355.9594355150189,1365.272216796875,22181340,1846.8911139011777,1864.9452133204372,1840.0249057901142,1857.55078125,6112575
2024-10-08,1367.513224520688,1395.4267642320656,1359.669551595401,1391.791259765625,17020808,1861.007899519078,1880.2622839615105,1830.7096956078074,1871.2353515625,5637391
2024-10-09,1391.9656892391695,1395.4019165531051,1367.0402140253339,1369.1318359375,14310610,1875.07665925967,1898.5564839074102,1867.9221904384558,1875.2686767578125,4857163
2024-10-10,1374.5352199766685,1380.4864268287754,1363.9774115920343,1365.595947265625,22358646,1880.214459242611,1886.0723999723164,1838.1523089309171,1842.85791015625,4782119
2024-10-11,1364.5501018082973,1377.7723178051706,1363.3797273571677,1366.6417236328125,7980122,1841.8974879353766,1869.7468243014484,1834.3109211351211,1858.3189697265625,4709431
2024-10-14,1373.962442591221,1374.5849563155427,1362.8070452852592,1367.0650634765625,12221432,1855.4860705732615,1891.354071794841,1854.477685639696,1881.1746826171875,3751378
2024-10-15,1353.1207855156183,1366.243302159234,1335.3666207605413,1338.678466796875,33762794,1882.2310163628915,1912.433094709219,1874.3083602991192,1881.558837890625,5353705
2024-10-16,1334.6695151768993,1358.5740438069333,1332.3039628645522,1348.6884765625,20034438,1877.42944464905,1881.7989564876755,1840.312977195666,1843.9141845703125,3111512
2024-10-17,1360.2671814831224,1363.0062419523483,1346.6715786036464,1351.0291748046875,15543660,1858.415027332384,1899.516854492198,1853.5654717255002,1890.0096435546875,8162822
2024-10-18,1346.796043723323,1362.9814005892638,1335.9891081789099,1353.8927001953125,12082452,1818.6577602233042,1859.9995499352583,1795.0818094027522,1805.0211181640625,10526196
2024-10-21,1361.686598848784,1368.5342502099143,1352.3239675798945,1363.7532958984375,14067408,1816.0647726492866,1823.4593218230411,1765.071701772492,1779.2364501953125,4654601
2024-10-22,1363.7532474009167,1370.5262455038624,1334.8935348257999,1338.006103515625,15831960,1784.4701814346959,1803.2925852339904,1773.666559613223,1778.132080078125,4125240
2024-10-23,1332.1793705575924,1352.0748848775756,1329.689315659354,1333.2003173828125,17214742,1772.034052723245,1811.1671716222952,1770.8336503030287,1799.067138671875,4311910
2024-10-24,1329.9633130042932,1338.3547254831988,1317.8616212723593,1334.4703369140625,22155934,1787.5433126309072,1809.2465653946333,1786.198838446931,1789.4158935546875,2906475
2024-10-25,1338.1555171764887,1339.002111534351,1316.7410448137834,1322.5677490234375,18597496,1789.5119595392343,1801.9001366151979,1773.1385399992107,1788.1676025390625,4689120
2024-10-28,1331.6813526124565,1347.6177038778262,1316.8406011796387,1329.0418701171875,10824350,1785.9107053224764,1807.2299232087717,1783.3178829165497,1791.3365478515625,7018940
2024-10-29,1322.8167478889227,1337.856655249044,1315.0478495098762,1334.66943359375,12008361,1792.9391324904534,1798.378144066303,1776.4277753656768,1786.4317626953125,4621252
2024-10-30,1329.6893351932274,1344.62966480214,1320.0776988278842,1338.553955078125,11984423,1779.3414895531696,1786.1402834543007,1744.716179758669,1750.3009033203125,5919715
2024-10-31,1334.6694245700712,1337.6574904459744,1320.8745447599274,1326.7510986328125,9331650,1736.5091412479787,1736.5091412479787,1696.2991072073619,1706.7401123046875,7395236
2024-11-01,1327.7471304089104,1336.6116286385318,1327.6972806767253,1333.3248291015625,2127335,1713.7816813488193,1715.2385657478123,1701.6895882617994,1710.236572265625,371966
2024-11-04,1332.5280301195805,1334.6695017714562,1279.9878687625326,1296.9700927734375,19796890,1674.9315887150042,1716.2099839138373,1668.6184223904768,1712.956298828125,7336722
2024-11-05,1287.8564249120313,1304.3406373759979,1281.0336986406933,1300.1075439453125,16267479,1709.4111662537578,1717.6182349398387,1694.8423210868225,1703.77783203125,3160880
2024-11-06,1304.7888451117578,1323.0160966964434,1295.0277806900112,1320.0777587890625,21625209,1713.296076841982,1774.6794262747362,1711.9849045771186,1771.280029296875,10421494
2024-11-07,1318.7331565363688,1318.7331565363688,1297.4182609581876,1300.4561767578125,9611974,1760.8390975998175,1773.22261567757,1735.6350435250165,1751.2237548828125,4550965
2024-11-08,1292.4879180085577,1296.4720058402277,1269.9279963447846,1278.6431884765625,19814406,1765.7438769390867,1787.6942446562714,1761.0333078003775,1777.350341796875,4210960
2024-11-11,1273.8622221377802,1280.884225507143,1261.9598084895413,1267.6370849609375,9056552,1776.427742360696,1814.306737413767,1770.163186757311,1806.6337890625,3804234
2024-11-12,1270.4759075040322,1284.1712099692156,1262.4578817905294,1269.1810302734375,10671091,1817.3176807087516,1826.9331420105937,1807.5080155670998,1815.0838623046875,5012450
2024-11-13,1265.196886863478,1270.3761523895544,1244.5294313213271,1247.0693359375,14633633,1807.605094015565,1819.3572716489662,1802.943134866599,1814.6953125,4257495
2024-11-14,1248.613186761178,1267.537605244334,1246.1231316976048,1262.5574951171875,12612633,1811.9758027067253,1822.0768923467604,1802.6517655626797,1810.9560546875,4311431
2024-11-18,1262.55746761959,1267.8364328732807,1238.951794764919,1255.7347412109375,13620611,1796.047127993138,1796.047127993138,1743.4050832115965,1759.3822021484375,4839244
2024-11-19,1255.734688515481,1276.4021442257297,1230.236550606767,1236.710693359375,14183746,1773.0284911005574,1806.2454112988496,1768.2208195271305,1772.300048828125,4669769
2024-11-21,1236.7107220331202,1239.0014996478671,1212.407761281373,1218.1348876953125,19433843,1789.0540816629436,1813.3354888516371,1768.26917339711,1781.3326416015625,5436504
2024-11-22,1224.509420421979,1263.8024380613526,1217.586994857739,1260.3662109375,20471957,1800.80625185363,1859.0331371970146,1781.2840242640295,1847.572265625,6301486
2024-11-25,1284.868314871977,1299.260783408558,1277.3483005192684,1281.8802490234375,28923341,1860.9270220152914,1864.1322151458903,1827.9043086809907,1835.3829345703125,12764638
2024-11-26,1289.7986377983043,1292.687125909721,1279.0914013187908,1290.545654296875,9247557,1850.1947027907097,1882.8775020849253,1842.764686697864,1868.8428955078125,6850495
2024-11-27,1288.3543972122054,1298.6632001168684,1280.8842325588682,1288.0555419921875,9572746,1874.6218732216507,1885.5971174937745,1856.799342761259,1869.182861328125,4447143
2024-11-28,1284.818474176107,1291.442044503892,1264.0017125526565,1265.7447509765625,15027412,1859.8586361338635,1859.8586361338635,1798.4266776839897,1803.282958984375,8468790
2024-11-29,1274.9081506356404,1294.3305794929802,1270.177046170391,1287.0595703125,13202307,1797.8925063282472,1823.0480681141644,1791.9678666332622,1804.448486328125,5244346
2024-12-02,1282.876370557777,1306.133460567327,1271.9699779978703,1303.9422607421875,11024152,1805.5655210664468,1828.6814691911163,1782.4495729417774,1825.7677001953125,2868263
2024-12-03,1311.7609017834461,1321.5219654799555,1301.8006823317874,1318.035888671875,16869482,1832.7607276683614,1845.1442460985531,1817.3663382733384,1837.714111328125,4715792
2024-12-04,1320.7251432865569,1323.1156203515295,1298.8625094957517,1303.742919921875,19608540,1829.8469491241563,1858.9360291550868,1821.105642042353,1834.946044921875,4705573
2024-12-05,1309.1214514378748,1324.6593698468237,1300.9541199209712,1316.7908935546875,16858723,1845.386971128795,1893.8526842407528,1834.654541582606,1879.2352294921875,9050038
2024-12-06,1318.6334884089777,1318.6334884089777,1304.7887589399247,1306.3326416015625,9037514,1877.2442779990854,1882.2461532385446,1857.4306251975142,1867.1431884765625,3573331
2024-12-09,1297.8166732313093,1309.7689372979064,1287.9560310594236,1289.9979248046875,14650002,1868.8914196597946,1874.7189577548504,1842.667498232043,1868.3572998046875,4274645
2024-12-10,1284.121290398709,1289.7488386952925,1275.107243177966,1279.73876953125,16043729,1883.2659588503623,1909.101352624084,1876.4671647750902,1892.54150390625,6174921
2024-12-11,1279.8882324099652,1284.8683422637005,1270.9738844056644,1273.115234375,11724373,1898.806057875605,1921.1449526741415,1895.8922889888395,1917.4056396484375,5025612
2024-12-12,1264.9479526569407,1273.1152845047754,1255.5853214463157,1257.876220703125,20906813,1918.4254802729865,1941.3472248051385,1913.9092331296335,1929.8863525390625,6462130
2024-12-13,1254.9877622795104,1270.1272485556606,1234.6688884780408,1267.78662109375,28630222,1913.132112410419,1948.7771714843159,1897.6406217246506,1942.22119140625,5362693
2024-12-16,1269.9280595585296,1275.904191603511,1261.511722229068,1263.2547607421875,9486781,1938.0933607570853,1942.1240981650324,1920.7564592966078,1923.1361083984375,3119221
2024-12-17,1256.033537225462,1258.8721754853295,1237.8561365143116,1240.34619140625,17462791,1911.432375880719,1925.029963920521,1901.7198129951464,1919.78515625,5811050
2024-12-18,1235.714673937889,1254.9378248920182,1235.714673937889,1248.2645263671875,12670179,1910.2669710918078,1927.8951783904936,1905.216367108079,1922.261962890625,3064095
2024-12-19,1234.0712121990753,1239.947766097918,1224.1109925687356,1225.55517578125,14244653,1878.4096320265542,1903.4194810568974,1864.8120442042316,1890.2589111328125,5323592
2024-12-20,1219.1309339507777,1234.5692750261348,1196.7204388413884,1200.50537109375,20312896,1918.3769764514818,1923.038935729017,1856.313672846486,1866.900390625,11056720
2024-12-23,1210.1667348774333,1222.3181546925216,1208.3738466363206,1217.437744140625,10052824,1874.5732490554924,1884.2372017118134,1854.1282567360063,1868.988525390625,2781793
2024-12-24,1217.4377030050357,1228.6429501715868,1216.1428258096823,1217.8858642578125,6734917,1871.6594932162752,1886.1797274213886,1787.111585198432,1854.1768798828125,2360544
2024-12-26,1219.3798917928577,1222.8161189414398,1209.4196721335327,1211.7105712890625,10016178,1854.1769374712999,1864.5693327398988,1847.6209572676305,1852.5743408203125,3623321
2024-12-27,1213.4536884394554,1223.0154756156849,1212.1588111658666,1216.1927490234375,7000397,1854.5168074679777,1868.8428379280153,1849.1748978049127,1861.655517578125,3937500
2024-12-30,1211.5611874241417,1218.3340640862093,1203.294156174512,1205.8837890625,8818766,1860.6357387619842,1860.9271630910612,1832.2751008200871,1851.214599609375,7789055
2024-12-31,1203.1945530395503,1214.2503727116298,1201.3519366916562,1210.6148681640625,6405475,1837.9082915665463,1842.473148621904,1792.0164326986576,1825.9617919921875,3613063
2025-01-01,1210.0172807004092,1221.4218053468785,1206.7802092584152,1216.391845703125,5892590,1820.134214444306,1838.5394729768454,1820.134214444306,1828.389892578125,1838368
2025-01-02,1216.3918076943417,1239.4994683243335,1215.1467802555553,1236.860107421875,15486276,1832.760612498252,1906.236174279187,1831.10952423594,1901.5740966796875,7083645
2025-01-03,1238.9518139936486,1257.0296379589822,1230.5852047154665,1246.1729736328125,15521102,1896.8148627360356,1896.8148627360356,1866.754528958132,1883.0230712890625,6218003
2025-01-06,1248.961727102304,1256.9797527645217,1210.1667191829588,1213.15478515625,14816766,1895.8923485784164,1916.288731426852,1872.5821967516326,1882.1490478515625,7164403
2025-01-07,1217.1388288273843,1239.5493228115217,1216.3918123612464,1235.913818359375,10070505,1889.0935202054077,1902.2540906114118,1868.357221729347,1875.3502197265625,4294832
2025-01-08,1244.0314575822304,1265.9937909556584,1240.395953024955,1260.4658203125,19346579,1874.5246254427705,1882.8774057609294,1834.460303784991,1877.5841064453125,5482050
2025-01-09,1261.9598138402198,1264.6988742096441,1243.0852464738894,1249.758544921875,12794704,1878.4583629543145,1895.74665458795,1855.6338390718154,1862.1898193359375,6833503
2025-01-10,1248.8621307808614,1251.750618829338,1231.0831628192257,1236.959716796875,8120332,1881.3233976824297,1920.9507009797642,1876.709930393327,1910.4124755859375,8036913
2025-01-13,1225.1070543419412,1240.2963897717905,1221.5213994754447,1234.9178466796875,13764861,1899.7773306055078,1925.8070469770787,1892.9785364775742,1905.799072265625,5804152
2025-01-14,1239.1509590647415,1248.3641626627486,1222.3680125031533,1233.822265625,13095266,1912.2579998126723,1915.1232771204202,1875.5930733895989,1884.285888671875,5792162
2025-01-15,1239.9974688456068,1251.9995818882041,1236.90982514039,1247.2186279296875,9578856,1891.036010381721,1901.7684398888914,1881.420549328485,1893.60986328125,2985439
2025-01-16,1253.8920943102864,1269.9280238633037,1246.3223515830243,1261.4119873046875,14117603,1909.4412763032324,1910.41253260361,1861.7526156669912,1873.0191650390625,7533579
2025-01-17,1316.9900509904955,1320.7251333812799,1279.888232575373,1297.169189453125,29366277,1797.7954209897873,1804.5942151264314,1759.9164250856263,1763.2672119140625,16409953
2025-01-20,1310.764916385877,1310.764916385877,1295.0775703121099,1300.2568359375,14040244,1770.5516054927243,1775.407886940151,1741.6082392029957,1761.1790771484375,4333011
2025-01-21,1305.2868371165837,1307.776892128252,1265.1471016946018,1268.6331787109375,14562976,1766.7638099629812,1779.0016155615642,1741.5111463055791,1748.941162109375,7169109
2025-01-22,1273.2149526536994,1277.7966294698952,1263.6530443254642,1272.0196533203125,10273590,1755.448693830049,1812.1700865447272,1753.2633671133483,1803.0887451171875,8373913
2025-01-23,1264.9478840486133,1272.2686211078578,1256.581275301743,1258.6231689453125,8720682,1804.5941442893445,1825.5247642701754,1799.446438649042,1811.8299560546875,5907471
2025-01-24,1260.9638702056575,1267.9360243063209,1238.5533748820974,1241.34228515625,14235970,1811.8786496612856,1840.4336089404926,1810.6645792715367,1821.5426025390625,4887027
2025-01-27,1234.1708090151494,1235.515414368934,1215.1468135462453,1224.4595947265625,9536019,1795.6100112127813,1809.4504129219265,1759.9163436470913,1769.62890625,7652371
2025-01-28,1233.0752790316255,1239.7984277662488,1213.6528493538253,1229.4896240234375,10568025,1777.3990640797924,1809.9361507719634,1772.4456805643415,1777.15625,6999495
2025-01-29,1231.0832160878692,1237.8063647194172,1223.1648896668228,1230.585205078125,5928156,1791.9678626583263,1834.36322360914,1787.5972093347696,1827.1759033203125,5145155
2025-01-30,1230.635044492625,1251.9996679975989,1227.497550840604,1248.0654296875,9269259,1819.3088138415467,1832.9548941080284,1790.9966681783667,1806.4881591796875,7336056
2025-01-31,1250.8541794958078,1261.9598488917904,1244.0314532484974,1260.0673828125,6584612,1817.2205970496623,1842.910279604707,1817.2205970496623,1825.7677001953125,5820470
2025-02-01,1260.0673469134033,1265.495739501575,1236.0632421918099,1259.5693359375,7118453,1826.2533177597818,1836.2571867836969,1792.9391783431893,1798.1353759765625,1701402
2025-02-03,1246.0235355947286,1251.003645649064,1232.6270881824535,1240.94384765625,9252345,1783.2265984737837,1822.6110895629577,1779.7300994439906,1809.741943359375,4823228
2025-02-04,1243.0852829885687,1283.6731787459128,1241.6409781641657,1280.08740234375,16691069,1834.703198206104,1856.2650411997822,1821.1056096540206,1844.2215576171875,7334787
2025-02-05,1277.5476050956522,1285.366353249074,1271.6212014188793,1273.115234375,10112028,1851.2145472314708,1864.5207114002724,1839.8508957040453,1842.5218505859375,4996744
2025-02-06,1268.6331564996678,1282.8763195509282,1265.2965071593937,1276.4520263671875,9956001,1861.898330498206,1868.6971246106148,1845.3869733680706,1860.587158203125,4765255
2025-02-07,1271.073491533156,1278.5933846345008,1256.979756005846,1261.6610107421875,8764283,1864.13231412214,1868.405747107761,1835.14021793859,1848.93212890625,4126260
2025-02-10,1259.469777897567,1261.461821832557,1240.5952102474196,1248.6629638671875,6970972,1850.2432794461592,1850.2432794461592,1824.6020890265615,1826.2532958984375,3828734
2025-02-11,1259.5196705337273,1259.5196705337273,1225.2066396338644,1229.937744140625,8859714,1828.9727506286142,1848.3007750893653,1816.249316561804,1821.7369384765625,4411601
2025-02-12,1214.5989377224967,1222.0193743195214,1188.6027887286011,1211.7105712890625,21131654,1830.8181177592105,1840.142154487476,1793.9103785152583,1809.59619140625,5633947
2025-02-13,1212.2086229517822,1223.1150152108587,1207.1786632211406,1211.2623291015625,8511216,1814.7924102365155,1819.6486917731397,1782.8866642532057,1790.2681884765625,5237744
2025-02-14,1214.1507532507958,1219.1308629852126,1200.6546072366423,1212.40771484375,10298145,1800.709122375355,1805.8568280246752,1775.796375368045,1803.0401611328125,5292961
2025-02-17,1206.2821918357026,1222.6169765728448,1199.7084711054922,1220.02734375,8166683,1785.7033698235564,1799.495162260814,1769.7747423270973,1789.3455810546875,4428956
2025-02-18,1219.9775298877432,1225.0074896525716,1211.2623373341316,1220.525390625,6673250,1789.3456107739096,1808.1393973263787,1784.780634818134,1798.7181396484375,4365260
2025-02-19,1214.6488125132394,1227.8461038341088,1212.706618273488,1222.567138671875,6217338,1794.2989338566194,1796.0471240806544,1753.9917969230971,1758.7509765625,4611411
2025-02-20,1219.0810452834291,1234.4198079853766,1217.1388510698625,1228.0950927734375,7795582,1753.6518766132701,1778.3703022593725,1753.6518766132701,1772.6884765625,2218020
2025-02-21,1223.8121434284387,1235.0672403005465,1217.2882724889691,1223.264404296875,6904025,1769.4347905187403,1777.2533326664163,1754.2830972545896,1762.8302001953125,3379879
2025-02-24,1211.7105497558396,1218.3838481751116,1205.68456833515,1209.718505859375,7172498,1748.309923055587,1756.0313630959042,1699.9413126430345,1713.3931884765625,7594720
2025-02-25,1206.1826029932777,1216.1428226711741,1196.7203942992758,1199.21044921875,11552182,1694.987890846883,1727.3306532632726,1694.987890846883,1716.8896484375,5092963
2025-02-27,1207.975493883109,1210.166693583284,1195.8738026303336,1202.298095703125,11509215,1704.748997302386,1724.8054634563641,1700.7668702151418,1713.5875244140625,5757079
2025-02-28,1197.218393771922,1212.5073065135477,1188.5530513693543,1195.325927734375,23007298,1704.6034155946859,1704.6519072727174,1634.0901134127998,1639.189208984375,12182167
2025-03-03,1199.2104168056296,1201.6506219268736,1151.4013636439433,1166.5906982421875,17944938,1643.6569975986285,1678.9135283002097,1643.6569975986285,1659.4884033203125,7504969
2025-03-04,1157.576687742468,1169.3297956512124,1154.9373267832577,1157.2779541015625,11377373,1646.2794646548505,1650.1644899401717,1621.9980566215932,1639.7720947265625,6759673
2025-03-05,1156.3815647449799,1178.2940491759787,1152.3974766666165,1170.9234619140625,8664095,1643.8026956375877,1683.1385762213686,1643.8026956375877,1662.30517578125,8180782
2025-03-06,1192.2383549047067,1209.1208794668382,1180.4355183146993,1204.7882080078125,14468014,1665.7046071983816,1672.794825837321,1642.4915571816716,1666.5301513671875,10610547
2025-03-07,1211.1627762331514,1249.8084792402678,1207.178688153437,1244.828369140625,16474965,1654.146667899849,1655.9920786793123,1627.340016320931,1637.5382080078125,8019331
2025-03-10,1240.0473535020744,1252.9956391209716,1230.4855669004469,1233.4736328125,11931051,1637.5382042171923,1669.5896637303404,1628.01984457351,1652.5440673828125,7558981
2025-03-11,1235.0672477916657,1244.5294565449083,1224.858022557904,1242.3382568359375,10089838,1631.7106175387037,1631.7106175387037,1589.995206020896,1613.8394775390625,12671234
2025-03-12,1252.995610693361,1257.9757204337955,1239.0513034201438,1252.0494384765625,11977555,1589.84944650162,1589.84944650162,1518.850635339536,1545.123046875,14870008
2025-03-13,1255.0376050433522,1259.1212710412995,1238.901975238559,1242.9359130859375,9505270,1553.2816045131979,1559.886194636392,1525.163782654934,1534.439208984375,7822888
2025-03-17,1237.208673957254,1252.3980085038181,1228.1946267891797,1233.9217529296875,16640917,1500.736758011993,1548.1826065260266,1500.736758011993,1544.34619140625,7526032
2025-03-18,1233.9217529296875,1233.9217529296875,1233.9217529296875,1233.9217529296875,0,1544.34619140625,1544.34619140625,1544.34619140625,1544.34619140625,0
2025-03-19,1236.113132982547,1248.2645525643281,1233.8720835165427,1242.1888427734375,16162399,1556.9238965430377,1556.9238965430377,1527.5920028100838,1540.94677734375,7387068
2025-03-20,1246.8700894970418,1267.9359786597456,1245.0773228865291,1264.101318359375,15971477,1546.2400259441436,1584.9931759348294,1546.2400259441436,1569.1131591796875,7186750
2025-03-21,1269.927977701306,1275.9041093610767,1265.0474458622177,1271.2725830078125,21780769,1532.59385494289,1557.7980274559397,1518.7049607743006,1546.7742919921875,10074677
2025-03-24,1285.86434660882,1300.8046759652354,1279.141198398433,1296.920166015625,20299319,1552.0189913058653,1560.9060103586978,1527.4947691913153,1546.968505859375,8857726
2025-03-25,1302.497915186312,1302.497915186312,1277.4977874103538,1280.33642578125,13713899,1558.8663000022038,1589.1209562659596,1558.8663000022038,1581.6422119140625,9890140
2025-03-26,1285.8643858858131,1288.6532960847499,1263.7028966635362,1267.98583984375,12074747,1579.2627320763197,1590.6749935166006,1549.1537869998338,1553.475830078125,6651302
2025-03-27,1273.0655062272906,1279.8882324099652,1266.242780044616,1273.115234375,15028056,1549.688079270318,1573.3866387891755,1540.4125339270274,1557.4581298828125,9426573
2025-03-28,1274.9081198538831,1290.5954658598978,1263.9518781988888,1270.027587890625,18147129,1544.2975705237486,1552.504639118573,1515.1598805138667,1525.5037841796875,6799047
2025-04-01,1259.5693287834792,1272.8164693011493,1244.330265958221,1247.6170654296875,12099648,1495.0061979771754,1502.92196020728,1474.2212903040318,1482.6226806640625,12680733
2025-04-02,1242.5873186806543,1250.5554948342144,1238.9518139936486,1246.1729736328125,10142590,1491.0726643663595,1510.9349273715397,1491.0726643663595,1505.593017578125,6193478
2025-04-03,1228.145018441354,1246.8204315907722,1228.145018441354,1243.732666015625,7434366,1490.5385603678294,1490.5385603678294,1442.3642697947264,1453.485107421875,10459504
2025-04-04,1236.1628160172713,1240.4954871764826,1188.4036122186155,1199.9075927734375,17908652,1418.5199114659142,1429.6893595876932,1406.3792069857197,1409.92431640625,9590254
2025-04-07,1127.6960086529814,1166.590714623955,1110.415052053189,1161.062744140625,22156106,1313.1385736419368,1365.489314158466,1269.4320382766355,1356.602294921875,21715252
2025-04-08,1167.3378163352843,1191.8399338970503,1158.6724733291408,1177.4971923828125,19555040,1389.8677955834949,1414.6348317731379,1374.3276944448953,1387.7310791015625,12805001
2025-04-09,1164.8477193030515,1185.0670143686195,1163.3536863154889,1180.6346435546875,10223104,1364.663707842691,1368.9371407012397,1342.1791008495861,1363.3524169921875,8546854
2025-04-11,1190.3957018139643,1217.786306450343,1190.3957018139643,1214.1009521484375,11224242,1370.6854425398662,1397.4436008179698,1356.893650613513,1368.9371337890625,12567440
2025-04-15,1246.0235343416643,1246.0235343416643,1232.1788040875913,1235.1668701171875,13378535,1404.0480742507405,1406.087688754894,1368.5001176189407,1385.011474609375,10178530
2025-04-16,1229.1907298200806,1235.9637280756608,1224.1110419207541,1234.3701171875,8248464,1384.0401507759727,1386.4682913913693,1356.6507720589223,1372.482177734375,12022740
2025-04-17,1235.266450081142,1275.1073305428426,1222.7165970526498,1269.4300537109375,15398401,1357.8163531049115,1388.7023519091767,1338.6826507754836,1378.6983642578125,14264227
2025-04-21,1264.947875835223,1295.7249783909904,1261.9598099867933,1290.346435546875,10429964,1369.4714582615436,1429.4951483248678,1369.4714582615436,1409.29296875,15648970
2025-04-22,1294.8286411452223,1298.713151385602,1281.1831879455033,1286.0635986328125,13051707,1398.6091260339042,1398.6091260339042,1378.5041672717928,1381.903564453125,9399738
2025-04-23,1291.840547250601,1300.8047453425481,1280.286716249035,1294.82861328125,10480888,1404.4366498623076,1445.0352117850275,1398.2205856526791,1432.5059814453125,11136642
2025-04-24,1287.2588872304611,1299.3107293954529,1285.1672652984741,1296.4222412109375,10468940,1427.6496829084983,1440.2760150192205,1419.4911061400271,1429.1065673828125,7114292
2025-04-25,1298.3146947064158,1319.928323767296,1282.9759313802824,1295.22705078125,14431012,1433.0887071514799,1458.535575435,1421.4336312546193,1437.653564453125,8329979
2025-04-28,1334.669497851195,1369.1318351951852,1314.9482133535364,1363.35498046875,31104496,1437.6534907325017,1446.7833234291916,1423.1818670852326,1439.4989013671875,5886253
2025-04-29,1365.5461749701867,1405.2874774645995,1364.5501529607263,1394.1319580078125,32538970,1439.4018262859975,1466.4027986571466,1431.7288778586658,1454.456298828125,8056743
2025-04-30,1396.4228227174156,1406.7814756764847,1363.5540972183608,1399.410888671875,25480745,1453.7764926957282,1465.431568419441,1439.984581952398,1456.9815673828125,7704183
2025-05-02,1408.3751233126775,1421.024554216323,1403.4945911426703,1414.152099609375,13007841,1456.5930649551544,1479.4175886205041,1453.1936678135066,1463.586181640625,7402310
2025-05-05,1425.3074680112338,1433.773654928142,1421.2238021682567,1425.6063232421875,12685649,1471.4532464465005,1479.2232965927526,1459.6039673980883,1465.2371826171875,4282493
2025-05-06,1425.3074785225756,1426.3035005201455,1404.9886054552057,1415.2476806640625,14084117,1462.7120452184295,1472.0360823521305,1456.0103527730441,1468.053955078125,4270530
2025-05-07,1415.2476117092147,1418.733688530858,1397.1199392858432,1400.4068603515625,13440169,1456.8844481471906,1475.1441139885928,1453.5821530190785,1464.9459228515625,5691799
2025-05-08,1398.51446598441,1415.1481063364454,1392.438756100913,1401.4029541015625,16106175,1464.654491996011,1472.910170498641,1458.0499017692832,1467.956787109375,8424409
2025-05-09,1379.9884666950659,1389.251519832932,1369.032224808638,1371.721435546875,13668904,1457.5642989506216,1467.9568126185206,1451.1540310083215,1464.2659912109375,4478653
2025-05-12,1394.430721507353,1433.275577320772,1394.430721507353,1430.7855224609375,10674081,1492.8209942326298,1585.0903465111594,1487.96471253376,1580.136962890625,11372857
2025-05-13,1427.7974767909468,1441.9409399606418,1406.7814377941193,1410.0682373046875,11407896,1562.7513505672503,1565.859323230766,1519.627548132014,1523.5125732421875,12846210
2025-05-14,1414.3512435205853,1424.2118856620737,1409.8691445094285,1418.7337646484375,5570160,1528.75740058924,1549.1537826809642,1524.3867472838704,1546.6285400390625,4870057
2025-05-15,1419.3313670179805,1455.5865925696291,1407.0802476372012,1448.4151611328125,20177211,1544.1033749720434,1572.075486394776,1525.843708376521,1566.636474609375,11151167
2025-05-16,1447.4191020051853,1455.1881221330052,1441.542669553187,1450.6064453125,9036695,1566.2479103864578,1566.2479103864578,1536.0418626920532,1544.200439453125,4576751
2025-05-19,1446.3234565863577,1448.81351147394,1432.4787270944578,1435.0684814453125,6195791,1531.1856318206726,1539.4413107743521,1510.9834523682187,1514.9656982421875,8855798
2025-05-20,1432.4787356808251,1439.2517336495314,1416.1440727881434,1418.932861328125,11270560,1524.8723866170074,1537.9843466293191,1513.2173110505078,1515.7425537109375,7143998
2025-05-21,1418.235682967954,1430.486680037078,1412.458707007589,1423.5145263671875,6136364,1522.832797268108,1525.8436681268927,1507.4869000940212,1523.41552734375,4157309
2025-05-22,1415.5464438973825,1418.1361984129633,1391.3431818014155,1403.79345703125,12134466,1510.7892156499267,1515.9369216042496,1495.7347425913772,1503.0191650390625,6158990
2025-05-23,1401.0045498118507,1428.0964217220903,1401.0045498118507,1421.124267578125,6474883,1505.447258808557,1541.5779455953386,1505.447258808557,1519.8218994140625,5038421
2025-05-26,1426.3034970063507,1435.2676949623963,1419.430920923106,1429.0924072265625,4842944,1521.5700705826603,1538.275749801986,1517.782147363295,1535.070556640625,3170102
2025-05-27,1420.4269591196573,1431.2836233071982,1408.275539274527,1416.44287109375,12640414,1534.4878415209876,1537.4016104009331,1511.6633186280806,1524.969482421875,7775714
2025-05-28,1414.4508509493858,1416.9409060075968,1405.0882196135674,1407.279541015625,5944611,1535.556238237006,1542.063608140773,1524.8724187426308,1526.6207275390625,3623370
2025-05-29,1406.4826358531975,1414.3512339364067,1402.996558868143,1412.1600341796875,13771917,1543.3262208282474,1562.6542444112208,1531.2826193070812,1540.02392578125,8609500
2025-05-30,1412.3591925541664,1424.9090454066043,1404.0921613404494,1415.2476806640625,13788484,1547.3124739974683,1548.297396005105,1531.652190030095,1539.1375732421875,13148092
2025-06-02,1406.4826830156508,1411.8612262898896,1390.0483195350275,1408.0762939453125,8098668,1536.4782943781508,1536.4782943781508,1515.7949327230604,1530.371826171875,4374509
2025-06-03,1416.6421539546416,1420.8253977642241,1397.8173136420837,1399.908935546875,11252626,1535.4933708621093,1543.6682714095227,1512.4461724234918,1519.734619140625,6853403
2025-06-04,1409.0722382665938,1420.0284799827916,1400.506473605418,1417.8372802734375,8126827,1519.7346010168856,1533.8190332918903,1518.158749909477,1527.8109130859375,4548307
2025-06-05,1422.3193687346825,1448.913106617055,1417.9368477633755,1436.662109375,13716817,1524.5607331925255,1544.0621159555858,1518.3556767230737,1530.8642578125,6948539
2025-06-06,1435.2676355449807,1445.7258660607492,1431.28354772945,1437.7576904296875,8182161,1531.2581829658582,1545.2441474823067,1519.8331118292815,1540.2210693359375,3960020
2025-06-09,1451.204075048637,1451.70208605586,1439.5506661134996,1443.0367431640625,7885125,1554.2069160448225,1564.0561360451065,1547.3124620446238,1549.183837890625,2903202
2025-06-10,1444.2318404180787,1448.1163503747662,1430.2875329933524,1432.777587890625,7913181,1560.116482612782,1583.2621501262925,1553.7144894707471,1571.935546875,8591925
2025-06-11,1440.0485867347081,1462.7578142878924,1437.3592545136698,1443.13623046875,8195700,1566.1244242034918,1609.9534525332194,1566.1244242034918,1606.5062255859375,10597410
2025-06-12,1447.7179200254843,1451.2039968882907,1428.6939248911115,1435.865234375,8828114,1592.6188275892266,1603.452969273507,1574.0037782857437,1584.345458984375,10483574
2025-06-13,1418.335338487147,1429.7895915718395,1408.6739736495979,1422.2198486328125,9757276,1552.2369998927122,1584.7394243828517,1546.5244044661895,1577.844970703125,6968315
2025-06-16,1421.223780491138,1436.6621211041454,1418.7337255535563,1432.0804443359375,8458093,1575.875214344727,1610.1505483486199,1573.01891647278,1599.31640625,5591842
2025-06-17,1442.2398094911548,1442.2398094911548,1420.12817043809,1425.506591796875,10366599,1596.2630097727385,1622.5604988569514,1591.2399317053334,1615.173583984375,7622083
2025-06-18,1424.3114328610282,1437.0605628519918,1420.028489708749,1424.4110107421875,6681735,1596.5585788351507,1619.9011823893957,1596.5585788351507,1608.2791748046875,5629707
2025-06-19,1424.4110453044384,1434.1721095891817,1420.0285241646616,1427.598388671875,10007230,1599.4148737815738,1605.4228739879738,1587.2018168292147,1593.997802734375,5147760
2025-06-20,1425.3075053013417,1465.148385952672,1422.4190171371765,1460.367431640625,29010635,1594.58871180959,1606.1122510729595,1584.6410236941556,1598.429931640625,9202821
2025-06-23,1447.2199506188397,1457.9770367383994,1436.2637087352834,1451.0048828125,5989078,1576.8601291540897,1576.8601291540897,1551.6461498856431,1560.116455078125,7943676
2025-06-24,1459.1721495093714,1469.1323689599471,1437.359244595668,1445.0286865234375,16402744,1576.860073737694,1584.739449496533,1552.827953627288,1557.7525634765625,8083992
2025-06-25,1458.1762135192969,1466.5428226679085,1454.690136506102,1461.463134765625,7525851,1566.025955644839,1595.4751470327865,1561.199813873949,1590.550537109375,7813533
2025-06-26,1463.2558362824063,1492.8377614283193,1459.2717484446844,1489.3516845703125,14657893,1584.5425210067874,1599.5132869304996,1582.3756205245834,1591.6339111328125,6519233
2025-06-27,1493.4353527246628,1515.9454247275912,1490.9452978220222,1509.3717041015625,11117052,1594.5886581952298,1605.0288069577266,1578.238977654369,1583.7545166015625,8912268
2025-06-30,1507.7781788170053,1518.734421010171,1490.0489382705405,1494.630615234375,8409527,1590.648993297183,1590.648993297183,1570.064099926214,1577.6480712890625,6294505
2025-07-01,1494.630607775488,1525.3081343971446,1494.132596769193,1522.320068359375,10368523,1584.7395342639384,1593.308307768125,1576.3676970723639,1582.57275390625,4178937
2025-07-02,1522.3200879079554,1523.9136988316197,1502.6983810571346,1512.75830078125,6361002,1593.6038341220215,1624.1364168524187,1579.2239966239758,1586.2169189453125,8653641
2025-07-03,1514.7502729656235,1525.8060926058627,1506.9812529023668,1511.76220703125,11283291,1594.0962765801005,1607.786716594206,1590.6490495377586,1594.293212890625,5259695
2025-07-04,1517.9375659885409,1523.913698138102,1511.1645675851503,1521.2244873046875,6603501,1600.4981989662078,1618.6207872342948,1587.9897380569496,1615.96142578125,4411273
2025-07-07,1520.5271677380254,1538.65484117058,1518.933556847784,1535.367919921875,7251074,1615.2721260131761,1619.2118141254034,1598.5284515362102,1602.4681396484375,3294523
2025-07-08,1529.8897875590692,1538.7544076502807,1524.1128113419518,1531.4833984375,7171261,1603.4529602070286,1621.378491891406,1597.0509674297891,1613.9915771484375,4590681
2025-07-09,1530.586937987722,1544.8301010282516,1504.0927774643353,1512.9573974609375,8870660,1613.1052929685202,1613.3022292758048,1599.1193284889714,1609.0670166015625,4580828
2025-07-10,1513.654605815878,1518.6347158851345,1501.5031858807802,1511.16455078125,10047129,1614.1886858160015,1614.1886858160015,1582.868118202301,1591.43701171875,5330179
2025-07-11,1505.9852937598653,1508.9733598189127,1484.3716645666439,1489.2520751953125,7234991,1555.2902357933656,1582.8680505457567,1539.433016356687,1570.85205078125,11391755
2025-07-14,1486.263916129696,1494.0329360309418,1473.2160528053016,1477.7977294921875,10311846,1567.7988696310574,1567.7988696310574,1536.2813659941348,1546.623046875,9173426
2025-07-15,1480.2878335086834,1490.5469086437597,1476.503022895967,1479.4910888671875,8132454,1541.5013602388092,1579.4208563061295,1540.4179701114037,1561.6922607421875,7614807
2025-07-16,1467.1403332858122,1485.068728397248,1465.6463003598592,1479.690185546875,10409983,1555.1918577227598,1587.6942841349517,1554.6993967165145,1583.6561279296875,6223491
2025-07-17,1481.4830970988435,1483.674296790977,1468.0368005528198,1470.52685546875,11854613,1573.9053927711557,1585.7244570472844,1556.2752645133157,1559.6240234375,7374814
2025-07-18,1478.8934598804974,1478.8934598804974,1463.2558421043927,1470.12841796875,10296318,1568.0942241264431,1575.1857343566385,1556.176692489401,1562.1846923828125,5161833
2025-07-21,1459.1722169809668,1470.128458883213,1417.4388712363768,1422.9169921875,22442744,1556.1767745731315,1565.041072656143,1543.1758521432762,1560.4119873046875,3682661
2025-07-22,1421.721828538219,1426.2039275426996,1405.0881881707605,1407.179931640625,20396320,1541.4029254290974,1561.889351060241,1541.4029254290974,1547.2139892578125,8473741
2025-07-23,1420.3273163904719,1420.3273163904719,1408.7734859597779,1418.932861328125,8354596,1552.5325511946266,1567.897309898412,1526.629055261839,1550.7596435546875,8035026
2025-07-24,1413.554298653669,1417.3392306864348,1390.4466381154343,1397.3192138671875,14740507,1556.1767861186595,1558.1466301517212,1524.8562179010848,1529.0914306640625,14169664
2025-07-25,1393.3351272649268,1395.4267490386208,1378.593953801798,1386.1636962890625,11854722,1520.12860228797,1526.1366022975346,1488.512630894258,1492.84619140625,10851259
2025-07-28,1386.7614543919697,1402.199795115413,1379.490445288333,1382.080078125,7748361,1491.0734115180542,1496.392014262957,1460.14683725966,1493.1417236328125,6439855
2025-07-29,1377.4984422704579,1414.550412474214,1377.4984422704579,1411.4627685546875,10750072,1490.0884773327002,1494.3235696797126,1473.5417400906863,1490.8763427734375,7070448
2025-07-30,1412.458776601272,1417.6381639620695,1395.7256799199,1404.4906005859375,7209849,1496.9830114866083,1498.7557989957106,1483.2925712781332,1496.0965576171875,5719051
2025-07-31,1382.5780559389787,1397.0203743336986,1376.7015020683227,1384.669677734375,17065827,1486.936711768862,1504.0743788045277,1474.428250322285,1486.247314453125,6851407
2025-08-01,1381.3828853186424,1400.3073026227253,1378.7932525308158,1388.15576171875,10321171,1471.3749358302919,1476.1024890867666,1443.4031282013243,1447.4412841796875,8702978
2025-08-04,1389.5502251510159,1410.466686507784,1386.1637261382157,1405.885009765625,6312820,1439.4634841975633,1460.4423706154291,1429.1218033326475,1458.177001953125,8610216
2025-08-05,1405.38696851784,1405.38696851784,1382.5780415934858,1386.1636962890625,9315972,1456.4040844682859,1456.4040844682859,1433.0614816224124,1438.2816162109375,10213323
2025-08-06,1386.3630773472378,1390.3471654369864,1377.797312271222,1387.259521484375,5834312,1430.1067078263497,1434.14486387826,1408.7339490588547,1415.037353515625,10566934
2025-08-07,1382.1796145349972,1388.1557462486337,1360.5659868045632,1383.8729248046875,9976705,1408.4383894942564,1420.2574529025999,1392.876574581379,1415.234375,9892020
2025-08-08,1379.4904158119157,1391.6418351007062,1359.569976594415,1362.35888671875,8793606,1403.5138318764698,1411.590144080286,1395.7329241309972,1401.6424560546875,10048009
2025-08-11,1364.5501609316866,1382.4785572067015,1355.7851185633474,1380.6856689453125,9997486,1398.4907470266712,1411.7871937906966,1392.6796832838538,1406.66552734375,6625368
2025-08-12,1376.4028464986861,1396.3232867936674,1369.7294260490362,1374.9088134765625,12244664,1406.6655976905836,1419.2726477892124,1399.5742071536924,1402.62744140625,9899184
2025-08-13,1382.4785186353236,1386.2634508216695,1372.0202877666845,1377.0999755859375,7457021,1403.5138705026145,1412.3781686321047,1400.953097311154,1405.0897216796875,10318063
2025-08-14,1377.300048828125,1380.699951171875,1370.0999755859375,1373.800048828125,7126128,1404.6956380205245,1447.835267553816,1404.6956380205245,1425.8714599609375,12902347
2025-08-18,1390.0,1394.9000244140625,1377.0,1381.699951171875,11785109,1442.6151494914589,1442.6151494914589,1408.0444126749926,1414.1510009765625,7254561
2025-08-19,1390.0,1421.0,1389.0999755859375,1420.0999755859375,14384719,1411.0977408332749,1427.5460108318366,1411.0977408332749,1418.2877197265625,3986094
2025-08-20,1413.0,1424.9000244140625,1410.0,1413.0,8725641,1418.9770874002822,1476.3980885005715,1418.9770874002822,1473.6402587890625,10413061
2025-08-21,1425.0,1431.9000244140625,1420.300048828125,1424.800048828125,11021323,1485.262351237006,1485.262351237006,1461.9197483180794,1473.8372802734375,6565539
2025-08-22,1420.0,1423.4000244140625,1407.9000244140625,1409.199951171875,5818868,1475.5115598317454,1481.6181481033814,1463.6924963469764,1465.0714111328125,5543397
2025-08-25,1414.699951171875,1419.5,1405.699951171875,1412.5999755859375,5979407,1483.981859694785,1515.7948868943363,1483.981859694785,1508.9989013671875,10694531
2025-08-26,1408.0,1410.0,1381.5999755859375,1384.9000244140625,12145259,1500.03616013844,1515.2039825206518,1495.7024794249892,1506.53662109375,15994798
2025-08-28,1389.9000244140625,1392.199951171875,1366.5,1385.9000244140625,13161813,1506.5366438633127,1506.5366438633127,1475.413133190423,1477.4814453125,5443364
2025-08-29,1381.0999755859375,1403.5,1350.0,1357.199951171875,18758842,1479.254311487481,1479.254311487481,1445.5699084151588,1447.4412841796875,8169075
2025-09-01,1356.0,1363.199951171875,1340.5999755859375,1353.9000244140625,11232238,1454.4343120627393,1480.7318023736236,1453.941851048263,1476.7921142578125,4546057
2025-09-02,1354.800048828125,1384.5,1354.5,1366.5,11517006,1476.7920565936874,1489.9900353122632,1463.8896025641538,1476.1025390625,5218763
2025-09-03,1369.699951171875,1376.5,1360.5,1372.5999755859375,7847563,1477.3829894013984,1479.2543652339205,1450.7900955921732,1456.798095703125,4623483
2025-09-04,1371.800048828125,1374.0,1357.0999755859375,1359.300048828125,13223177,1461.6242804276317,1461.6242804276317,1438.0846200594328,1440.94091796875,5787724
2025-09-05,1363.0,1381.0,1359.300048828125,1375.0,5777575,1447.835279098319,1450.4945202945664,1411.3931666312185,1422.8182373046875,5466487
2025-09-08,1380.0,1386.0,1372.4000244140625,1378.5,6986720,1429.1218644887508,1436.0163186937275,1406.7641825159365,1411.2947998046875,3811567
2025-09-09,1376.5999755859375,1381.199951171875,1368.699951171875,1376.199951171875,9754452,1458.6694341238242,1484.474341584966,1450.297597398603,1481.6181640625,13072640
2025-09-10,1383.9000244140625,1388.5,1374.0999755859375,1377.0,7790815,1487.330709756259,1511.756823802922,1486.5428442826578,1509.491455078125,7281071
2025-09-11,1376.0,1385.5,1375.0,1383.300048828125,9766072,1500.922609577238,1504.4683046125388,1483.7849433052634,1486.9366455078125,8003662
2025-09-12,1383.300048828125,1396.300048828125,1380.5,1395.0,7403368,1513.8250582606502,1519.6361218926327,1498.1647749913177,1502.596923828125,12856963
2025-09-15,1393.0,1400.800048828125,1388.5999755859375,1399.300048828125,5396697,1502.5969824151846,1504.4683582651935,1478.5648615170796,1485.6563720703125,6167414
2025-09-16,1404.699951171875,1408.0,1398.199951171875,1405.300048828125,8686961,1485.656397411633,1491.1719366717366,1480.8302554728903,1488.5126953125,8923112
2025-09-17,1407.0,1416.199951171875,1406.9000244140625,1413.800048828125,7519417,1494.028241371192,1503.680405062861,1491.1719434573272,1499.4453125,4795698
2025-09-18,1420.4000244140625,1422.0,1410.699951171875,1415.0,9332642,1526.6291407021617,1531.5537508334592,1515.302537400178,1517.370849609375,9331945
2025-09-19,1414.9000244140625,1417.0,1403.5999755859375,1407.4000244140625,13461373,1521.3104874589542,1527.9095369547413,1497.179898612735,1516.976806640625,12988129
2025-09-22,1403.9000244140625,1410.699951171875,1388.0,1390.5999755859375,7757970,1460.3437656419162,1491.8612688721596,1459.6543683506482,1476.8905029296875,15655204
2025-09-23,1391.0,1395.0,1376.800048828125,1389.800048828125,14014702,1470.4885054191882,1490.186944875574,1470.4885054191882,1474.920654296875,9832164
2025-09-24,1385.300048828125,1396.0,1380.4000244140625,1383.0,5922759,1464.7758845360097,1474.1326431158677,1460.3437357350242,1472.0643310546875,4937004
2025-09-25,1381.300048828125,1384.5,1369.0,1372.4000244140625,11411143,1466.5488557470633,1480.04223903444,1454.2373307659764,1462.4122314453125,9491867
2025-09-26,1372.0,1382.699951171875,1366.0,1377.5999755859375,9879109,1452.7599061754568,1456.404069373631,1419.4694954878144,1427.053466796875,8597058
2025-09-29,1381.5999755859375,1389.0,1368.0,1372.800048828125,14231999,1437.9860786678707,1442.9106885263222,1414.8404123331482,1420.060546875,10513117
2025-09-30,1377.0999755859375,1377.0999755859375,1362.800048828125,1364.0,14604684,1421.2424051491353,1430.303639196793,1416.416263441906,1420.060546875,7556305
2025-10-01,1367.0,1378.5999755859375,1362.699951171875,1368.699951171875,12045916,1424.197180444367,1427.6444073679875,1405.877655696216,1424.000244140625,6250692
2025-10-03,1363.199951171875,1371.5999755859375,1356.9000244140625,1363.4000244140625,12842347,1417.3027030735375,1426.4625254104503,1411.5901076030302,1424.7880859375,6877533
2025-10-06,1360.0,1377.4000244140625,1359.0,1375.0,12396580,1424.7881421800753,1456.5027027407555,1420.5530497148675,1453.744873046875,4630590
2025-10-07,1376.0,1395.9000244140625,1375.9000244140625,1384.800048828125,11244040,1455.4191203786977,1460.5407866669368,1432.0765182081868,1436.5086669921875,5570320
2025-10-08,1384.800048828125,1389.0,1364.5,1367.4000244140625,8525081,1435.0313384295307,1475.4131399913774,1433.061494450904,1472.4583740234375,4657192
2025-10-09,1374.0,1380.0,1369.0999755859375,1377.800048828125,8826633,1479.352867871771,1491.171932062491,1464.5790376333712,1486.5428466796875,7028753
2025-10-10,1377.800048828125,1388.0,1375.0999755859375,1381.699951171875,6373084,1487.2322078030077,1498.755747016607,1476.2011295853695,1492.058349609375,3738353
2025-10-13,1376.9000244140625,1377.699951171875,1367.800048828125,1375.0,7600682,1474.4281763502415,1482.0120273618204,1461.0332617199265,1470.6854248046875,5859355
2025-10-14,1380.0,1388.0,1370.0999755859375,1375.9000244140625,9768174,1476.3980688327763,1491.5658915845438,1464.0865439092208,1467.435302734375,5600789
2025-10-15,1383.0,1384.0,1372.699951171875,1374.300048828125,10882743,1461.5258266826634,1466.1549121391147,1445.373081319078,1452.1690673828125,6986098
2025-10-16,1375.0999755859375,1400.5,1375.0,1398.300048828125,12315932,1451.6765810210527,1452.267510183725,1438.478601982591,1449.312744140625,8005748
2025-10-17,1401.0,1423.300048828125,1399.0999755859375,1416.800048828125,19335561,1432.9630656678505,1436.410292725158,1412.3781714796953,1419.37109375,16959378
2025-10-20,1440.0,1473.800048828125,1433.300048828125,1466.800048828125,24721978,1431.781048131079,1444.8805586841174,1428.136884861602,1438.87255859375,6994246
2025-10-21,1468.0,1474.0,1460.0,1465.199951171875,2066169,1455.7147580634262,1463.5941342911037,1447.8353818357486,1450.19921875,1698704
2025-10-23,1475.0,1482.9000244140625,1444.5999755859375,1448.4000244140625,18707090,1487.2321904325627,1522.6893817276436,1483.292502510887,1505.4532470703125,20358624
2025-10-24,1450.0,1459.800048828125,1441.0,1451.5999755859375,9700837,1516.2874003977408,1519.7346273554492,1495.111577657532,1502.4000244140625,8652257
2025-10-27,1463.0,1485.0,1458.0,1484.0999755859375,14113867,1510.0,1515.300048828125,1498.0999755859375,1504.5,7273211
2025-10-28,1484.0999755859375,1492.0,1477.5999755859375,1486.9000244140625,17631577,1499.699951171875,1506.5,1490.5,1500.199951171875,8211019
2025-10-29,1490.0,1508.300048828125,1488.0999755859375,1504.199951171875,11884745,1500.199951171875,1520.199951171875,1496.9000244140625,1510.4000244140625,4884976
2025-10-30,1500.0,1503.0999755859375,1484.0,1488.5,9318663,1507.0,1508.199951171875,1489.0999755859375,1493.800048828125,5608867
2025-10-31,1490.4000244140625,1497.5,1482.300048828125,1486.4000244140625,8758053,1490.0,1497.0999755859375,1480.699951171875,1482.300048828125,4819814
2025-11-03,1486.0,1495.0,1479.300048828125,1484.699951171875,8452085,1482.300048828125,1491.4000244140625,1474.199951171875,1485.5,5470600
2025-11-04,1483.9000244140625,1492.800048828125,1470.0999755859375,1473.0999755859375,10007806,1479.699951171875,1481.9000244140625,1462.9000244140625,1467.9000244140625,8691330
2025-11-06,1484.0,1501.5999755859375,1476.199951171875,1496.0999755859375,16772678,1478.5999755859375,1483.0,1461.9000244140625,1466.699951171875,7944752
2025-11-07,1494.5999755859375,1498.4000244140625,1475.9000244140625,1478.0,7821765,1470.0,1480.9000244140625,1449.0999755859375,1476.800048828125,8765759
2025-11-10,1477.9000244140625,1501.0,1475.5,1489.300048828125,7068438,1490.0999755859375,1520.0,1490.0,1513.5,9787975
2025-11-11,1497.0,1498.800048828125,1480.199951171875,1493.4000244140625,7127506,1525.0,1533.4000244140625,1511.0999755859375,1530.300048828125,13692989
2025-11-12,1505.0,1524.699951171875,1500.0,1511.5,12384459,1540.0,1559.199951171875,1538.0999755859375,1551.699951171875,14635417
2025-11-13,1515.0,1522.0999755859375,1506.800048828125,1510.9000244140625,7196443,1557.0999755859375,1557.5,1530.300048828125,1541.800048828125,19655689
2025-11-14,1505.5,1520.9000244140625,1505.5,1518.9000244140625,7682823,1520.0,1530.0,1488.800048828125,1502.800048828125,9739549
2025-11-17,1520.9000244140625,1523.699951171875,1511.5,1518.300048828125,5871416,1496.0,1510.199951171875,1492.5,1507.5999755859375,7910354
2025-11-18,1521.699951171875,1527.800048828125,1510.5,1519.4000244140625,11045042,1506.0,1506.0,1483.199951171875,1486.4000244140625,7525119
2025-11-19,1517.4000244140625,1522.300048828125,1512.0,1518.9000244140625,5692366,1490.5,1543.0,1490.5,1541.0999755859375,10981126
2025-11-20,1530.0,1550.9000244140625,1526.699951171875,1549.0999755859375,18171724,1555.0,1555.0,1534.0,1536.5,7387584
2025-11-21,1541.0,1557.800048828125,1540.0999755859375,1546.5999755859375,9615271,1531.0,1551.5,1526.300048828125,1545.0,9186302
2025-11-24,1550.0,1550.0,1531.800048828125,1535.9000244140625,18433951,1563.5999755859375,1585.0,1541.0,1548.0,19270381
2025-11-25,1535.9000244140625,1559.5999755859375,1525.0999755859375,1539.699951171875,15033482,1549.0,1550.5999755859375,1525.9000244140625,1530.5999755859375,8107952
2025-11-26,1542.300048828125,1571.5999755859375,1540.5,1569.9000244140625,14054299,1532.0999755859375,1560.300048828125,1532.0999755859375,1557.9000244140625,7575038
2025-11-27,1575.0,1575.5,1556.0,1563.4000244140625,9794643,1564.0,1574.300048828125,1552.199951171875,1566.4000244140625,7552252
2025-11-28,1568.0,1581.300048828125,1563.0,1567.5,8959508,1565.0,1568.4000244140625,1557.0,1560.0999755859375,4453221
2025-12-01,1575.0,1577.5,1563.5999755859375,1566.0999755859375,8920233,1562.5,1574.0,1556.0,1564.0,5341800
2025-12-02,1561.0999755859375,1567.5,1542.0,1546.300048828125,11389150,1567.0,1579.9000244140625,1556.0999755859375,1561.0,6335969
2025-12-03,1545.199951171875,1552.4000244140625,1533.0,1538.800048828125,6090883,1555.0999755859375,1586.0,1554.0999755859375,1578.699951171875,12895312
2025-12-04,1536.0,1560.5,1517.5999755859375,1535.5999755859375,11867930,1568.0,1599.0,1568.0,1597.5999755859375,12609619
2025-12-05,1530.4000244140625,1545.800048828125,1520.5999755859375,1540.5999755859375,10183266,1610.0,1631.800048828125,1600.0,1616.199951171875,10344725
2025-12-08,1539.199951171875,1551.0,1535.0,1543.0,11301491,1617.0999755859375,1630.0,1600.199951171875,1610.800048828125,7550413
2025-12-09,1540.300048828125,1542.5,1520.0999755859375,1529.4000244140625,11503971,1601.199951171875,1606.9000244140625,1582.4000244140625,1599.0,6957599
2025-12-10,1534.0,1547.5,1531.4000244140625,1536.9000244140625,7991629,1608.0,1608.0,1582.800048828125,1584.800048828125,5116140
2025-12-11,1536.9000244140625,1550.0,1524.0,1545.0,4706197,1598.0,1607.4000244140625,1580.5,1598.0,5159319
2025-12-12,1550.800048828125,1559.800048828125,1546.0999755859375,1556.5,5106655,1601.4000244140625,1601.800048828125,1582.5999755859375,1598.199951171875,4633912
2025-12-15,1551.199951171875,1558.5999755859375,1546.5,1556.199951171875,5774543,1585.0,1610.800048828125,1585.0,1606.800048828125,4190558
2025-12-16,1545.0,1551.699951171875,1538.800048828125,1542.300048828125,11731856,1600.0,1603.0,1585.5999755859375,1592.9000244140625,5499258
2025-12-17,1550.0,1550.0,1539.300048828125,1544.4000244140625,7116649,1587.199951171875,1606.9000244140625,1586.0,1602.0,4817628
2025-12-18,1535.199951171875,1551.5,1535.199951171875,1544.4000244140625,6580829,1610.5,1630.0,1606.699951171875,1626.800048828125,6577293
2025-12-19,1554.4000244140625,1574.199951171875,1551.0,1565.0999755859375,13937275,1650.0,1654.9000244140625,1629.800048828125,1638.699951171875,13149023
2025-12-22,1573.5,1577.5,1565.300048828125,1575.4000244140625,10184852,1664.0,1693.199951171875,1664.0,1689.5999755859375,23098923
2025-12-23,1580.9000244140625,1580.9000244140625,1568.0999755859375,1570.699951171875,7506564,1679.0,1679.0,1656.4000244140625,1668.300048828125,6593060
2025-12-24,1572.699951171875,1575.699951171875,1553.5999755859375,1558.199951171875,8815745,1661.0,1667.5999755859375,1652.5,1663.4000244140625,4271167
2025-12-26,1554.699951171875,1561.0,1554.300048828125,1559.199951171875,2311495,1663.4000244140625,1668.800048828125,1651.699951171875,1656.0999755859375,2006491
2025-12-29,1554.9000244140625,1558.0999755859375,1543.5999755859375,1545.5999755859375,5972105,1658.0,1673.0999755859375,1637.0999755859375,1644.699951171875,4062817
2025-12-30,1547.0,1553.5999755859375,1537.800048828125,1539.800048828125,8815884,1647.0,1647.9000244140625,1616.800048828125,1621.5999755859375,9395937
2025-12-31,1541.0,1577.0,1541.0,1570.4000244140625,5771830,1621.0,1628.5999755859375,1609.199951171875,1615.4000244140625,6538656
2026-01-01,1573.699951171875,1592.5,1571.0999755859375,1575.5999755859375,6408128,1615.4000244140625,1639.5999755859375,1614.0999755859375,1629.800048828125,3658165
2026-01-02,1580.0,1594.5999755859375,1578.199951171875,1592.300048828125,6602230,1635.9000244140625,1643.5,1627.5,1640.4000244140625,2524526
2026-01-05,1593.0,1611.800048828125,1575.300048828125,1578.0999755859375,8704973,1637.0,1637.0,1583.0999755859375,1606.4000244140625,5917885
2026-01-06,1569.0,1569.0,1496.300048828125,1507.5999755859375,27417125,1600.0999755859375,1619.9000244140625,1599.0,1612.199951171875,4466729
2026-01-07,1510.0,1520.0,1498.0,1504.199951171875,11199340,1615.0,1642.0,1615.0,1639.0,4508079
2026-01-08,1500.0,1503.9000244140625,1468.800048828125,1470.5999755859375,16518684,1638.9000244140625,1644.300048828125,1608.5999755859375,1613.300048828125,3942131
2026-01-09,1465.0,1479.9000244140625,1465.0,1475.300048828125,8335311,1610.0,1631.300048828125,1607.0,1614.0999755859375,6816681
2026-01-12,1475.300048828125,1485.300048828125,1451.0,1483.199951171875,8883745,1610.0999755859375,1613.300048828125,1592.5999755859375,1595.9000244140625,6985362
2026-01-13,1485.0,1485.800048828125,1444.699951171875,1452.800048828125,13499760,1618.0,1618.0,1586.4000244140625,1599.0,8080618
2026-01-14,1444.0,1467.0,1440.199951171875,1458.800048828125,8321764,1588.0,1617.0,1583.0999755859375,1599.800048828125,7557157
2026-01-15,1458.800048828125,1458.800048828125,1458.800048828125,1458.800048828125,0,1599.800048828125,1599.800048828125,1599.800048828125,1599.800048828125,0
2026-01-16,1458.800048828125,1480.0,1455.0999755859375,1457.9000244140625,17167161,1663.699951171875,1694.0,1653.4000244140625,1689.800048828125,19335957
2026-01-19,1450.5999755859375,1450.5999755859375,1403.300048828125,1413.5999755859375,20392765,1685.0,1685.0,1666.5,1681.199951171875,5104958
2026-01-20,1410.699951171875,1416.0,1390.0,1394.0,13189498,1673.0,1680.199951171875,1652.9000244140625,1658.9000244140625,6406503
2026-01-21,1389.5,1412.9000244140625,1373.0,1404.5999755859375,17352720,1651.0,1657.0,1631.199951171875,1654.4000244140625,6224582
2026-01-22,1410.0999755859375,1419.5,1395.0,1402.5,15721693,1666.0,1671.199951171875,1653.800048828125,1663.5,6228892
2026-01-23,1401.800048828125,1407.0,1381.0,1386.0999755859375,9837802,1667.199951171875,1675.699951171875,1662.199951171875,1670.800048828125,5869137
2026-01-27,1380.0,1391.5999755859375,1368.0,1380.5,26302396,1685.800048828125,1689.4000244140625,1661.0999755859375,1682.699951171875,10673087
2026-01-28,1385.0,1409.9000244140625,1384.9000244140625,1396.699951171875,11121657,1680.0,1688.800048828125,1650.0,1666.5,8588664
2026-01-29,1402.9000244140625,1402.9000244140625,1384.0,1391.0,20846683,1658.0,1666.5,1642.0999755859375,1659.5,4749582
2026-01-30,1382.5999755859375,1398.0,1378.5,1395.4000244140625,11239835,1655.0,1655.0,1618.0999755859375,1641.0,9207926
2026-02-02,1340.0,1392.9000244140625,1335.5,1390.4000244140625,15711165,1662.0,1662.0,1618.0,1629.4000244140625,6784887
2026-02-03,1473.9000244140625,1489.5,1430.199951171875,1437.0999755859375,25456171,1727.199951171875,1728.0,1653.0,1656.0,8805868
2026-02-04,1444.0,1464.0,1440.300048828125,1456.800048828125,8333387,1574.0,1584.9000244140625,1510.0999755859375,1535.800048828125,28828622
2026-02-05,1457.0,1461.5,1439.5,1443.4000244140625,11763658,1534.0,1551.0,1515.699951171875,1520.199951171875,10628127
2026-02-06,1441.5,1452.800048828125,1433.5,1450.800048828125,8277304,1522.0999755859375,1525.0,1480.0,1507.0999755859375,13900866
