,TCS.NS,TCS.NS,TCS.NS,TCS.NS,TCS.NS,ITC.NS,ITC.NS,ITC.NS,ITC.NS,ITC.NS,SBIN.NS,SBIN.NS,SBIN.NS,SBIN.NS,SBIN.NS
,Open,High,Low,Close,Volume,Open,High,Low,Close,Volume,Open,High,Low,Close,Volume
Date,,,,,,,,,,,,,,,
2025-01-23,4028.769436842585,4051.3395327602407,4001.7529079009387,4006.972900390625,1822998,420.49287689797217,427.1144372962157,419.6228975353898,425.51947021484375,8888248,735.2367384986907,740.7755458622017,728.4725365710152,731.2174682617188,10986405
2025-01-24,3966.9068713794295,4038.4349192551795,3966.9068713794295,4013.641845703125,1910099,424.74612978757085,430.15937728937985,424.40779628749044,426.8727722167969,9665384,735.138768408009,738.8639561065576,724.4533033293378,729.501953125,10579213
2025-01-27,3964.973867046099,4017.5084152856,3906.0599315038703,3929.354736328125,1551782,426.09942801772166,430.15937095928996,421.9911643624925,425.42279052734375,10480203,725.4335984843208,740.4814201410142,721.4143281559363,734.4525146484375,11433353
2025-01-28,3934.816117007367,3964.9738425768846,3893.735817565749,3905.3349609375,2468272,425.32613404915026,427.06609279760266,420.00955737353587,420.9278869628906,20813072,742.0989667504426,744.7948348595096,730.7273288420482,737.5895385742188,14140860
2025-01-29,3918.5775340354608,3970.6287878295893,3918.5775340354608,3962.847412109375,1217089,421.4111847122362,422.90948078709505,415.7562748977468,418.89788818359375,15158510,738.1777143020389,745.8241647145189,735.0406921284334,743.5204467773438,9251973
2025-01-30,3962.943972286711,3991.941831258984,3922.927021299046,3963.0888671875,1531251,418.5595698630739,423.392821247174,417.061273733933,421.6528625488281,22496695,743.6184784127346,749.9415267817568,739.8932906386025,747.5887451171875,11085824
2025-01-31,3972.7066328908318,3990.5405047390313,3948.7833995175843,3975.0263671875,1492943,421.9428359729618,433.2526557474246,420.58953151699967,432.57598876953125,13546181,749.8435094869757,762.2444673012822,744.5497807267266,757.68603515625,10083763
2025-02-01,3975.606564509793,3997.741503018046,3920.5106310847846,3937.087646484375,437172,433.05930484973186,455.775585349662,424.8910985721678,447.1240539550781,30393007,759.548580017539,763.4208389361906,737.3444656745553,750.9218139648438,9363077
2025-02-03,3896.2488211358454,3940.8089579536745,3865.1245003058734,3932.73779296875,1265713,446.59243971426656,449.68573248191484,437.21591998094135,439.19757080078125,16991730,747.7848125737272,747.7848125737272,738.3248018604113,745.9712524414062,7862190
2025-02-04,3947.285122132378,3981.2610880254483,3930.2248097290194,3969.85498046875,2547132,442.7258148273928,444.9974488165376,433.78430000828064,439.9708557128906,18923681,751.9021360972733,765.8716347144651,750.5787338459753,763.8619995117188,12020807
2025-02-05,4011.3703550712034,4011.3703550712034,3939.8423053663196,3954.43798828125,1693912,439.97089811017986,440.64756515081626,431.60937853571323,433.204345703125,12836283,764.6462410892296,766.6068724766379,749.9415056836675,750.9708251953125,13419162
2025-02-06,3968.259986916976,4001.2209788539626,3916.2089750568643,3946.36669921875,2284536,434.99261621292146,434.99261621292146,423.5861549654903,426.3894348144531,17469129,753.8627308990996,755.6762909086074,735.2857374622155,737.4424438476562,32745391
2025-02-07,3953.374595002479,3953.374595002479,3874.113784051329,3894.798828125,1548940,425.32610601162634,430.64268233677166,414.1129573168095,416.48126220703125,18875982,744.8438308139157,744.9418982807152,717.3459883584466,722.688720703125,37240692
2025-02-10,3905.045086746592,3916.644230568612,3880.2520112210996,3902.096923828125,1339511,412.7596610777305,418.84954591665235,412.2763359476629,412.9530029296875,12227140,725.4335919181764,729.256846944206,718.963532464286,722.2965698242188,12667049
2025-02-11,3884.1667849836185,3905.045339609273,3822.8847322165034,3831.149169921875,1810908,414.49965150720004,416.19128959205887,403.5765145306136,404.3498229980469,14288751,722.9338420118377,725.5807064311172,712.2483766958933,716.7088012695312,13017060
2025-02-12,3838.446649169052,3887.404606196338,3808.5303361658844,3818.1962890625,1678002,405.6753937562897,406.3136281355489,400.2258148708563,402.48419189453125,13884574,718.7184448242188,724.1591847308209,703.0333943785369,718.7184448242188,12697743
2025-02-13,3835.4501025039126,3851.3505477933163,3771.896462322554,3779.532470703125,2277310,402.5333188714483,406.46095206462076,401.60049400188456,402.287841796875,12989029,719.9438519637431,722.9828066071801,711.8562476864424,713.3267211914062,12370571
2025-02-14,3793.886412954254,3816.1181040365336,3769.72153134308,3803.407470703125,1681975,404.30071268308313,408.6702162817502,401.01131412778494,402.8278503417969,14124236,716.5617636405941,718.4733911976853,702.1021072520733,707.9349975585938,10417539
2025-02-17,3727.674715397498,3802.585849960782,3727.3846896150562,3774.0712890625,1799806,402.3860051226291,403.95706437920165,399.39119682530554,401.2077331542969,11975265,704.8959778549706,714.4050519193028,697.5436102537428,713.375732421875,9093600
2025-02-18,3768.1750490618683,3793.3065270348457,3735.4075625604055,3743.81689453125,2149879,400.6185827614127,403.4170273840887,396.69094959708514,397.9183349609375,12998403,713.3757463206829,713.9149079885333,703.2294429330741,711.5131225585938,8562003
2025-02-19,3742.8500136623115,3745.5081505528037,3642.2757324813897,3657.693115234375,4366672,397.4764566403701,401.40408972956527,397.1818961448654,399.0475158691406,7079032,707.8369242269698,720.3849529544706,707.8369242269698,712.9835815429688,6766606
2025-02-20,3635.848185178673,3661.4629603766616,3625.988960412709,3653.150146484375,2888572,392.71423117033765,396.5927509227199,389.03207509597695,394.7762145996094,15355585,710.6308614417115,717.100921006022,709.1113242684337,715.3363647460938,7423268
2025-02-21,3649.960586134303,3689.4942392872176,3648.8972369162293,3659.52978515625,1833931,394.7761916445472,395.9544935060131,391.9777771631228,393.6470031738281,8240986,712.983563836215,717.2969766512275,705.8272715222472,707.7879028320312,6571602
2025-02-24,3618.1114451391504,3637.491729934909,3547.4050866481334,3552.818115234375,2508516,392.7633170048975,396.10179920634647,391.53593163925717,394.6289367675781,7037625,696.5142704603655,705.5821902376468,696.5142704603655,702.2981567382812,6912148
2025-02-25,3503.907852529123,3535.8054964280086,3500.283120267886,3508.305908203125,4101954,394.7271291352976,399.63667054245303,393.25426671315097,397.52557373046875,15760891,704.7979622750793,704.7979622750793,696.0241250697796,696.9064331054688,8599635
2025-02-27,3491.0523230089602,3516.473827507661,3480.419774327656,3491.8740234375,3823856,397.525552328783,399.1456949128277,392.2723373128528,394.3343505859375,19051003,701.9060466163252,703.5725952859297,687.2993186401222,690.0442504882812,12033139
2025-02-28,3465.195760859545,3479.743067268356,3341.5199398740847,3366.89306640625,7085018,391.7813927759098,395.218071659909,385.1044286446103,387.853759765625,31954776,687.1033111747046,687.5444053811439,669.1634856554016,675.241455078125,15780609
2025-03-03,3368.584339801977,3405.556606946145,3360.0298777157327,3376.365478515625,4990439,388.7865980194929,391.78140630708367,384.12253365869424,390.25946044921875,10702826,676.5648746220754,683.6721631354309,666.6146467698901,681.6134643554688,10598479
2025-03-04,3357.952083726606,3432.3799220820893,3348.576156481458,3414.06298828125,2797737,388.2465194896839,390.01397233458835,385.7426654162302,387.70648193359375,13404774,679.3587530706169,704.3077986097232,678.4764450422322,701.9550170898438,14386214
2025-03-05,3403.2370189380595,3480.081342184221,3403.2370189380595,3428.561767578125,2501894,387.3628037989018,405.2826293231856,387.3628037989018,397.721923828125,15665018,703.425482394221,716.9048225760387,702.8863207536921,715.9735107421875,10409805
2025-03-06,3438.179549305139,3488.87742658408,3417.977801534333,3481.289794921875,2786513,401.747764542559,402.28783207284374,393.3033473882626,398.3601989746094,17869996,721.5123345545368,722.2475713084986,712.6894935069948,717.6400756835938,10928847
2025-03-07,3479.743027656133,3503.9079097926337,3454.998093954285,3490.56884765625,2051315,396.2490690334906,398.50747602613745,394.432562712498,396.5927429199219,11180761,717.6400610222238,720.3849328808595,713.6697945986864,718.3262939453125,7246729
2025-03-10,3486.0259949428714,3501.1049762137254,3462.9244613654673,3469.73876953125,1004626,393.7943018882363,399.489387865199,393.1560675022779,397.6728515625,9785018,718.3263154629034,723.9631306303024,712.2973500895013,714.5521240234375,7400109
2025-03-11,3439.146261421323,3468.869068486726,3419.4759516197346,3455.868408203125,1995450,394.23615458392493,401.01131538193874,393.94159410093084,398.85113525390625,11099475,710.6308835302965,719.6007363944591,708.4741769972491,715.4833984375,5538789
2025-03-12,3445.912018992584,3450.020048748746,3370.3726956351015,3389.076171875,3174167,399.0475152195476,405.8226762942879,396.69094136295917,404.93896484375,13844306,716.2186323712558,722.4926768362947,704.8959979099689,708.8172607421875,5547762
2025-03-13,3385.3064520665353,3406.5715466921038,3367.7144664369603,3393.76416015625,1693004,405.5281006874954,406.90276622215737,400.8149531499511,404.59527587890625,8196569,711.6111983443574,717.0519385721029,710.2387324158618,713.5227661132812,5908337
2025-03-17,3372.450776071524,3412.516101378981,3361.1900359739784,3380.860107421875,2690906,405.5281132753817,408.719315135297,399.63666368784595,400.5694885253906,5257805,714.5520981665495,716.8558160007225,708.0819790039528,708.915283203125,5149563
2025-03-18,3380.860107421875,3380.860107421875,3380.860107421875,3380.860107421875,0,402.5823808619056,404.4971139277993,400.37308730839516,401.69866943359375,13861897,708.915283203125,708.915283203125,708.915283203125,708.915283203125,0
2025-03-19,3428.5135286476893,3428.5135286476893,3347.077874633433,3380.280517578125,3051244,402.5823921632704,403.31882336844717,395.3162769319527,395.75811767578125,12830387,725.0414304316936,734.5505041985215,724.551272606947,730.4331665039062,7604850
2025-03-20,3394.68252652922,3459.3960314822807,3394.68252652922,3444.123779296875,2845192,397.6728373693795,399.2929799729773,394.62891583099076,396.641845703125,16994037,733.2761159507572,737.8836115337692,729.5509283979652,734.7955932617188,6963197
2025-03-21,3358.9184009741334,3495.449976265528,3349.2524487411147,3458.574462890625,4161925,398.60567790903195,400.12762375553666,394.4325677226245,398.212890625,25302035,735.1877533491547,740.7265010195747,732.2958101375568,738.373779296875,9577327
2025-03-24,3479.7429444303652,3527.831058731868,3447.4587570622184,3507.725830078125,1834751,399.6366587789359,405.38082804931764,398.2619932184889,403.4660949707031,14362572,743.0792951283579,767.5381836299999,740.236355685803,765.4304809570312,12095064
2025-03-25,3523.2398747468987,3586.0685693582973,3516.473707634902,3535.56396484375,3135390,404.5461964506968,407.73739824308706,401.3059112323006,402.385986328125,20338110,768.4694992151382,770.52813824643,754.05884649493,757.636962890625,15190143
2025-03-26,3525.897934373459,3557.553929809202,3504.7295921250025,3514.34716796875,1734499,402.8769581468943,403.76069957751406,398.90024157095667,399.9803466796875,13891436,756.8037071028305,760.7739736513279,746.4613886162912,748.961181640625,7711852
2025-03-27,3494.0970689111577,3540.638537603521,3489.892285017066,3529.232666015625,2528474,400.6185794021223,403.2697437519979,398.3110889443362,402.0423583984375,18642328,748.765095143516,760.528883157817,745.5300654063271,757.0977783203125,15648616
2025-03-28,3529.0393930182477,3538.656968927356,3471.9135171595426,3485.6875,2051919,403.46610258111434,408.08108344123156,400.7658548357284,402.3369140625,12981873,756.9017030647627,763.2737549045355,751.9021170931981,756.3135375976562,7628185
2025-04-01,3453.354619757771,3464.2771927018816,3407.248075969345,3432.186279296875,2618493,402.38600438126315,406.90278849853894,398.2620075515041,399.2929992675781,15206240,751.7060726537488,767.3421201573958,748.1769600397238,756.5096435546875,7011125
2025-04-02,3425.6135625063594,3445.0422214056125,3412.129605979645,3425.565185546875,1764313,399.685750106513,402.5823914949175,398.7038418345742,401.6495666503906,8001323,757.0977881876627,761.7052838533914,749.2552627425828,760.6759643554688,5458436
2025-04-03,3374.3842427691143,3385.0167912281404,3282.702582798802,3289.46875,4537821,399.68573475414075,402.7787696643111,399.34209084453187,401.99322509765625,7059566,754.8430831745769,769.2537358201085,754.7940793566994,763.8619995117188,7956680
2025-04-04,3250.2733357697866,3286.085501586113,3185.414699028632,3189.184326171875,5317367,400.12763155444486,405.3317335492131,397.1819066595655,402.287841796875,18627592,763.7639032041603,767.4891505617313,749.9414763962274,752.34326171875,8231194
2025-04-07,2996.445205771086,3181.4514379526936,2953.963392712106,3164.68115234375,6623955,383.09149195819776,400.71675676567065,383.09149195819776,398.7038269042969,26762866,715.6304557983397,738.8639496862081,715.6304557983397,732.1978149414062,14923235
2025-04-08,3191.7460628104113,3237.127665022999,3146.5577324611054,3182.949951171875,5557558,404.4480082967242,408.2774445365288,399.88214085828554,405.08624267578125,18600796,745.0399507907015,758.764370936846,743.2263906334504,753.4706420898438,12911288
2025-04-09,3151.631904539679,3160.7661816290088,3104.752039154662,3138.14794921875,2990265,405.52811678460984,411.4686498505965,403.8097773067089,408.7684020996094,21785572,751.9021496759307,752.8334615673064,726.4139412123398,727.59033203125,11319387
2025-04-11,3179.663390613554,3188.7492913945475,3098.904311833949,3123.552490234375,7108961,412.40145511407445,414.8071422550909,409.4557304346882,413.92340087890625,8939356,744.0595747998677,744.7458077183372,731.3154714106737,739.0109252929688,9360327
2025-04-15,3203.683386247662,3203.683386247662,3130.415650876791,3139.69482421875,3512160,421.4350305010776,421.4350305010776,411.4195544215754,412.7942199707031,11685880,754.8430601068783,755.5292930373557,742.1969641274441,748.4710083007812,7859090
2025-04-16,3139.6947635283577,3168.596104196088,3121.136181217996,3164.439697265625,2384391,410.4376454249374,418.3419947920321,410.4376454249374,416.7709655761719,13034594,748.4710501178707,759.4996019368964,745.5301029661306,756.5586547851562,12536694
2025-04-17,3137.08483655699,3193.244114128983,3110.5034675829284,3188.700927734375,2932346,417.3110006565654,420.10944512464874,413.92340525328643,419.5202941894531,22410217,756.8037006997325,785.2328552596965,752.0491936119853,781.7527465820312,27034818
2025-04-21,3180.1953142330854,3241.9606599617177,3174.3957423905777,3210.64306640625,2432946,420.3058257121206,421.336847381582,413.87433848811077,415.1999206542969,27388236,787.1935033394458,808.1232195009724,785.6250221604275,800.6238403320312,16398507
2025-04-22,3211.6093750675464,3222.531712274605,3184.931252579041,3203.68310546875,2710498,418.24383985184426,426.9337040743589,415.88723603001415,425.75543212890625,32031936,804.986275275127,819.0537818863039,797.9769939622398,806.211669921875,25117557
2025-04-23,3252.593171873855,3306.625754540036,3225.818529364827,3298.98974609375,3543923,428.3083909152653,429.53577622856506,421.0913592799704,423.05517578125,19566317,809.740755044151,814.6423334645151,794.1537117339047,797.4378051757812,12104382
2025-04-24,3287.4874054696716,3298.5064976170884,3274.5348867157572,3287.970703125,2252175,424.0370755980093,428.16107218939527,421.53319162940176,422.2696228027344,26064089,796.7515648231008,802.8785377915959,795.1830836766543,797.3887939453125,12713521
2025-04-25,3305.7558885472554,3361.625143451318,3291.256959211522,3332.820556640625,2742991,422.2696267928269,424.87170760222523,415.6417461702055,420.0603332519531,22944377,798.9572755447768,802.8785382468371,771.508436630355,782.9291381835938,13131038
2025-04-28,3320.2548871373374,3342.2933073843687,3291.2570278610287,3328.470947265625,1593296,418.9311396302756,422.71149230249586,417.06551998951244,421.042236328125,6287095,782.9291312258807,806.6037186789465,781.7037366423766,801.260986328125,11317611
2025-04-29,3339.586779424834,3378.250591632357,3315.808440523134,3356.502197265625,1578332,421.14043560056143,421.82778335059663,417.31099948077133,418.29290771484375,11189930,803.858844621864,812.6816855994211,793.075372315961,796.5554809570312,11283059
2025-04-30,3356.0188189819924,3392.65268577439,3253.5597190937174,3338.330078125,2809332,419.6675863161336,421.5332060258665,414.3652876801437,418.0965270996094,10026546,795.5261656735474,795.5261656735474,769.0576426012298,773.1259765625,25635764
2025-05-02,3356.0185874198487,3374.867194117627,3305.7556362257724,3316.38818359375,1721761,416.42728530446215,423.69340019536935,416.42728530446215,421.7295837402344,9263372,774.7924765987593,787.5856441366993,773.4690743593894,781.0175170898438,14720184
2025-05-05,3334.753505470742,3387.4329449049897,3331.27366828836,3338.909912109375,1284443,422.4660329307672,430.56677615372786,421.5823214813549,429.0448303222656,11525305,766.606876267059,783.2722431424297,766.606876267059,774.4494018554688,23986447
2025-05-06,3344.419677734375,3356.9854164079434,3322.1879862349847,3344.419677734375,1324763,429.5848686129065,431.69596540271175,425.16628139288804,427.6701354980469,15026568,778.3216684290833,783.4193220780548,755.9214185982945,758.8623657226562,18869468
2025-05-07,3306.335750758935,3343.9362109554654,3306.335750758935,3330.017333984375,1477128,425.5590249840726,427.13008416028316,421.9259824773884,423.3497314453125,9710361,750.2356003532819,766.9990348823832,749.5003635713141,760.822998046875,15586266
2025-05-08,3332.820588313161,3360.851851961966,3314.1652518601954,3333.6904296875,2543591,421.2386332122387,423.6934038020536,415.88722134025767,422.8096923828125,19937960,763.6658883956691,771.0182557422255,748.9611537025561,753.8627319335938,14491673
2025-05-09,3285.4574957373147,3331.0807476867326,3284.5876543425793,3325.3779296875,2531757,418.24384137926455,421.38592987740896,415.34719998420627,415.8872375488281,8226512,741.6088285228935,766.312796178702,740.6285128209466,763.9110107421875,13578216
2025-05-12,3387.916425868549,3509.22413241534,3385.209911911905,3499.46142578125,2228678,421.7296134519522,428.3084110263286,420.40403125825395,427.6210632324219,8031891,783.272256608189,788.0758275471601,777.390362315762,785.8701171875,15096824
2025-05-13,3499.461570957545,3501.9748131612287,3393.232840630001,3397.58251953125,3062887,427.0318966442069,430.026734819032,417.654684739414,420.1585388183594,14976369,782.880060357833,791.7519649275839,781.5076543371932,785.9680786132812,13909596
2025-05-14,3403.3818530870167,3442.045662835236,3391.396166459135,3430.156494140625,2119499,419.3730364482981,424.0371008235316,418.1947345146855,421.33685302734375,9557309,789.8893639857823,791.6049164362635,780.6253687864404,784.9387817382812,9281719
2025-05-15,3444.945682102287,3479.7431132346333,3396.712670565691,3460.314453125,3548330,421.3368389928473,427.52284902460343,418.2929174036252,424.8226013183594,24263510,788.6149458696933,793.516524177251,778.8607930709097,791.8499755859375,17058854
2025-05-16,3473.8465567565913,3473.8465567565913,3427.6434928317944,3442.335693359375,1666727,427.03189925490824,428.3083979810754,424.2825680939457,427.81744384765625,16402035,804.0,804.0,791.0,792.0999755859375,14733924
2025-05-19,3431.413341631395,3431.413341631395,3386.659931697025,3401.255615234375,2537377,427.1300810084491,430.56675982116076,424.822590669679,427.4737548828125,7543854,792.0999755859375,801.4000244140625,792.0999755859375,795.0,10666184
2025-05-20,3413.82137266364,3439.1461226598826,3377.2840226457647,3381.4404296875,2038374,429.09390418210114,432.82514353663043,425.068074374028,427.0318908691406,9868414,798.1500244140625,799.4000244140625,783.7999877929688,785.6500244140625,11324667
2025-05-21,3390.816528025104,3418.8477935076376,3381.4406002159167,3408.02197265625,1440153,428.70116612622536,430.27222538595333,424.184381991556,425.1662902832031,5776672,787.0,791.0,779.0999755859375,787.0999755859375,8206040
2025-05-22,3378.250521774226,3380.9570357698217,3336.0103550080185,3360.851806640625,2034383,425.1662742449478,425.1662742449478,415.248994880322,418.39111328125,19451749,788.0,788.2000122070312,780.2999877929688,785.25,7355826
2025-05-23,3360.851724551366,3416.9142497236344,3349.8326329632987,3397.19580078125,1274331,426.14817819915925,431.05771942265187,421.2386369756667,428.40655517578125,18536884,787.9000244140625,794.9500122070312,786.2000122070312,790.5,5534158
2025-05-26,3403.3821442949547,3426.5804321288315,3392.846349631144,3419.1376953125,967470,430.32130894917486,435.5254109103499,428.8484465112427,434.8871765136719,13107662,792.0,797.5499877929688,789.2000122070312,794.4000244140625,4965466
2025-05-27,3414.014574749619,3421.747337093333,3366.7481593177404,3381.826904296875,2467680,434.8871621282408,436.1636608448351,423.0551795877558,426.04998779296875,26986022,794.4000244140625,801.3499755859375,790.0499877929688,793.7000122070312,11995043
2025-05-28,3402.4152283668,3411.114585484783,3376.31715701285,3380.860107421875,1222933,417.70001220703125,422.6000061035156,413.0,420.20001220703125,431851622,794.5,798.9000244140625,792.6500244140625,796.5499877929688,6873519
2025-05-29,3387.626702221486,3414.498100356932,3370.034713912086,3381.247314453125,3188072,422.0,422.79998779296875,416.6000061035156,418.75,21478547,799.0,800.4000244140625,791.3499755859375,797.3499755859375,14034127
2025-05-30,3373.417337946492,3389.5594310198626,3337.750068509547,3347.705810546875,3404365,419.1000061035156,420.04998779296875,416.3999938964844,418.04998779296875,30656239,798.0,814.5,792.5999755859375,812.2999877929688,22037314
2025-06-02,3334.7538187399196,3344.4197718377163,3304.4028204069105,3334.560546875,1877585,418.29998779296875,420.45001220703125,414.54998779296875,419.29998779296875,14973380,812.8499755859375,822.5499877929688,809.2000122070312,813.6500244140625,26891575
2025-06-03,3330.8873298742683,3357.468700034321,3286.9072447003623,3291.4501953125,2848125,419.0,421.70001220703125,415.6499938964844,416.95001220703125,13216486,816.2000122070312,818.4000244140625,805.1500244140625,809.7999877929688,14247597
2025-06-04,3304.907652247958,3310.563782597761,3286.3791053631217,3297.008544921875,2544807,417.1499938964844,419.0,415.95001220703125,417.0,12598933,817.0,817.0,805.25,806.5,9607927
2025-06-05,3324.4113841471617,3324.4113841471617,3280.235380032571,3287.451904296875,3584683,418.5,420.95001220703125,415.75,419.1000061035156,13212523,808.7000122070312,811.7000122070312,802.8499755859375,806.0,13595507
2025-06-06,3287.4520036268846,3306.7605099618336,3275.359545608902,3300.226806640625,2070390,420.29998779296875,421.29998779296875,419.0,421.04998779296875,8774988,806.6500244140625,816.4500122070312,803.0999755859375,813.0499877929688,17163935
2025-06-09,3315.634960419095,3348.791310023286,3306.760665733127,3336.991455078125,1718678,422.0,423.6000061035156,420.5,423.04998779296875,10473123,817.4000244140625,824.5,815.7000122070312,820.0499877929688,12793040
2025-06-10,3354.6424396212137,3399.3060406489903,3338.2592545088482,3376.97412109375,2419874,424.5,428.54998779296875,423.04998779296875,427.0,13041075,821.0,822.0499877929688,814.5999755859375,817.0499877929688,6560513
2025-06-11,3383.8979728571367,3402.4265208353168,3363.516665314218,3385.750732421875,2847013,428.0,428.1000061035156,424.8500061035156,426.1499938964844,20789182,817.0,820.5999755859375,813.0499877929688,815.0499877929688,7197825
2025-06-12,3385.7505745896515,3388.481144938844,3338.259030391803,3348.986083984375,4060134,427.0,427.20001220703125,419.54998779296875,421.0,18508835,816.0,816.5,801.2000122070312,805.9500122070312,13448521
2025-06-13,3309.003623498393,3364.8818717382055,3309.003623498393,3360.200927734375,2178493,415.0,419.3500061035156,413.5,413.8999938964844,17873926,786.25,796.2999877929688,786.25,792.3499755859375,11377117
2025-06-16,3354.642349665819,3421.9302340050463,3341.1847251814343,3409.54541015625,1934088,414.95001220703125,418.8999938964844,413.25,418.20001220703125,7006629,792.5,795.4000244140625,786.1500244140625,792.5,8085001
2025-06-17,3422.905437301184,3432.6573046439225,3401.5489430536663,3428.073974609375,2111940,418.1000061035156,419.04998779296875,415.70001220703125,417.3999938964844,9028406,794.0,798.8499755859375,790.5499877929688,792.2999877929688,7753156
2025-06-18,3431.7796073253016,3450.2105407013996,3357.665418209048,3365.75927734375,2696327,417.0,418.45001220703125,414.8999938964844,415.8999938964844,8036215,792.5,795.5,788.3499755859375,791.9000244140625,5710169
2025-06-19,3364.394161188714,3365.3693479021017,3328.3122527933565,3339.039306640625,2672768,415.6499938964844,418.25,414.79998779296875,416.0,12601006,792.3499755859375,793.25,781.7000122070312,785.0999755859375,11824333
2025-06-20,3340.0142809157096,3360.785804206261,3326.2640538984306,3350.44873046875,2351248,416.0,419.5,416.0,418.54998779296875,13203184,787.5,799.4500122070312,786.0999755859375,796.1500244140625,11367669
2025-06-23,3330.2626997221478,3340.014567071261,3286.3792966511382,3309.393798828125,3123421,417.0,417.5,411.75,413.8999938964844,14839890,790.0,794.9500122070312,788.5,790.2000122070312,5549253
2025-06-24,3349.376392565029,3356.690292940616,3298.081476031171,3306.27294921875,3403048,416.8999938964844,420.6499938964844,413.75,414.3500061035156,16690068,799.0,806.6500244140625,793.6500244140625,795.4000244140625,11402190
2025-06-25,3322.7537403887272,3364.3941654870573,3315.634829755361,3359.3232421875,1757699,416.3999938964844,418.1499938964844,415.1000061035156,416.3500061035156,9946718,799.5,803.7999877929688,796.0999755859375,800.0499877929688,6528324
2025-06-26,3359.3232652421043,3365.759354753242,3330.555256962972,3356.397705078125,2879106,417.20001220703125,420.8999938964844,416.25,420.29998779296875,13703918,802.0,803.3499755859375,791.4000244140625,797.0499877929688,24704402
2025-06-27,3369.2703330730474,3380.387367158931,3345.8658502962735,3355.71533203125,1778433,421.0,422.0,417.79998779296875,418.6499938964844,21409935,805.0,809.4500122070312,802.6500244140625,805.4000244140625,19375990
2025-06-30,3354.5447137321717,3378.924381810933,3344.8904604060604,3376.096435546875,1468351,419.79998779296875,420.75,415.79998779296875,416.45001220703125,12317124,809.0,821.0,807.0499877929688,820.3499755859375,19652607
2025-07-01,3369.2701724246303,3398.5257745006766,3328.7999228861,3344.597900390625,2375183,417.0,418.8500061035156,414.8999938964844,415.1000061035156,13670465,820.0,824.9000244140625,813.25,820.2999877929688,11456405
2025-07-02,3400.671024568939,3403.3039810516498,3335.1385257152824,3338.356689453125,3090585,416.8999938964844,416.8999938964844,411.70001220703125,412.95001220703125,15990899,821.0,824.0499877929688,809.0,812.9000244140625,6661200
2025-07-03,3344.8904436190446,3350.058980842342,3313.294489180619,3316.4150390625,2531870,414.0,416.0,411.25,413.3500061035156,14185298,813.5,814.5,805.7999877929688,807.0999755859375,7020403
2025-07-04,3323.4363525656718,3341.964900305915,3305.980605453995,3334.943603515625,1109320,414.8999938964844,415.0,411.75,412.54998779296875,8256733,808.75,813.8499755859375,804.0999755859375,811.8499755859375,4319538
2025-07-07,3333.481005692293,3341.0875101654565,3323.8265137554163,3327.044677734375,1639174,413.0,417.20001220703125,412.0,416.1499938964844,6845218,811.2000122070312,812.6500244140625,805.1500244140625,806.8499755859375,4461783
2025-07-08,3320.510975827842,3340.0147113686808,3309.1987139810713,3321.68115234375,2325242,416.1499938964844,418.1000061035156,414.6499938964844,417.20001220703125,6807192,807.9000244140625,813.5499877929688,805.3499755859375,812.6500244140625,5935770
2025-07-09,3325.3865128143525,3329.28725945695,3283.4534864064294,3299.836669921875,2034938,416.20001220703125,420.29998779296875,415.45001220703125,419.45001220703125,9930533,810.0,812.4500122070312,809.0,810.9500122070312,4099112
2025-07-10,3296.130925499427,3314.659472122057,3272.7264455550526,3298.081298828125,3035012,420.29998779296875,420.29998779296875,416.3999938964844,416.8500061035156,6220360,811.2999877929688,815.5,806.9000244140625,808.0,12178137
2025-07-11,3218.0184502225306,3252.247598137654,3180.1813972680684,3184.959716796875,7635550,417.0,418.04998779296875,415.5,416.79998779296875,8578844,807.5499877929688,812.5499877929688,804.5499877929688,808.6500244140625,6202372
2025-07-14,3184.9597625910983,3190.8108827918168,3120.5974403831947,3142.734130859375,3924009,417.04998779296875,419.95001220703125,416.54998779296875,419.3999938964844,6896989,809.7999877929688,815.5,808.0,808.8499755859375,6938635
2025-07-15,3126.4484195792625,3178.5232917839735,3126.4484195792625,3171.599609375,2590889,420.8999938964844,422.3999938964844,419.0,422.1000061035156,8532755,811.0,821.0,810.5,816.4500122070312,9297645
2025-07-16,3157.607249475903,3175.1222359666176,3151.344969328223,3163.576171875,2540733,422.1000061035156,425.45001220703125,420.29998779296875,424.6000061035156,9780773,816.0,834.2000122070312,815.2999877929688,831.7000122070312,16458920
2025-07-17,3154.7696780470374,3172.2846643823304,3135.199754145851,3140.18994140625,2947640,425.79998779296875,425.8999938964844,423.0,423.95001220703125,7240795,838.4000244140625,842.5,826.3499755859375,829.0,23073718
2025-07-18,3155.6502438038765,3159.3685771406017,3118.46738821797,3121.304931640625,3432645,425.20001220703125,425.20001220703125,420.1000061035156,422.75,6730256,832.0,832.6500244140625,820.25,823.3499755859375,15387801
2025-07-21,3121.4030943290218,3128.83976152069,3084.2202361520617,3090.286865234375,3844346,422.0,422.75,418.3999938964844,420.1000061035156,4822343,823.0,827.3499755859375,817.9500122070312,824.2000122070312,8852594
2025-07-22,3091.65673828125,3111.7159107005,3086.764257203384,3091.65673828125,3198036,420.1000061035156,420.3999938964844,415.20001220703125,416.0,9869507,827.5,828.0499877929688,814.0,815.0,7851163
2025-07-23,3091.6566291573,3113.5748480562365,3089.6996367952283,3110.7373046875,1922875,417.1000061035156,417.8999938964844,414.0,414.95001220703125,12196187,812.5,825.2000122070312,811.5,820.6500244140625,15470390
2025-07-24,3097.0385335433134,3105.4534578423713,3072.478182452152,3080.30615234375,2934778,415.8500061035156,415.8500061035156,409.45001220703125,409.95001220703125,9005157,820.0,821.9500122070312,810.6500244140625,815.7000122070312,10118309
2025-07-25,3072.4780444334683,3089.014534530361,3058.3877948178133,3068.368408203125,2568917,410.0,410.25,407.75,409.3999938964844,5824089,815.0,819.2000122070312,805.5,806.5499877929688,6734439
2025-07-28,3043.12328264916,3050.9512525080645,3003.885488175128,3013.08349609375,3374473,410.79998779296875,410.8500061035156,408.6000061035156,409.8999938964844,8123337,806.5499877929688,808.9500122070312,796.0,797.1500244140625,7734158
2025-07-29,2994.1984086760676,3007.8973556438664,2975.802632112602,2990.284423828125,4785312,410.0,411.3999938964844,408.0,408.45001220703125,6811772,796.2000122070312,800.0,793.0999755859375,799.2000122070312,7833759
2025-07-30,2994.1983151611034,3003.0047807939304,2981.673516260727,2987.93603515625,2880121,409.0,409.29998779296875,405.75,407.6000061035156,10915863,798.9500122070312,803.4000244140625,796.2000122070312,801.6500244140625,8743723
2025-07-31,2976.2918502873677,2994.0027271024683,2950.166049468222,2971.497314453125,2968371,405.95001220703125,414.0,405.54998779296875,411.95001220703125,19364174,795.0999755859375,803.7999877929688,792.5499877929688,796.5499877929688,11359112
2025-08-01,2964.7455243430377,2971.4972914199097,2935.488583681943,2938.424072265625,2053847,412.3999938964844,419.3500061035156,411.79998779296875,416.45001220703125,14324065,795.7000122070312,801.0,792.0,794.0,15468391
2025-08-04,2944.392964480288,3013.181055141491,2927.2692812506943,3008.28857421875,2519252,420.20001220703125,422.5,415.1000061035156,416.8500061035156,18352458,794.5,797.2000122070312,786.5499877929688,795.7000122070312,8820724
2025-08-05,3008.2886143717656,3011.322048140622,2976.5854331255146,2998.014404296875,1927996,417.20001220703125,417.95001220703125,413.0,414.1499938964844,8495104,798.0,804.0499877929688,796.2999877929688,800.5999755859375,7381537
2025-08-06,2997.1337788834585,3000.8521121202134,2960.9294204705666,2967.093994140625,1487081,414.1499938964844,415.0,410.5,412.0,9080543,800.9500122070312,810.2000122070312,799.0,805.1500244140625,7409396
2025-08-07,2951.1446440658847,2985.9792055799644,2946.154217712285,2981.47802734375,2543076,412.0,414.75,411.6499938964844,413.6000061035156,11514878,801.0999755859375,806.6500244140625,793.4000244140625,805.1500244140625,7091392
2025-08-08,2982.5543093380406,2994.002666894786,2959.9509519667536,2971.105712890625,2762140,413.8999938964844,415.3500061035156,412.95001220703125,414.5,9814361,805.0,807.7999877929688,790.0,804.2999877929688,15708181
2025-08-11,2971.105606429514,2984.3153044195046,2956.3304579380692,2975.4111328125,1884215,414.5,417.0,414.0,416.8500061035156,8514272,808.0,825.0,808.0,823.4500122070312,15236297
2025-08-12,2975.6068714078456,3029.8154640054736,2961.809979769089,2970.127197265625,3358232,417.0,419.79998779296875,415.29998779296875,416.3500061035156,13635738,824.9500122070312,825.5,820.0,820.5999755859375,7986728
2025-08-13,2970.812449963036,2978.9337774241835,2963.473728360306,2970.91015625,2148166,417.20001220703125,417.5,413.6000061035156,414.1000061035156,10874910,822.6500244140625,824.9500122070312,820.6500244140625,821.8499755859375,4447508
2025-08-14,2968.757439673081,2990.1864106721328,2954.1779420022144,2957.30908203125,3342174,414.25,415.04998779296875,411.0,411.45001220703125,9580361,822.0,828.0,819.0999755859375,826.5499877929688,7087573
2025-08-18,2980.988718063058,2983.434958599791,2938.815435653507,2946.44775390625,2945609,413.0,413.70001220703125,404.8500061035156,406.29998779296875,30950814,836.0,838.0,825.1500244140625,827.6500244140625,6138124
2025-08-19,2946.4476070609903,2959.950901928915,2946.349900778797,2951.340087890625,2650784,406.3500061035156,409.3999938964844,404.5,409.1000061035156,16681331,827.5,831.0,825.7999877929688,830.4000244140625,5076681
2025-08-20,2946.1539583708727,3036.664852119672,2946.1539583708727,3031.96826171875,4952358,409.1000061035156,410.25,405.45001220703125,406.04998779296875,18188129,828.7000122070312,831.9000244140625,827.4000244140625,828.9500122070312,4493888
2025-08-21,3062.693270119804,3062.693270119804,3016.801891436903,3035.882568359375,3230726,406.04998779296875,406.8500061035156,403.3500061035156,405.54998779296875,15028966,828.9500122070312,833.25,824.0499877929688,825.7000122070312,4402511
2025-08-22,3019.639270954844,3029.1306363096523,2984.4134077810354,2988.327392578125,1593791,406.0,406.5,397.5,398.29998779296875,13087624,824.0,826.0,815.7000122070312,816.25,5097647
2025-08-25,3020.9115315912086,3084.220191422538,3010.9309175823823,3073.0654296875,3448370,399.0,400.54998779296875,396.25,399.3500061035156,10440286,817.4500122070312,820.5,814.2000122070312,816.4500122070312,5672898
2025-08-26,3061.7145608480614,3094.0049349317896,3052.9080951888627,3089.30810546875,5522097,399.29998779296875,405.3999938964844,398.3999938964844,403.3500061035156,13715752,814.8499755859375,815.8499755859375,806.75,807.8499755859375,6997817
2025-08-28,3077.370733980466,3078.838478368692,3020.1287028396528,3027.173828125,3116051,404.5,404.5,400.0,400.8999938964844,12471719,807.25,811.0,800.6500244140625,801.9500122070312,7898436
2025-08-29,3026.4887537573413,3048.0156702082504,3011.028465982645,3018.3671875,2271789,402.0,410.45001220703125,401.8999938964844,409.75,25255050,800.7000122070312,806.7000122070312,798.5,802.5,6861440
2025-09-01,3023.5531276055535,3063.7694152474464,3023.5531276055535,3045.667236328125,1246862,409.75,410.20001220703125,405.0,405.8500061035156,12268090,803.0999755859375,808.2999877929688,802.6500244140625,806.0499877929688,5619805
2025-09-02,3053.9847239556466,3087.1556510845603,3036.371791556432,3044.591064453125,2185229,406.54998779296875,407.8500061035156,404.45001220703125,406.75,19808255,806.2999877929688,810.5,802.6500244140625,803.9000244140625,5075460
2025-09-03,3062.595272321678,3074.33722714916,3021.5963756053266,3030.89208984375,1799774,408.5,413.25,407.29998779296875,411.75,12936588,804.2999877929688,813.2999877929688,803.0,812.1500244140625,4261589
2025-09-04,3048.99413571954,3050.951128104469,3024.3360794475675,3029.130615234375,1481391,423.95001220703125,427.0,415.0,415.8999938964844,27274123,814.6500244140625,816.75,808.0,809.4000244140625,4471950
2025-09-05,3030.5006621101975,3036.664997028233,2963.47367273015,2982.75,2802055,416.8999938964844,417.0,404.3999938964844,407.3500061035156,16000675,811.5,812.5,803.6500244140625,806.5999755859375,5194842
2025-09-08,2984.413214194218,2998.9927110613953,2951.144345576971,2954.079833984375,2626187,407.45001220703125,410.54998779296875,406.79998779296875,407.54998779296875,7419022,808.0,813.8499755859375,806.7999877929688,808.7999877929688,4614227
2025-09-09,2966.898378981974,2994.19832699537,2965.62628616296,2983.826171875,2489301,408.5,410.95001220703125,407.3999938964844,410.04998779296875,8825896,812.0,812.3499755859375,805.5999755859375,808.8499755859375,4567272
2025-09-10,2990.675797260498,3055.550145422665,2987.740308555338,3043.123291015625,2079428,411.0,413.70001220703125,408.95001220703125,413.04998779296875,9252397,812.0,824.5999755859375,810.4000244140625,818.2000122070312,7285853
2025-09-11,3071.4996140027415,3071.4996140027415,3043.221168990462,3057.017822265625,2263446,413.04998779296875,416.70001220703125,412.45001220703125,415.04998779296875,8274406,819.0999755859375,825.7000122070312,819.0,823.6500244140625,7425055
2025-09-12,3076.3919302537256,3080.990814432397,3053.886518550216,3066.019775390625,1447167,415.3500061035156,417.04998779296875,412.8500061035156,413.75,7803379,824.0999755859375,825.7999877929688,819.7999877929688,823.5499877929688,5078018
2025-09-15,3066.607284819441,3066.607284819441,3029.4244268669395,3044.982421875,1732539,413.04998779296875,414.29998779296875,411.75,412.6499938964844,5707331,823.5499877929688,827.7999877929688,821.0999755859375,824.75,3852494
2025-09-16,3060.736085121159,3082.26300132086,3042.242602669502,3078.055419921875,2573429,413.20001220703125,414.3500061035156,412.0,413.1000061035156,8239087,825.0999755859375,833.0,821.6500244140625,831.5499877929688,9467531
2025-09-17,3084.2199854121977,3113.966173979194,3074.8263264485827,3104.57275390625,2418271,413.95001220703125,414.6000061035156,408.04998779296875,409.29998779296875,14113882,834.2999877929688,858.1500244140625,831.0,857.1500244140625,17243938
2025-09-18,3116.51048247651,3134.1234145595795,3093.4178759668794,3108.388916015625,2633138,411.3500061035156,413.04998779296875,410.1000061035156,411.54998779296875,15647808,858.6500244140625,860.7999877929688,851.0999755859375,854.3499755859375,10400847
2025-09-19,3101.8328935510035,3112.107103450778,3076.3919928468,3101.050048828125,4901694,411.54998779296875,412.6000061035156,408.95001220703125,410.6499938964844,19505321,852.0,864.4500122070312,849.2999877929688,862.3499755859375,15206426
2025-09-22,3028.445731768582,3040.089740964508,2999.090845838676,3007.70166015625,3634901,410.6499938964844,411.0,406.04998779296875,406.95001220703125,8930779,862.0,868.2000122070312,854.0,855.25,6594034
2025-09-23,3003.983542191669,3014.4534044791503,2986.3706093710016,2996.546875,3177741,407.1000061035156,408.1000061035156,402.1000061035156,403.20001220703125,14936357,854.5999755859375,874.25,851.2000122070312,870.5999755859375,14357863
2025-09-24,2984.4133369924134,2991.262810224855,2967.778901999341,2970.127197265625,1625714,403.20001220703125,404.6499938964844,400.70001220703125,401.0,12380865,876.0,880.5,864.4500122070312,866.2000122070312,12840160
2025-09-25,2957.015390749667,2964.4520571099356,2887.5421635017433,2893.804443359375,4974361,401.45001220703125,403.0,398.0,400.1000061035156,22006368,866.5499877929688,870.1500244140625,859.9500122070312,861.1500244140625,8678821
2025-09-26,2877.7574418213358,2891.260737711385,2829.126226471788,2836.758544921875,3934636,400.1000061035156,405.8999938964844,399.79998779296875,405.1000061035156,14414044,862.0,864.3499755859375,853.0,856.9500122070312,6959545
2025-09-29,2853.2947314486933,2866.3087778304835,2831.7678164651984,2833.82275390625,3110035,406.8999938964844,408.0,403.20001220703125,407.25,19717660,858.0499877929688,873.5,856.0,870.75,22641712
2025-09-30,2848.402439766557,2852.610021207006,2823.0594837288886,2826.288330078125,2253458,406.75,406.75,400.3999938964844,401.54998779296875,9465490,869.9500122070312,877.5999755859375,867.5999755859375,872.4500122070312,12831593
2025-10-01,2828.8326264436423,2861.9058470940704,2804.957413772581,2851.53369140625,1952902,402.3500061035156,406.0,399.75,405.6000061035156,17643039,872.2999877929688,876.4500122070312,862.7999877929688,864.0999755859375,10832384
2025-10-03,2861.1229086009284,2861.1229086009284,2828.9304789544044,2839.498046875,2899519,404.8999938964844,405.5,402.29998779296875,404.29998779296875,16987141,865.1500244140625,873.0,863.7999877929688,867.2999877929688,8019442
2025-10-06,2839.5959635916415,2929.22631078988,2833.3336834873367,2924.137939453125,2112774,403.0,403.8999938964844,399.79998779296875,400.75,13989077,868.0,875.2999877929688,862.7999877929688,874.0499877929688,7820352
2025-10-07,2930.5959216848555,2939.891634958981,2891.9453243871753,2909.75390625,3062943,402.5,402.6000061035156,399.5,399.79998779296875,12298968,874.1500244140625,877.0,863.0,864.7000122070312,9242580
2025-10-08,2911.0263039913752,2977.5640480826064,2904.176830334925,2962.103759765625,4121889,400.0,401.75,398.0,399.75,8402463,866.7999877929688,867.7999877929688,857.25,858.25,7156112
2025-10-09,2968.757519004287,3000.069397912704,2955.0585719818546,2995.86181640625,3211304,399.0,401.3999938964844,398.95001220703125,399.8999938964844,15656267,861.5999755859375,865.7999877929688,858.0999755859375,862.0999755859375,7020501
2025-10-10,2984.413250266025,3003.983173218589,2942.239970746985,2963.179931640625,8817365,400.45001220703125,403.8500061035156,399.5,402.79998779296875,15085738,862.0999755859375,883.75,861.2999877929688,880.6500244140625,13713015
2025-10-13,2961.9079637241057,2970.225181329542,2933.7272257063764,2942.53369140625,2866865,400.0,400.95001220703125,398.54998779296875,399.25,9508594,879.0,888.0999755859375,876.0,882.9500122070312,11923143
2025-10-14,2956.0370052457697,2962.1036338769445,2891.9455044700007,2896.642333984375,3611416,400.0,400.8500061035156,396.20001220703125,396.79998779296875,10291102,883.0,884.1500244140625,872.0999755859375,876.9500122070312,7681973
2025-10-15,2917.954894078994,2926.499513769408,2898.31197994854,2916.7763671875,4282226,398.0,400.8500061035156,397.25,399.8999938964844,16043867,878.0999755859375,887.5,877.0499877929688,886.0999755859375,8269225
2025-10-16,2916.87439174088,2921.883430677564,2890.553079047838,2917.66015625,3251495,401.0,406.0,399.54998779296875,405.1499938964844,22962049,888.2999877929688,891.8499755859375,882.4500122070312,886.9500122070312,8493686
2025-10-17,2916.972551528368,2935.4369375213087,2902.6331292681275,2909.311767578125,4374683,405.3500061035156,413.8500061035156,405.25,412.1499938964844,21071344,887.5,894.75,883.0,889.1500244140625,8511854
2025-10-20,2932.1958010354274,2969.0262624451843,2925.320781572273,2961.365478515625,3133039,412.54998779296875,414.8500061035156,411.29998779296875,413.04998779296875,13083621,894.5999755859375,913.6500244140625,891.0499877929688,907.5,13546463
2025-10-21,2976.981832168517,2977.669286180243,2942.508423286113,2953.017333984375,310644,413.5,413.95001220703125,412.3500061035156,412.8500061035156,1142130,908.0,910.0,906.4000244140625,907.8499755859375,1783576
2025-10-23,3000.4550745732363,3042.687339125331,2981.892616996725,3018.330078125,5564758,416.0,420.45001220703125,413.54998779296875,415.95001220703125,24305990,912.0,918.0,904.7999877929688,911.5499877929688,13382769
2025-10-24,3025.0086400055093,3034.8300966289034,3003.6961270890743,3008.508544921875,2684318,415.95001220703125,417.95001220703125,413.45001220703125,416.79998779296875,14935678,910.9500122070312,914.0999755859375,900.9500122070312,904.5,5313227
2025-10-27,3011.7496607245316,3038.9550474990237,3005.5620951218402,3029.821044921875,1946312,417.0,422.70001220703125,416.6000061035156,420.6499938964844,11603679,906.9500122070312,928.0,906.0,922.75,9150761
2025-10-28,3021.0801556355614,3035.0265765381446,2985.919291823652,3003.30322265625,3470737,420.5,421.6499938964844,415.8999938964844,417.8999938964844,17163147,927.0999755859375,935.8499755859375,917.7000122070312,930.25,22066289
2025-10-29,3003.3032409472494,3021.080174034828,2991.714113509379,3003.0087890625,2895420,418.20001220703125,422.20001220703125,416.04998779296875,421.6000061035156,11470661,933.9000244140625,942.0499877929688,930.25,939.75,12314222
2025-10-30,2994.6603471523654,3009.0978400091353,2978.6513253692647,2981.106689453125,2241536,421.6000061035156,421.70001220703125,416.1499938964844,418.75,12938674,939.4500122070312,944.9000244140625,933.0499877929688,934.3499755859375,13044473
2025-10-31,2980.8120174669925,3012.6334402910475,2971.088871543434,3003.4013671875,1868085,420.5,426.3999938964844,418.20001220703125,420.3500061035156,18599864,934.9000244140625,946.7000122070312,930.25,937.0,12078252
2025-11-03,2992.499451583931,3003.4013640895914,2956.2583734171585,2962.93701171875,2194877,419.95001220703125,421.6499938964844,413.29998779296875,413.95001220703125,7635440,938.75,953.4000244140625,937.5,949.7000122070312,11744735
2025-11-04,2965.6872390451917,2975.214004338424,2922.8655907942766,2936.81201171875,2670720,414.0,414.5,408.3500061035156,408.8999938964844,10085404,951.0,959.2999877929688,941.5,957.5999755859375,19154518
2025-11-05,2936.81201171875,2936.81201171875,2936.81201171875,2936.81201171875,0,408.8999938964844,408.8999938964844,408.8999938964844,408.8999938964844,0,957.5999755859375,957.5999755859375,957.5999755859375,957.5999755859375,0
2025-11-06,2936.7138956519902,2970.0085383136757,2936.61558517126,2957.142333984375,2542721,410.0,413.29998779296875,406.54998779296875,407.5,10095563,969.6500244140625,971.4000244140625,955.2999877929688,960.75,23088096
2025-11-07,2947.419237380036,2950.3656744717186,2907.6423366423182,2938.383544921875,1830520,406.04998779296875,409.1000061035156,403.1000061035156,404.04998779296875,8411611,958.75,964.8499755859375,944.0,955.8499755859375,13371323
2025-11-10,2939.5619693268272,2993.4816703122747,2938.579823663838,2971.18701171875,1556656,404.04998779296875,407.1000061035156,403.6499938964844,405.54998779296875,6650003,956.0,963.2000122070312,949.0999755859375,951.1500244140625,7343249
2025-11-11,2990.633609021809,3001.142519888641,2964.1156755427983,2992.597900390625,2806868,406.0,408.04998779296875,404.6000061035156,406.8500061035156,12005318,953.5999755859375,954.9500122070312,945.0499877929688,953.2999877929688,8648917
2025-11-12,3005.3656835637266,3080.4015151753365,3002.51755709654,3075.8837890625,4460315,408.0,408.1000061035156,405.54998779296875,407.0,7987236,957.7000122070312,961.5499877929688,951.4000244140625,957.1500244140625,7043323
2025-11-13,3075.8838537295965,3075.9819244274895,3046.61586484088,3050.249755859375,1740435,407.0,407.5,404.5,405.70001220703125,6617185,954.25,963.9500122070312,952.4500122070312,954.0,8894441
2025-11-14,3034.830102963518,3057.517763723578,3022.356900982103,3050.54443359375,2210794,404.70001220703125,408.75,400.1000061035156,408.1499938964844,64020258,952.9500122070312,969.0499877929688,952.0,967.8499755859375,11032927
2025-11-17,3050.544457369475,3067.7320066302495,3031.4909272444793,3046.812255859375,2232853,409.75,412.0,406.0,407.1000061035156,7855399,971.0,976.0,968.5,973.3499755859375,7415026
2025-11-18,3046.6158078736476,3049.5622448251693,3023.0443122614724,3031.98193359375,2548350,408.25,409.79998779296875,404.54998779296875,405.8500061035156,7661681,975.5999755859375,976.7000122070312,968.8499755859375,972.4500122070312,6594686
2025-11-19,3041.705020306013,3098.6694669245953,3028.4460542827223,3091.499755859375,3151053,404.8500061035156,405.54998779296875,402.79998779296875,403.54998779296875,7882450,972.4500122070312,984.4500122070312,968.7999877929688,982.75,8291226
2025-11-20,3091.794673762747,3108.0000778660146,3082.0715272134535,3088.65185546875,2700767,403.54998779296875,407.0,403.25,405.45001220703125,6693410,986.0,986.5999755859375,979.3499755859375,981.5499877929688,6440857
2025-11-21,3088.6516518716926,3113.4016740052466,3079.2229578295533,3094.34814453125,4177037,405.0,408.5,404.70001220703125,407.8500061035156,5808131,979.7000122070312,980.5999755859375,971.0499877929688,972.5999755859375,5377241
2025-11-24,3101.616062202543,3122.1428110333977,3075.0981288018247,3085.115966796875,6703764,408.3999938964844,408.79998779296875,402.8500061035156,403.54998779296875,11037491,975.5499877929688,977.7000122070312,968.0499877929688,970.5999755859375,9901946
2025-11-25,3089.142887490615,3093.562543096727,3059.3838251197944,3063.5087890625,2737920,403.54998779296875,404.5,400.1000061035156,400.79998779296875,8199785,975.5499877929688,988.9500122070312,971.3499755859375,983.5999755859375,9140201
2025-11-26,3063.115986297256,3121.2589624366606,3061.348076121797,3106.428466796875,2508527,401.0,403.95001220703125,400.95001220703125,402.29998779296875,11443953,986.5999755859375,999.0,982.1500244140625,983.9000244140625,13943490
2025-11-27,3123.223169867727,3123.223169867727,3069.205159068128,3080.59814453125,2836233,403.5,405.95001220703125,402.1000061035156,404.29998779296875,8679529,986.7000122070312,988.5499877929688,968.9000244140625,972.8499755859375,11909168
2025-11-28,3083.937297684263,3091.1070087848907,3069.205113141185,3081.48193359375,1616690,404.29998779296875,405.0,402.5,404.25,6883500,976.7999877929688,983.0,973.0499877929688,979.0,8117842
2025-12-01,3081.8747335418534,3097.687374390369,3066.4550948216056,3077.455078125,1747647,402.79998779296875,405.5,398.20001220703125,404.25,13442658,985.4500122070312,991.2000122070312,969.8499755859375,973.0999755859375,8808306
2025-12-02,3075.0980746626374,3087.8659682974553,3064.6872347092776,3079.714111328125,2512003,404.25,405.5,400.5,400.95001220703125,8093808,976.0,980.4500122070312,964.9000244140625,967.2999877929688,13444314
2025-12-03,3083.9373188138757,3154.5534946281955,3082.9551731709416,3123.22314453125,3952112,401.70001220703125,402.20001220703125,398.8500061035156,400.5,10772192,970.4500122070312,972.5499877929688,947.5499877929688,951.0499877929688,14051968
2025-12-04,3136.9731988901626,3191.9733551637537,3130.4909417024,3171.544677734375,5025905,400.1000061035156,403.54998779296875,399.04998779296875,403.04998779296875,8057989,951.0499877929688,952.5499877929688,944.4500122070312,948.0999755859375,13622724
2025-12-05,3172.330486734928,3213.187842167148,3164.866083794654,3180.384033203125,5244013,403.04998779296875,405.3500061035156,402.0,404.95001220703125,4419747,948.8499755859375,973.2999877929688,946.7000122070312,971.5,17347847
2025-12-08,3185.0983021118977,3201.6964674714213,3151.3125880977464,3178.71435546875,2544725,404.95001220703125,405.25,400.54998779296875,402.29998779296875,6056866,970.8499755859375,972.5,951.7000122070312,956.4000244140625,15386438
2025-12-09,3172.330579931189,3175.964471029267,3124.401822284255,3151.01806640625,2734893,402.0,404.5,400.0,401.04998779296875,9426717,954.7999877929688,964.0,950.4500122070312,959.3499755859375,9580294
2025-12-10,3167.41989738469,3167.41989738469,3121.357359750894,3132.259033203125,1386849,401.1000061035156,404.3999938964844,401.0,403.1499938964844,6969146,960.0999755859375,963.9500122070312,955.25,959.75,6989178
2025-12-11,3147.7768486239356,3151.1160479641035,3096.8035846478047,3134.91064453125,1914362,403.1499938964844,404.0,401.1000061035156,402.8999938964844,6980147,962.0999755859375,966.5,958.4500122070312,963.25,5979035
2025-12-12,3140.607031689688,3165.4553640739014,3128.8212841349605,3163.0,1146554,402.8999938964844,404.0,399.8500061035156,400.1000061035156,12407516,966.0,967.0,958.0,963.1500244140625,5681930
2025-12-15,3153.7680172761306,3180.384020730158,3140.2143592438706,3172.52685546875,1562190,400.1000061035156,403.3500061035156,399.5,402.29998779296875,7756564,957.25,968.8499755859375,957.25,967.25,4416952
2025-12-16,3162.509118995985,3162.509118995985,3134.1252044928165,3147.875244140625,1734623,401.3999938964844,405.75,401.04998779296875,401.70001220703125,12347384,966.0499877929688,969.0,958.0499877929688,961.1500244140625,4764786
2025-12-17,3143.3572206041695,3179.107227122374,3143.3572206041695,3160.348388671875,1376350,401.0,403.1000061035156,399.1000061035156,399.79998779296875,8087490,965.5499877929688,978.5,964.2999877929688,975.8499755859375,8013382
2025-12-18,3170.366292342023,3229.09865265339,3163.4912725011322,3222.2236328125,2307422,400.0,401.95001220703125,399.8500061035156,400.3999938964844,7227668,977.9000244140625,981.4500122070312,973.5,977.5499877929688,4926879
2025-12-19,3240.09857605464,3258.661033366418,3220.259281411304,3223.402099609375,3902511,400.25,402.6499938964844,400.25,401.04998779296875,10654835,979.9500122070312,982.0,977.0499877929688,980.2999877929688,5376584
2025-12-22,3250.9022578364156,3269.170263717588,3232.2414895890165,3265.5361328125,2632816,401.6000061035156,403.6499938964844,401.20001220703125,402.70001220703125,6847871,981.0999755859375,983.0,972.5499877929688,974.2999877929688,5959037
2025-12-23,3260.625245626059,3260.625245626059,3234.6966963938,3250.902099609375,2365420,402.5,408.8999938964844,401.79998779296875,407.3500061035156,10081997,976.2999877929688,977.5499877929688,970.7000122070312,971.9000244140625,5123287
2025-12-24,3245.107580613968,3267.696930860065,3237.2504153109776,3259.741455078125,1367708,407.95001220703125,409.5,405.6499938964844,406.6000061035156,5777430,973.2000122070312,977.2999877929688,967.5,968.9500122070312,4105643
2025-12-25,3259.741455078125,3259.741455078125,3259.741455078125,3259.741455078125,0,406.6000061035156,406.6000061035156,406.6000061035156,406.6000061035156,0,968.9500122070312,968.9500122070312,968.9500122070312,968.9500122070312,0
2025-12-26,3253.9468611908032,3260.7235702886815,3213.384197736604,3221.437744140625,1176664,406.5,407.1499938964844,403.8500061035156,404.1499938964844,3152453,968.9500122070312,971.0,964.75,966.2999877929688,3286321
2025-12-29,3221.437683809396,3229.294848891858,3184.9999848268185,3193.446533203125,2079473,404.1000061035156,404.79998779296875,401.45001220703125,402.6000061035156,6647710,966.9000244140625,968.9000244140625,961.4500122070312,965.0499877929688,5267233
2025-12-30,3191.973384551631,3209.160933545371,3181.6608551553877,3188.83056640625,2807593,403.0,403.45001220703125,400.29998779296875,400.6000061035156,12340527,963.0,976.2000122070312,959.5,973.4500122070312,15030644
2025-12-31,3182.151893056932,3188.0447669329633,3141.392848747715,3148.955322265625,3362634,401.1000061035156,403.75,400.8500061035156,403.0,9945109,975.25,985.6500244140625,973.5,982.2000122070312,5807630
2026-01-01,3157.59834501185,3176.3574233163417,3141.0982497161094,3169.77685546875,1255735,402.70001220703125,402.70001220703125,362.70001220703125,363.8500061035156,282626710,983.2000122070312,987.6500244140625,980.3499755859375,984.75,4328348
2026-01-02,3176.2591039024273,3196.196709004467,3162.017991655493,3192.660888671875,1184324,360.0,360.0,345.25,350.04998779296875,118790358,984.5,1009.5,983.9500122070312,998.9500122070312,7357435
2026-01-05,3182.642968809425,3189.026915514335,3134.026759287417,3158.6787109375,2341703,350.20001220703125,353.95001220703125,346.04998779296875,349.70001220703125,48358124,1000.0,1015.5,1000.0,1005.5499877929688,11259060
2026-01-06,3152.6876022111082,3204.9377039238207,3147.7768738587542,3197.669921875,2912325,350.25,350.70001220703125,337.75,342.45001220703125,72582738,1007.9500122070312,1024.0,1004.9500122070312,1018.9000244140625,9575742
2026-01-07,3185.0000101265678,3241.6700055592964,3165.651788913644,3236.75927734375,1989442,343.0,344.54998779296875,339.29998779296875,341.25,29440734,1022.7000122070312,1022.7000122070312,1004.0,1007.1500244140625,7896720
2026-01-08,3228.2143763788763,3228.2143763788763,3125.1873956711997,3146.6962890625,4159336,341.5,345.1499938964844,339.04998779296875,340.8999938964844,36706319,1006.5999755859375,1011.5999755859375,995.8499755859375,998.0,6854268
2026-01-09,3134.0267606372377,3172.0357492326657,3134.0267606372377,3150.52685546875,1938673,340.8999938964844,341.0,336.1000061035156,337.1499938964844,35193201,996.0,1008.0,994.0,1000.5,7809460
2026-01-12,3145.8126491306843,3193.937788002805,3117.6251157476318,3181.75927734375,2228342,338.25,339.5,335.79998779296875,338.3999938964844,16156143,1008.0,1017.25,996.0,1015.1500244140625,7617922
2026-01-13,3187.0627488471305,3221.437847833155,3153.1787227037635,3209.652099609375,5645341,339.0,339.5,333.70001220703125,334.70001220703125,24922339,1022.7999877929688,1029.5,1016.0,1028.449951171875,11016895
2026-01-14,3201.7948316366483,3201.7948316366483,3126.1696162881753,3135.5,3539511,336.0,336.0,333.45001220703125,334.75,14913422,1030.0,1030.4000244140625,1020.5,1028.3499755859375,7370514
2026-01-15,3135.5,3135.5,3135.5,3135.5,0,334.75,334.75,334.75,334.75,0,1028.3499755859375,1028.3499755859375,1028.3499755859375,1028.3499755859375,0
2026-01-16,3219.39990234375,3221.89990234375,3171.0,3206.699951171875,4293470,337.5,337.5,328.54998779296875,329.20001220703125,30526898,1032.0,1047.449951171875,1028.4000244140625,1042.300048828125,11051580
2026-01-19,3188.0,3220.0,3152.10009765625,3163.60009765625,3387562,330.0,334.6499938964844,327.29998779296875,333.20001220703125,15507440,1035.0,1043.5999755859375,1034.0,1038.4000244140625,5460164
2026-01-20,3151.60009765625,3160.0,3091.10009765625,3102.300048828125,4499273,334.04998779296875,334.5,325.5,326.29998779296875,18771011,1039.75,1052.0,1033.050048828125,1036.4000244140625,8905718
2026-01-21,3100.0,3138.5,3082.0,3122.60009765625,2015150,326.0,329.29998779296875,324.3500061035156,324.75,14177965,1032.0,1040.5999755859375,1022.0,1028.6500244140625,7408949
2026-01-22,3150.0,3160.0,3122.300048828125,3150.39990234375,2269827,326.1000061035156,328.70001220703125,321.04998779296875,324.8500061035156,18622852,1035.0,1055.5,1034.050048828125,1048.3499755859375,12001641
2026-01-23,3190.300048828125,3194.5,3152.0,3162.5,2068857,325.54998779296875,326.3999938964844,322.70001220703125,323.3999938964844,11950089,1051.9000244140625,1053.0,1025.5999755859375,1029.5,10917698
